{"type":"FeatureCollection","features":[{"type":"Feature","geometry":{"type":"Polygon","coordinates":[[[-66.626719691,-9.898101245],[-66.582333392,-9.905868796],[-66.561860612,-9.880892095],[-66.52800144,-9.887032005],[-66.500583775,-9.875359551],[-66.494805783,-9.884357974],[-66.48103348,-9.868445312],[-66.456303932,-9.879881537],[-66.435803179,-9.86601266],[-66.42489157,-9.873728026],[-66.432084237,-9.894068594],[-66.420001649,-9.898316217],[-66.404141852,-9.864224713],[-66.359611846,-9.86615117],[-66.350495045,-9.840724492],[-66.315807651,-9.831415674],[-66.286194869,-9.84471686],[-66.279718846,-9.828708466],[-66.255075707,-9.8333063],[-66.237661118,-9.814596287],[-66.203669671,-9.834622413],[-66.195910588,-9.820256727],[-66.185826717,-9.822353897],[-66.195056104,-9.806309299],[-66.15202413,-9.785617809],[-66.100194448,-9.784728774],[-66.093526666,-9.81399455],[-66.078330017,-9.796088197],[-66.087135825,-9.79003583],[-66.071109936,-9.784297165],[-66.034855344,-9.78752297],[-66.024166376,-9.812248047],[-65.999745022,-9.794407499],[-65.981219336,-9.808654182],[-65.963768144,-9.802577886],[-65.97413337,-9.797914915],[-65.972416262,-9.77548273],[-65.943194265,-9.760090803],[-65.934045259,-9.768927919],[-65.92163501,-9.752786331],[-65.90399484,-9.766839197],[-65.871361761,-9.753388552],[-65.861856501,-9.767775082],[-65.872222726,-9.788972034],[-65.860661725,-9.795137125],[-65.841443698,-9.789795089],[-65.819134745,-9.755459194],[-65.799882651,-9.75667123],[-65.813130004,-9.772413168],[-65.794525707,-9.791791764],[-65.775357878,-9.766854485],[-65.779854925,-9.741783475],[-65.771910524,-9.734295571],[-65.772658842,-9.758187818],[-65.744244385,-9.782083028],[-65.729083524,-9.759660762],[-65.684969391,-9.749008088],[-65.681467788,-9.767321101],[-65.70810664,-9.766051722],[-65.700018246,-9.788178439],[-65.710547109,-9.807319878],[-65.689688156,-9.812706731],[-65.668887473,-9.781142534],[-65.644182783,-9.794139143],[-65.649297622,-9.816224983],[-65.633963361,-9.806898368],[-65.627605292,-9.836803063],[-65.601107991,-9.824168928],[-65.596953375,-9.841910599],[-65.558028725,-9.844634918],[-65.564324611,-9.810254392],[-65.539302557,-9.801964669],[-65.531604513,-9.781203091],[-65.513524796,-9.793169976],[-65.502050906,-9.785836673],[-65.501019133,-9.729839067],[-65.48294132,-9.727594667],[-65.486580334,-9.707858028],[-65.471856105,-9.713685148],[-65.447074271,-9.697103649],[-65.446077938,-9.66905493],[-65.394937885,-9.685773182],[-65.363802329,-9.711585985],[-65.320520785,-9.814531969],[-65.286046549,-9.845490264],[-65.333545259,-9.942511928],[-65.320051133,-10.000955884],[-65.329523951,-10.053832472],[-65.300577417,-10.100908449],[-65.307025098,-10.164997844],[-65.288829137,-10.219870803],[-65.321956029,-10.29762194],[-65.391801274,-10.374437383],[-65.379081741,-10.408996573],[-65.390434102,-10.447599002],[-65.404796395,-10.464022005],[-65.423352586,-10.464319459],[-65.429747332,-10.480948482],[-65.410800895,-10.508616259],[-65.420296323,-10.534525653],[-65.397196807,-10.58334454],[-65.416468911,-10.620774458],[-65.401577384,-10.644190486],[-65.358336945,-10.657390907],[-65.346030028,-10.681571494],[-65.344743201,-10.769586884],[-65.350494687,-10.780585426],[-65.365525719,-10.780074647],[-65.366964939,-10.796256253],[-65.320390265,-10.82233426],[-65.276551253,-10.869355274],[-65.266612517,-10.921807861],[-65.283470202,-10.919040167],[-65.285829893,-10.927671782],[-65.250551869,-10.985632104],[-65.301250556,-11.032128753],[-65.280857159,-11.063583217],[-65.284357122,-11.08958118],[-65.336662532,-11.110135393],[-65.363884365,-11.142012596],[-65.349720697,-11.187890855],[-65.325621179,-11.186620542],[-65.318665968,-11.19715302],[-65.324691826,-11.211482309],[-65.348859844,-11.211345494],[-65.360698409,-11.223318255],[-65.346918412,-11.302868931],[-65.291808193,-11.324162371],[-65.297664693,-11.335079836],[-65.329276397,-11.340434009],[-65.33541108,-11.354945298],[-65.30913829,-11.493640021],[-65.298557507,-11.504433562],[-65.225003249,-11.516446637],[-65.211916824,-11.530489063],[-65.234946962,-11.574473296],[-65.217913327,-11.652088595],[-65.260636909,-11.70687325],[-65.244195938,-11.726382673],[-65.185305876,-11.756581962],[-65.173498844,-11.750973012],[-65.182973332,-11.721703505],[-65.088139235,-11.709379742],[-65.0597243,-11.790678219],[-65.070694768,-11.869109657],[-65.05994759,-11.882800606],[-65.015248007,-11.898239379],[-65.025862706,-11.941629213],[-65.042029759,-11.961672003],[-65.025751426,-11.97074482],[-65.032026175,-11.995080261],[-65.000555893,-11.99337274],[-64.975137989,-12.018729977],[-64.966056484,-12.000294723],[-64.948388921,-11.993426599],[-64.917025742,-12.028383142],[-64.882280829,-12.01334568],[-64.839586819,-12.010679253],[-64.809637031,-12.054354641],[-64.8132171,-12.070335354],[-64.842414749,-12.094595225],[-64.832609201,-12.121705328],[-64.803810097,-12.087649377],[-64.788473053,-12.085789126],[-64.759864425,-12.102297734],[-64.769109172,-12.143684793],[-64.749941314,-12.157566176],[-64.736552152,-12.138512963],[-64.738554546,-12.100083631],[-64.709195411,-12.087103359],[-64.697475396,-12.100601517],[-64.71477714,-12.126545376],[-64.717521205,-12.15397337],[-64.698028109,-12.187799371],[-64.616219077,-12.214717274],[-64.576945617,-12.214878168],[-64.552243288,-12.241946581],[-64.508193608,-12.225288459],[-64.492859321,-12.294259691],[-64.512106154,-12.351429034],[-64.460027067,-12.38715049],[-64.416211627,-12.44146322],[-64.359861588,-12.458650603],[-64.294720986,-12.457816773],[-64.298824333,-12.490793103],[-64.285778388,-12.50317756],[-64.230548812,-12.455075136],[-64.196773215,-12.472844273],[-64.172884457,-12.466513446],[-64.173381933,-12.50702541],[-64.16460707,-12.514368084],[-64.133880489,-12.476453838],[-64.122584696,-12.48615054],[-64.122580916,-12.505750342],[-64.092192416,-12.483976316],[-64.083827002,-12.50072129],[-64.059996575,-12.490956165],[-64.040161628,-12.515139533],[-64.020215502,-12.508187699],[-64.009299483,-12.517967921],[-63.99588238,-12.503237967],[-63.952972471,-12.53177109],[-63.900712889,-12.506019949],[-63.88730344,-12.447250867],[-63.833970671,-12.463429455],[-63.786303467,-12.427945031],[-63.764295946,-12.442075663],[-63.733716657,-12.438622417],[-63.622114497,-12.472877265],[-63.613976044,-12.485273569],[-63.550490896,-12.508436994],[-63.501738477,-12.567323592],[-63.435690514,-12.565305838],[-63.437302102,-12.584658028],[-63.425912683,-12.596605282],[-63.439105492,-12.607745573],[-63.409930879,-12.611082466],[-63.400947871,-12.636210213],[-63.374240859,-12.657557638],[-63.350298614,-12.656701164],[-63.295544451,-12.681856724],[-63.237995427,-12.690617167],[-63.231685007,-12.682813998],[-63.244716216,-12.66117247],[-63.196160073,-12.654473339],[-63.193024895,-12.623700187],[-63.163667052,-12.640250606],[-63.167491454,-12.621288718],[-63.15838439,-12.614135597],[-63.13954902,-12.646452656],[-63.093464554,-12.657958613],[-63.09573879,-12.683665709],[-63.061380328,-12.686539264],[-63.080542284,-12.703844943],[-63.081258057,-12.724079744],[-63.047217537,-12.740686527],[-63.021320518,-12.805438827],[-63.008517363,-12.810798306],[-63.009231512,-12.83778237],[-62.983432274,-12.844134681],[-62.97626321,-12.859878499],[-62.959433691,-12.847097935],[-62.947494091,-12.858624043],[-62.937847526,-12.842989337],[-62.921354293,-12.84086148],[-62.893711502,-12.857436879],[-62.893155862,-12.877118876],[-62.870209856,-12.910617858],[-62.843126415,-12.927121487],[-62.845847411,-12.948718027],[-62.822991451,-12.933769271],[-62.805964045,-12.940626331],[-62.806869617,-12.968102719],[-62.779097465,-13.009573507],[-62.756409083,-13.017191353],[-62.746908422,-12.998910349],[-62.729158452,-13.020766553],[-62.72515948,-13.001254919],[-62.698577306,-13.002816175],[-62.650823191,-12.96558061],[-62.652183856,-12.989335297],[-62.6314632,-12.990215645],[-62.629235938,-13.016254853],[-62.599992532,-13.015660715],[-62.614132694,-13.026238775],[-62.609153796,-13.044046562],[-62.541243695,-13.075546553],[-62.523818347,-13.065502937],[-62.502630403,-13.083162868],[-62.483047179,-13.07612196],[-62.478937192,-13.057448724],[-62.472045329,-13.078886222],[-62.454014233,-13.064791466],[-62.457457929,-13.086672474],[-62.436988986,-13.080569288],[-62.413991285,-13.128382063],[-62.399378411,-13.113386178],[-62.392043024,-13.134750393],[-62.345542281,-13.137135666],[-62.341012313,-13.149915321],[-62.330516048,-13.139981802],[-62.32142983,-13.152074244],[-62.316771183,-13.134468056],[-62.29934973,-13.150552811],[-62.287403602,-13.140564468],[-62.272184684,-13.155852982],[-62.276656972,-13.146181593],[-62.264657205,-13.153236341],[-62.245930379,-13.1451627],[-62.243399415,-13.117336398],[-62.229570165,-13.121563563],[-62.214788822,-13.111344887],[-62.190933883,-13.153829568],[-62.178207029,-13.143016568],[-62.181461741,-13.117761157],[-62.170484933,-13.113922619],[-62.150014568,-13.163224259],[-62.128711172,-13.14837782],[-62.116241423,-13.159395062],[-62.113987084,-13.260999203],[-62.084293606,-13.290307545],[-62.056957783,-13.288200303],[-62.056908712,-13.311775253],[-62.032711924,-13.333635414],[-62.013683772,-13.330460508],[-62.014179097,-13.352350533],[-62.000545715,-13.37096971],[-61.997766523,-13.363232574],[-61.971376032,-13.374248726],[-61.977318876,-13.388078637],[-61.962345165,-13.391145355],[-61.970622938,-13.406174941],[-61.947988934,-13.415386688],[-61.940377123,-13.407854645],[-61.914346636,-13.433731896],[-61.892987283,-13.430927664],[-61.88320987,-13.497299314],[-61.861150278,-13.535400361],[-61.840344218,-13.526966695],[-61.841094091,-13.548913866],[-61.821177568,-13.533817922],[-61.811258003,-13.540231476],[-61.817124027,-13.527436575],[-61.78373511,-13.536921819],[-61.776594176,-13.517757605],[-61.757347646,-13.540574716],[-61.757793864,-13.524198821],[-61.73081597,-13.526544157],[-61.734710539,-13.518623076],[-61.703044971,-13.515116732],[-61.695844481,-13.500442381],[-61.651452215,-13.518711321],[-61.645065495,-13.506815196],[-61.622821087,-13.514618132],[-61.623181709,-13.496715132],[-61.608013958,-13.511691745],[-61.57672823,-13.488622611],[-61.572430437,-13.518572487],[-61.469923941,-13.555250238],[-61.40500797,-13.539699234],[-61.389788639,-13.519769052],[-61.350515522,-13.521157357],[-61.336367806,-13.505569685],[-61.306231018,-13.503097945],[-61.296311103,-13.477825418],[-61.280369828,-13.505629467],[-61.248344054,-13.496274094],[-61.233532948,-13.525023277],[-61.194288202,-13.536448619],[-61.182811677,-13.527658675],[-61.184068668,-13.507896528],[-61.156730302,-13.517117547],[-61.146954276,-13.531962933],[-61.138455533,-13.512357203],[-61.139619417,-13.528984233],[-61.125956712,-13.519901493],[-61.10617944,-13.531663446],[-61.094674666,-13.492215677],[-61.060372854,-13.511850772],[-61.035509857,-13.501024548],[-61.050978559,-13.495386011],[-61.046984445,-13.48467824],[-61.014924399,-13.487536159],[-60.988334897,-13.500324186],[-61.009008689,-13.506404305],[-60.997701352,-13.527604298],[-61.012420781,-13.528182858],[-61.005622679,-13.550280539],[-60.972144122,-13.536967578],[-60.951037492,-13.551884052],[-60.923036714,-13.540856383],[-60.920756453,-13.568945728],[-60.875230885,-13.621406679],[-60.828589894,-13.629501047],[-60.810066638,-13.655274648],[-60.774149583,-13.661253718],[-60.769538493,-13.684205318],[-60.709314888,-13.693003364],[-60.716806493,-13.682216384],[-60.69701032,-13.666500975],[-60.686037861,-13.625227428],[-60.641174203,-13.596540145],[-60.632199153,-13.57170365],[-60.577650758,-13.565227738],[-60.533057248,-13.536249401],[-60.531665628,-13.518089866],[-60.510948555,-13.503596619],[-60.432002088,-13.488435581],[-60.411529893,-13.461658267],[-60.384032849,-13.449229196],[-60.364971277,-13.299942732],[-60.35181412,-13.291730126],[-60.351805255,-13.273005877],[-60.339031359,-13.272334299],[-60.325639536,-13.253263041],[-60.3284506,-13.230286573],[-60.303836829,-13.178369777],[-60.26850521,-13.144971058],[-60.280621698,-13.135615516],[-60.282991589,-13.080552332],[-60.267615835,-13.077284551],[-60.241331409,-13.038457504],[-60.215292186,-13.026980685],[-60.189277619,-12.971142959],[-60.139794623,-12.970206304],[-60.117165277,-12.95955562],[-60.10514097,-12.919466115],[-60.081282623,-12.88930495],[-60.082817567,-12.852636001],[-60.065638511,-12.810704764],[-60.068130773,-12.788624411],[-60.058705876,-12.786211044],[-60.075058297,-12.733232727],[-60.055730343,-12.703617629],[-60.065845757,-12.693822822],[-60.064964011,-12.670820194],[-60.045798311,-12.661508588],[-60.04537852,-12.641710552],[-60.003320538,-12.592337221],[-59.981573925,-12.592138477],[-59.972731679,-12.609940138],[-59.92943894,-12.579617207],[-59.896053693,-12.536444559],[-59.898178368,-12.501642864],[-59.844160029,-12.467172923],[-59.842548685,-12.424848974],[-59.819255875,-12.37874818],[-59.792941266,-12.345781875],[-59.774357431,-12.340955865],[-59.892331012,-12.245453923],[-59.910810663,-12.186456647],[-59.900162224,-12.170876694],[-59.899803838,-12.117222675],[-59.979358366,-12.029549762],[-59.966583076,-12.00716246],[-59.979581275,-11.991286788],[-59.970382691,-11.989020101],[-59.971358075,-11.969945604],[-59.986991425,-11.960089761],[-59.98579721,-11.912080102],[-60.012079482,-11.893040509],[-60.060522706,-11.895001201],[-60.076634454,-11.885289304],[-60.083326655,-11.858489235],[-60.096248642,-11.858847448],[-60.101136041,-11.835409146],[-60.108775597,-11.839579221],[-60.095666573,-11.818222813],[-60.104667135,-11.802857799],[-60.095830364,-11.799789135],[-60.108498366,-11.793118618],[-60.101088449,-11.780621065],[-60.109155959,-11.780554844],[-60.102999484,-11.772513754],[-60.121661791,-11.712103812],[-60.114138392,-11.587493063],[-60.094440912,-11.585882143],[-60.101609539,-11.577360417],[-60.087219573,-11.56812723],[-60.09078008,-11.554878931],[-60.086692461,-11.560944675],[-60.057469482,-11.542095962],[-60.02672407,-11.505675284],[-60.03123826,-11.493172505],[-60.01980559,-11.497023186],[-59.985407708,-11.469340939],[-59.976241256,-11.4392225],[-59.952351969,-11.436422443],[-59.925909178,-11.415480888],[-59.91719306,-11.338434586],[-59.927773815,-11.310434611],[-59.959467905,-11.29473393],[-59.982027556,-11.233500382],[-59.98112963,-11.203761894],[-59.964025744,-11.189115053],[-59.997771089,-11.151359657],[-59.979942167,-11.139802966],[-59.983900821,-11.116275723],[-59.995345926,-11.125174657],[-60.015747969,-11.116284146],[-60.026241969,-11.130733718],[-60.037442263,-11.117354834],[-60.066713462,-11.125509068],[-60.084246115,-11.096844515],[-60.096190925,-11.110788057],[-60.159272895,-11.095653599],[-60.203357671,-11.113456355],[-60.238851521,-11.094942376],[-60.270999558,-11.098693274],[-60.280833447,-11.091530482],[-60.282358375,-11.064017156],[-60.301247968,-11.057152116],[-60.334546242,-11.08288949],[-60.34844037,-11.074042656],[-60.347970664,-11.109036265],[-60.391554085,-11.093792629],[-60.414386306,-11.067470521],[-60.414110949,-11.043485065],[-60.446596568,-11.042153406],[-60.437938025,-11.016685103],[-60.460050132,-10.98985622],[-61.550257873,-10.986094651],[-61.530087297,-10.979019521],[-61.519520868,-10.949698373],[-61.514305453,-10.907387335],[-61.524303904,-10.904748537],[-61.526803797,-10.884581077],[-61.523009984,-10.845799759],[-61.509996613,-10.836827917],[-61.503421801,-10.808445195],[-61.510896453,-10.793680679],[-61.497792148,-10.782119618],[-61.488914291,-10.799076532],[-61.473833537,-10.797512711],[-61.488400325,-10.73647666],[-61.47239369,-10.714973037],[-61.499393512,-10.6986176],[-61.481710928,-10.669142547],[-61.478957516,-10.643043615],[-61.489594014,-10.629803299],[-61.476236271,-10.607663415],[-61.479960892,-10.569153698],[-61.46632182,-10.541211257],[-61.479069756,-10.529871986],[-61.480815659,-10.487748315],[-61.461792837,-10.419904593],[-61.476170355,-10.418432692],[-61.47150285,-10.405142018],[-61.497054403,-10.389581665],[-61.501721553,-10.353776537],[-61.516164529,-10.334436319],[-61.533737074,-10.331883732],[-61.55279792,-10.30823231],[-61.544087186,-10.300994502],[-61.57792602,-10.235312363],[-61.572971069,-10.207438989],[-61.55171847,-10.197776273],[-61.560643769,-10.173386105],[-61.601874928,-10.15437933],[-61.578710182,-10.079244373],[-61.584374879,-10.059609312],[-61.555873473,-10.038951439],[-61.531202059,-9.989850276],[-61.528295144,-9.968589239],[-61.53942733,-9.964098474],[-61.523342919,-9.948485563],[-61.524981761,-9.906575716],[-61.508419502,-9.888800876],[-61.516279449,-9.827922014],[-61.532114712,-9.81975851],[-61.524913361,-9.79573035],[-61.547355982,-9.787541494],[-61.531501251,-9.739911929],[-61.574637304,-9.717793257],[-61.553050186,-9.707192087],[-61.532429306,-9.711776508],[-61.50527197,-9.69138186],[-61.506882792,-9.661955937],[-61.494071715,-9.659381035],[-61.476807367,-9.628723014],[-61.503032634,-9.615345016],[-61.495198286,-9.578758169],[-61.510371388,-9.565091115],[-61.513442486,-9.528531411],[-61.527124596,-9.533265984],[-61.549565367,-9.515217055],[-61.525812621,-9.501797122],[-61.578642928,-9.471611969],[-61.572485918,-9.463608381],[-61.581718746,-9.45912653],[-61.550608831,-9.417748126],[-61.561495912,-9.400552336],[-61.552704076,-9.387421893],[-61.612247493,-9.355934122],[-61.625928102,-9.363011717],[-61.611992459,-9.280701637],[-61.626303133,-9.284084201],[-61.633345949,-9.270584324],[-61.628343418,-9.257096966],[-61.599616936,-9.256035094],[-61.576980212,-9.237525328],[-61.526207009,-9.245847439],[-61.519631648,-9.19519773],[-61.555381903,-9.131496924],[-61.55575496,-9.09240257],[-61.511061946,-8.976193068],[-61.468504952,-8.917367919],[-61.511504527,-8.863640606],[-61.523588041,-8.818596637],[-61.583134785,-8.798689054],[-61.606027786,-8.794713978],[-61.629552716,-8.752956182],[-61.630554879,-8.721958424],[-61.673581155,-8.7050168],[-61.705361689,-8.707526401],[-61.713274163,-8.68785275],[-61.741854006,-8.69519286],[-61.744386769,-8.717409483],[-61.774605628,-8.748228935],[-61.806246306,-8.747781842],[-61.836500815,-8.7327226],[-61.843301328,-8.77940906],[-61.861024851,-8.803615531],[-61.859748621,-8.852973304],[-61.90300074,-8.862892191],[-61.913974579,-8.877341202],[-61.985221897,-8.878606299],[-61.997028935,-8.840739015],[-62.021333245,-8.823597894],[-62.031061033,-8.799710095],[-62.074301938,-8.798570208],[-62.098002887,-8.808921429],[-62.124971743,-8.801671149],[-62.155030903,-8.739642283],[-62.148801831,-8.71830885],[-62.171772659,-8.69507493],[-62.165087008,-8.679393773],[-62.200530607,-8.644292753],[-62.176642469,-8.636919739],[-62.188388436,-8.59055874],[-62.228604534,-8.590568369],[-62.268888514,-8.575758584],[-62.293282881,-8.595991049],[-62.281304101,-8.638589902],[-62.341084011,-8.602828762],[-62.325804699,-8.563707376],[-62.337358699,-8.516638881],[-62.366051171,-8.493561709],[-62.359971224,-8.40699764],[-62.370549548,-8.384659411],[-62.432247822,-8.372028088],[-62.46547461,-8.339739968],[-62.526135973,-8.383054486],[-62.539556976,-8.358109527],[-62.551526811,-8.358194691],[-62.561919019,-8.284006698],[-62.600057499,-8.272238711],[-62.649945987,-8.237026241],[-62.659888465,-8.199633649],[-62.682999021,-8.18056549],[-62.673027713,-8.145310566],[-62.692280135,-8.092908287],[-62.743972495,-8.045286065],[-62.809996533,-8.025339639],[-62.832833306,-7.994371602],[-62.866616572,-7.975868297],[-63.621249136,-7.976531748],[-63.621778957,-8.029610779],[-63.667000305,-8.081603308],[-63.669897688,-8.121743168],[-63.69342107,-8.158348705],[-63.747034449,-8.198583164],[-63.722761448,-8.249498972],[-63.746562368,-8.270169189],[-63.773508277,-8.320732753],[-63.791231292,-8.333215252],[-63.825338599,-8.306152615],[-63.870759371,-8.288819632],[-63.894926694,-8.302028743],[-63.91083585,-8.328524756],[-63.944122521,-8.331187685],[-63.945373165,-8.387826056],[-63.97789539,-8.420132889],[-63.943950938,-8.435269358],[-63.940838421,-8.452264024],[-63.974504591,-8.487238143],[-63.943788053,-8.526604377],[-63.945620407,-8.550498022],[-63.923171407,-8.559293491],[-63.924568701,-8.575525416],[-63.945953872,-8.609485278],[-63.972540253,-8.582452548],[-63.986209735,-8.585633907],[-63.991094803,-8.617413827],[-64.004841924,-8.62591092],[-64.035482103,-8.693557651],[-64.027869248,-8.71566624],[-64.067396231,-8.710725316],[-64.094767091,-8.728363522],[-64.130868358,-8.722160195],[-64.144762267,-8.776447266],[-64.129458964,-8.805162653],[-64.158203293,-8.843167531],[-64.141766938,-8.945050738],[-64.149452204,-8.958937181],[-64.175013853,-8.960571363],[-64.233205133,-8.992308051],[-64.31131847,-8.996470827],[-64.326072028,-8.979832071],[-64.309568758,-8.93449294],[-64.32339963,-8.928860605],[-64.446574045,-8.976870516],[-64.550123934,-8.978270931],[-64.611073982,-9.016451836],[-64.641538045,-9.006646015],[-64.671376178,-9.014796232],[-64.68335068,-8.993616902],[-64.699267095,-8.988262014],[-64.753569714,-9.020748163],[-64.791627084,-8.986402827],[-64.839324228,-8.994111393],[-64.870566335,-9.012193606],[-64.894099108,-9.043701796],[-64.917266763,-9.04314107],[-64.915680139,-9.074614322],[-64.939929795,-9.124565833],[-64.91968282,-9.220280296],[-64.93607792,-9.255811217],[-64.962879509,-9.29277664],[-64.986182857,-9.291930968],[-65.000515342,-9.304613819],[-65.012707155,-9.328677477],[-65.005846678,-9.343529412],[-65.039308346,-9.35958134],[-65.035680215,-9.37481676],[-65.053545969,-9.402142252],[-65.092291568,-9.409386744],[-65.097849986,-9.432515837],[-65.142880582,-9.446812339],[-65.185463152,-9.427031654],[-65.173543881,-9.385448498],[-65.196158224,-9.375262931],[-65.188324589,-9.34485252],[-65.208956461,-9.309643319],[-65.208025193,-9.285633187],[-65.24666143,-9.257663552],[-65.284182822,-9.270268259],[-65.35124113,-9.323109293],[-65.377513392,-9.32442607],[-65.385210903,-9.338031102],[-65.416796411,-9.319536338],[-65.447018418,-9.316376362],[-65.446129827,-9.37068822],[-65.456600169,-9.401208696],[-65.434715838,-9.466332981],[-65.456657828,-9.470519445],[-65.46788033,-9.459291336],[-65.476966385,-9.472663568],[-65.492801208,-9.473663809],[-65.503163251,-9.469975437],[-65.506550211,-9.44769798],[-65.59677551,-9.413865156],[-65.641633827,-9.433467441],[-65.649884273,-9.447271343],[-65.679435214,-9.451392893],[-65.680997618,-9.500407452],[-65.696080867,-9.507671338],[-65.72354807,-9.559056561],[-65.750326704,-9.553623095],[-65.756548587,-9.568955195],[-65.770714363,-9.565356098],[-65.791521963,-9.585644437],[-65.818026596,-9.562255929],[-65.825077095,-9.530091249],[-65.848248483,-9.532324251],[-65.846607692,-9.516411311],[-65.880908083,-9.487464912],[-65.912634419,-9.483750288],[-65.931880539,-9.447594409],[-65.970300624,-9.413160124],[-66.026634084,-9.400841689],[-66.059739585,-9.418217551],[-66.123890846,-9.408779355],[-66.173632784,-9.434418657],[-66.243414672,-9.429387107],[-66.26780403,-9.409763416],[-66.290439434,-9.412494713],[-66.28418582,-9.432163645],[-66.307497461,-9.436845269],[-66.318916196,-9.419963642],[-66.34161044,-9.427016689],[-66.35330627,-9.416619488],[-66.374776449,-9.426366145],[-66.408858419,-9.406946622],[-66.414721912,-9.421948823],[-66.390052259,-9.455629729],[-66.392414335,-9.500480147],[-66.494916751,-9.601583183],[-66.50061336,-9.633564155],[-66.586306579,-9.673558866],[-66.609448678,-9.664898503],[-66.684945329,-9.714645622],[-66.691802992,-9.733889929],[-66.725389722,-9.756072473],[-66.775363617,-9.753091304],[-66.780579196,-9.791393268],[-66.810253112,-9.818045875],[-66.626719691,-9.898101245]]]},"properties":{"CD_UF":11,"NM_UF":"Rondônia","SIGLA_UF":"RO","NM_REGIAO":"Norte","color":"red"}},{"type":"Feature","geometry":{"type":"Polygon","coordinates":[[[-73.801558115,-7.111824379],[-73.759377778,-7.174152775],[-73.753306499,-7.20103085],[-73.713809207,-7.233858615],[-73.715701244,-7.267216657],[-73.699809224,-7.303908717],[-73.718205555,-7.32882777],[-73.75538916,-7.346499812],[-73.763895906,-7.347469695],[-73.765948236,-7.331430367],[-73.794119443,-7.343799998],[-73.829592465,-7.336531148],[-73.85225933,-7.346900452],[-73.876498571,-7.382271253],[-73.909510122,-7.377689365],[-73.93089528,-7.351916866],[-73.94222158,-7.361960362],[-73.950785071,-7.34708129],[-73.963449825,-7.347253431],[-73.967142423,-7.359805688],[-73.919313761,-7.465291866],[-73.947511862,-7.526228249],[-73.98761186,-7.531264163],[-73.98333936,-7.566191943],[-73.968340015,-7.567347295],[-73.932283537,-7.608024749],[-73.888307798,-7.6312638],[-73.872944437,-7.671113891],[-73.844118419,-7.675733029],[-73.821672749,-7.717497208],[-73.740038426,-7.733708108],[-73.683809885,-7.776054932],[-73.68712777,-7.854030551],[-73.713007373,-7.875463432],[-73.767205548,-7.860905553],[-73.752649597,-7.891935325],[-73.772005306,-7.901985149],[-73.731256731,-7.968007863],[-73.697611207,-7.96019629],[-73.675969443,-8.007805562],[-73.645945032,-8.003015662],[-73.62689446,-8.021488292],[-73.633402774,-8.05676388],[-73.593950738,-8.097404418],[-73.585337136,-8.122821707],[-73.595249994,-8.20657778],[-73.577783951,-8.210598686],[-73.536402162,-8.269881796],[-73.540117631,-8.295012039],[-73.529672998,-8.312148571],[-73.536951375,-8.345482304],[-73.506502505,-8.377281542],[-73.485895561,-8.378090241],[-73.482004569,-8.39175635],[-73.433519443,-8.412100002],[-73.412371245,-8.410600854],[-73.394447218,-8.467280549],[-73.335367908,-8.467147829],[-73.327982609,-8.517078317],[-73.341448329,-8.615736738],[-73.314562419,-8.61516736],[-73.290285683,-8.661656023],[-73.247847218,-8.687341666],[-73.216364668,-8.678953649],[-73.155367789,-8.707719206],[-73.140589661,-8.727144543],[-73.138213882,-8.759574994],[-73.111613225,-8.79193895],[-73.108981045,-8.822683442],[-73.077982879,-8.842852631],[-73.056223826,-8.906902238],[-72.994807353,-8.919846353],[-72.97059164,-8.974877056],[-72.936312846,-8.989488227],[-72.956919759,-9.010669334],[-72.940150314,-9.069015962],[-72.952677663,-9.128569033],[-72.964365847,-9.146982571],[-73.016367614,-9.176563657],[-72.995058749,-9.194318171],[-73.026033961,-9.229134901],[-73.044947159,-9.236866345],[-73.056200493,-9.225296404],[-73.086588898,-9.244483329],[-73.111452337,-9.279421234],[-73.100778824,-9.304198588],[-73.139308324,-9.321799995],[-73.156679172,-9.35089622],[-73.187951956,-9.361221685],[-73.193536615,-9.392810203],[-73.211897214,-9.41166945],[-72.716261484,-9.411494322],[-72.711389378,-9.429177451],[-72.699161544,-9.427831527],[-72.694872142,-9.438329885],[-72.682753537,-9.431923779],[-72.655718814,-9.450950601],[-72.627033514,-9.441738593],[-72.618683448,-9.452601113],[-72.575030613,-9.45517075],[-72.560392946,-9.472467408],[-72.53751975,-9.468171259],[-72.517472622,-9.491095241],[-72.500458783,-9.480112051],[-72.45564188,-9.488746082],[-72.441360294,-9.476067115],[-72.426773373,-9.484967467],[-72.408152311,-9.476606389],[-72.386048594,-9.492149171],[-72.356874862,-9.494133681],[-72.318622722,-9.543283737],[-72.301592549,-9.533510104],[-72.283173908,-9.540315244],[-72.28873687,-9.602484161],[-72.268578819,-9.619657133],[-72.253580394,-9.616298259],[-72.260233736,-9.644807518],[-72.246363657,-9.658364314],[-72.268673009,-9.749355695],[-72.150982239,-9.798927441],[-72.165477996,-9.828030706],[-72.140674838,-9.87751389],[-72.174091413,-9.921591738],[-72.155704577,-9.96364677],[-72.180675483,-9.984783056],[-72.180452773,-9.999999996],[-71.377416674,-9.999999995],[-71.348455995,-9.973112702],[-71.307959272,-9.991996306],[-71.25912369,-9.978092644],[-71.246649676,-9.962046132],[-71.210845036,-9.966390065],[-71.163009024,-9.875320927],[-71.129870628,-9.852515484],[-71.103031479,-9.852141868],[-71.050528864,-9.815948914],[-70.993378627,-9.816979593],[-70.991630793,-9.789235086],[-70.963441496,-9.748599774],[-70.924471476,-9.741233912],[-70.86885677,-9.664338502],[-70.839106309,-9.656379833],[-70.836263474,-9.642354494],[-70.792762539,-9.637145689],[-70.786587187,-9.61349237],[-70.756630661,-9.602873917],[-70.750257779,-9.559530488],[-70.729634814,-9.569146547],[-70.714297811,-9.545745139],[-70.66427584,-9.517901623],[-70.662093122,-9.52476524],[-70.652424845,-9.499322977],[-70.635860858,-9.499702913],[-70.636940131,-9.485646581],[-70.621753222,-9.469330493],[-70.615409805,-9.475156212],[-70.611355117,-9.456053836],[-70.595299268,-9.457785894],[-70.595407953,-9.441525992],[-70.58744202,-9.445845636],[-70.561440601,-9.428207716],[-70.549203358,-9.433949023],[-70.544664141,-9.426081808],[-70.537633402,-9.436744983],[-70.525818492,-9.42675075],[-70.525418948,-9.436192689],[-70.495185924,-9.424001005],[-70.495102698,-9.439578151],[-70.511343639,-9.447149116],[-70.50511591,-9.463808729],[-70.522906556,-9.458793295],[-70.504326722,-9.504018994],[-70.512856397,-9.491765165],[-70.531056865,-9.515021957],[-70.543754487,-9.512922857],[-70.541222424,-9.536948708],[-70.570047803,-9.532437562],[-70.553814345,-9.57059001],[-70.587716108,-9.566602053],[-70.590101824,-9.547918826],[-70.60014627,-9.561490286],[-70.585699955,-9.573857333],[-70.598016279,-9.606612128],[-70.584469637,-9.639940689],[-70.5664329,-9.666954188],[-70.542251082,-9.679525555],[-70.524244565,-9.713991415],[-70.535805516,-9.765328569],[-70.559282859,-9.78906967],[-70.577946895,-9.777352612],[-70.590681391,-9.803000544],[-70.608340738,-9.801228363],[-70.623640546,-9.820392456],[-70.621006622,-10.999641142],[-70.529436158,-10.931075006],[-70.451749257,-10.996785818],[-70.436747704,-11.038214764],[-70.307527525,-11.069377596],[-70.26401298,-11.050332538],[-70.199759977,-11.053284162],[-70.17692315,-11.038941673],[-70.158782283,-11.040786626],[-70.116377923,-11.005246678],[-70.10737972,-11.007803347],[-70.10713974,-10.993528999],[-70.09856786,-10.998444804],[-70.081312729,-10.984246698],[-70.066511015,-10.992519488],[-70.036874553,-10.970479363],[-70.027354968,-10.97731258],[-69.998295431,-10.962527522],[-69.995460393,-10.950223257],[-69.984906003,-10.953792038],[-69.982225942,-10.941382037],[-69.97451206,-10.947386808],[-69.933255925,-10.920595517],[-69.920849492,-10.931676361],[-69.900075701,-10.91886073],[-69.858347496,-10.932899529],[-69.851368403,-10.922878694],[-69.831849047,-10.932418702],[-69.812135218,-10.92425593],[-69.77030833,-10.928510258],[-69.773427092,-10.938284983],[-69.759344404,-10.939294747],[-69.739891478,-10.973438464],[-69.723422613,-10.964087036],[-69.713295578,-10.974352148],[-69.659807421,-10.951945525],[-69.611639822,-10.955838647],[-69.610371327,-10.945437301],[-69.586168323,-10.948111979],[-69.585871678,-10.93982952],[-69.545174227,-10.952615272],[-69.539718712,-10.937156465],[-69.50078386,-10.936749313],[-69.478255838,-10.953562618],[-69.477211969,-10.944410823],[-69.454603407,-10.949374097],[-69.451283992,-10.935740078],[-69.428300955,-10.937103158],[-69.417623111,-10.925278341],[-69.41399833,-10.93740972],[-69.40414186,-10.927643502],[-69.394900204,-10.94332873],[-69.387049112,-10.933116023],[-69.376123033,-10.953262263],[-69.373571496,-10.938896155],[-69.356688167,-10.94397557],[-69.355120867,-10.935345387],[-69.343079369,-10.95139747],[-69.33739004,-10.940118803],[-69.32792794,-10.948623707],[-69.324693721,-10.935248824],[-69.304174756,-10.947083593],[-69.282556512,-10.942488422],[-69.274121726,-10.953475261],[-69.271101579,-10.940777602],[-69.251491833,-10.938525521],[-69.25725102,-10.945692405],[-69.240892842,-10.950608553],[-69.232992659,-10.938748828],[-69.21545608,-10.956417073],[-69.18583914,-10.947517571],[-69.164472035,-10.964689752],[-69.153144557,-10.954681347],[-69.154231231,-10.963599793],[-69.143700289,-10.962744333],[-69.148903553,-10.970748059],[-69.121769631,-10.965909433],[-69.120165319,-10.979888375],[-69.112401984,-10.970424693],[-69.102534291,-10.979946978],[-69.086510012,-10.96879016],[-69.078408841,-10.974190688],[-69.073418294,-10.965220778],[-69.062733211,-10.983687074],[-69.038898278,-10.976023827],[-69.001241087,-11.007973418],[-68.984129478,-11.00815349],[-68.987294397,-10.997624754],[-68.970196553,-10.986940424],[-68.95241693,-10.98839623],[-68.946935728,-11.011051375],[-68.932391994,-11.003842284],[-68.909881079,-11.020884539],[-68.895908613,-11.004518956],[-68.879497878,-11.021210463],[-68.88398693,-11.009295383],[-68.860313978,-11.016070997],[-68.848760959,-10.99158691],[-68.841107719,-11.000976263],[-68.82639595,-10.995276196],[-68.827269476,-11.005973774],[-68.792359369,-10.988539388],[-68.78843942,-11.013547906],[-68.779993893,-10.997265003],[-68.770125384,-11.005739632],[-68.757456542,-11.000148947],[-68.762456671,-11.018199662],[-68.747805977,-11.009645662],[-68.765285163,-11.065862595],[-68.746297214,-11.094361583],[-68.720938512,-11.103373948],[-68.716119596,-11.145561467],[-68.542971395,-11.111355478],[-68.539869905,-11.096751591],[-68.519359733,-11.088089256],[-68.487186098,-11.050875333],[-68.444256509,-11.045912541],[-68.432526975,-11.031757017],[-68.398128964,-11.052069356],[-68.384684411,-11.018141127],[-68.35218461,-11.004362683],[-68.331040939,-11.012595593],[-68.30720811,-10.991932991],[-68.276713011,-10.988333297],[-68.238150912,-10.956830182],[-68.196397641,-10.859267211],[-68.182097504,-10.856207282],[-68.103397252,-10.775501308],[-68.096699199,-10.748644763],[-68.10552947,-10.71450368],[-68.076227878,-10.683840016],[-68.030818332,-10.664733956],[-68.032828692,-10.655344648],[-68.002020581,-10.647972136],[-67.976303638,-10.662515804],[-67.960767873,-10.649176266],[-67.928609379,-10.655661914],[-67.909449575,-10.641623996],[-67.863972691,-10.640322296],[-67.757939844,-10.685265963],[-67.735299468,-10.712342076],[-67.708154977,-10.708047901],[-67.674993556,-10.602010217],[-67.65948591,-10.615097444],[-67.64043222,-10.598751194],[-67.579035547,-10.50339651],[-67.547368211,-10.489227991],[-67.519387792,-10.49073542],[-67.503521304,-10.470911138],[-67.435728463,-10.44679036],[-67.430526439,-10.42917173],[-67.413355038,-10.425505823],[-67.423505565,-10.392816449],[-67.407285947,-10.37327821],[-67.367767555,-10.376340015],[-67.35124435,-10.392288566],[-67.344272829,-10.375657433],[-67.311629753,-10.3765082],[-67.327435824,-10.334048047],[-67.314867679,-10.31783868],[-67.278693331,-10.320526393],[-67.265619797,-10.332841841],[-67.224014082,-10.314814215],[-67.178185427,-10.339460113],[-67.128638766,-10.315781799],[-67.140451479,-10.307687934],[-67.12731338,-10.291029444],[-67.09817447,-10.281818985],[-67.079320392,-10.288931297],[-67.048346752,-10.275365902],[-67.049642524,-10.265884998],[-67.015511458,-10.257430617],[-67.00609669,-10.231130234],[-66.988198212,-10.221353125],[-66.999544441,-10.217607535],[-66.996817605,-10.199543726],[-66.97491184,-10.196129623],[-66.974538931,-10.184895904],[-66.954534457,-10.1898091],[-66.936210757,-10.147075371],[-66.911430518,-10.147143056],[-66.917936234,-10.130088705],[-66.896550001,-10.1219055],[-66.898238616,-10.110551895],[-66.888926469,-10.114249943],[-66.887246735,-10.098865893],[-66.884424273,-10.107524543],[-66.879555003,-10.096236707],[-66.872838727,-10.100804204],[-66.874723384,-10.081557152],[-66.838150827,-10.082939931],[-66.83567914,-10.060804936],[-66.807937749,-10.048747962],[-66.790504608,-10.021252017],[-66.771870066,-10.020266395],[-66.764471126,-9.998387603],[-66.741563553,-9.995389319],[-66.718771509,-9.97302113],[-66.676373053,-9.966921597],[-66.663487849,-9.93692474],[-66.65081944,-9.934734224],[-66.637724875,-9.949390446],[-66.625972328,-9.93231464],[-66.63589336,-9.926397885],[-66.626719691,-9.898101245],[-66.810253112,-9.818045875],[-67.325817221,-9.592381468],[-67.516881999,-9.56090666],[-68.647186432,-9.049416565],[-69.379959092,-8.421523407],[-70.054979349,-7.845149146],[-71.378467305,-7.692683925],[-72.584765622,-7.552004229],[-73.801558115,-7.111824379]]]},"properties":{"CD_UF":12,"NM_UF":"Acre","SIGLA_UF":"AC","NM_REGIAO":"Norte","color":"red"}},{"type":"Feature","geometry":{"type":"Polygon","coordinates":[[[-63.372089104,2.21186165],[-63.395247161,2.199630819],[-63.393855911,2.156838468],[-63.421081848,2.131319043],[-63.444137198,2.125161087],[-63.46663572,2.140985607],[-63.492466145,2.115465632],[-63.509409393,2.11356081],[-63.536359699,2.13101033],[-63.561906418,2.132358738],[-63.617461854,2.106555196],[-63.638052848,2.069273935],[-63.662193349,2.065465472],[-63.668021009,2.016882799],[-63.69219393,2.023204852],[-63.703300473,2.04626868],[-63.739136522,2.016308142],[-63.740519263,1.999662387],[-63.760241869,2.004086884],[-63.784969602,1.981548278],[-63.823857198,1.991028892],[-63.837185404,1.965148959],[-63.898579026,1.992436535],[-63.922746279,1.982924186],[-63.975523778,1.991305873],[-63.99552455,1.979897371],[-64.019138081,1.951297888],[-64.061915593,1.930737302],[-64.071078465,1.852396812],[-64.056084745,1.841008695],[-64.055251925,1.825450385],[-64.078026909,1.759041614],[-64.065242282,1.739870415],[-64.072195104,1.725758716],[-64.06135575,1.701612658],[-64.095244959,1.617106777],[-64.126080375,1.577651098],[-64.144137361,1.582434995],[-64.173854216,1.571021051],[-64.194968388,1.524877993],[-64.215521773,1.508494536],[-64.247467815,1.50820513],[-64.267470469,1.484675407],[-64.30219527,1.468284491],[-64.326085106,1.435980163],[-64.326084078,1.401880756],[-64.342747448,1.384324452],[-64.33802213,1.363523484],[-64.359414771,1.389921849],[-64.399972918,1.394872298],[-64.378861339,1.463534762],[-64.348857804,1.502083595],[-64.351362463,1.51827274],[-64.397467369,1.526836236],[-64.438585468,1.471818497],[-64.453577306,1.480219526],[-64.500524706,1.442654415],[-64.5280297,1.444083964],[-64.530524121,1.42599377],[-64.553306603,1.416843795],[-64.582746344,1.375493241],[-64.576082104,1.35406409],[-64.59079998,1.337413589],[-64.634971001,1.320201782],[-64.660249405,1.291336272],[-64.684695148,1.28381394],[-64.701914215,1.291308845],[-64.729139451,1.234589781],[-64.746641757,1.225445011],[-64.763861143,1.23076952],[-64.793582273,1.269360496],[-64.789141605,1.285732115],[-64.803309406,1.310500663],[-64.8230301,1.27847487],[-64.825113735,1.295111585],[-64.861638664,1.269313268],[-64.852752886,1.263532414],[-64.868580345,1.231871267],[-64.886638064,1.231859676],[-64.898308148,1.252648083],[-64.93524707,1.211298812],[-64.960806605,1.230179156],[-64.969693392,1.217151643],[-64.960803718,1.189669276],[-65.022248985,1.11494091],[-65.061337511,1.111749365],[-65.0712481,1.153423814],[-65.088165767,1.145996582],[-65.103085829,1.15665641],[-65.122500163,1.135122207],[-65.155057566,1.124972806],[-65.154028052,1.056353599],[-65.169473886,1.018461621],[-65.14727722,1.009346009],[-65.182477725,0.922441441],[-65.207477213,0.906874335],[-65.208867816,0.928752317],[-65.263587598,0.919586865],[-65.269970851,0.943269458],[-65.329140082,0.931567474],[-65.356366176,0.884634424],[-65.351919221,0.872974192],[-65.37358194,0.864645575],[-65.398026128,0.821331688],[-65.413031487,0.815717589],[-65.396645572,0.790507936],[-65.395534937,0.758237847],[-65.397470619,0.749920751],[-65.413862168,0.755154239],[-65.423586721,0.707964459],[-65.452757025,0.685441645],[-65.480250107,0.686873898],[-65.530533095,0.667956723],[-65.540531391,0.648789984],[-65.591367423,0.721610997],[-65.573586127,0.764372013],[-65.548583716,0.774599328],[-65.540807272,0.805154263],[-65.531085613,0.805160138],[-65.527754918,0.833271915],[-65.500254526,0.842417367],[-65.505254934,0.86853793],[-65.493647847,0.882102262],[-65.512253316,0.885253267],[-65.508361469,0.915535015],[-65.536391192,0.948053735],[-65.530865919,0.956101867],[-65.541920345,0.975524304],[-65.558057744,0.975875545],[-65.557778141,0.993319234],[-65.57222213,0.984994182],[-65.58555828,1.008934581],[-65.627194122,1.009261209],[-65.624973748,0.989019027],[-65.652754519,1.011771208],[-65.678584665,0.988795325],[-65.695529301,1.00405379],[-65.739420896,0.999590808],[-65.77414663,0.959075349],[-65.879721042,0.932694649],[-65.881557646,0.901608531],[-65.901147641,0.883613104],[-65.925393235,0.891272077],[-65.936584924,0.882138104],[-65.933331937,0.862535596],[-65.96442682,0.809474877],[-66.017260306,0.800040453],[-66.037977408,0.812038474],[-66.070055773,0.805058397],[-66.076282216,0.76828435],[-66.088529998,0.759060569],[-66.114504145,0.763377746],[-66.121147368,0.75208077],[-66.151087642,0.744472036],[-66.188144308,0.778680606],[-66.21297293,0.780647844],[-66.318451105,0.755095381],[-66.316479517,0.736142055],[-66.31852013,0.755042159],[-66.856933123,1.230206253],[-67.088160239,1.166896708],[-67.088828476,1.324980353],[-67.072331047,1.442604125],[-67.081522744,1.638176918],[-67.099547695,1.681740758],[-67.097381573,1.73260091],[-67.157050066,1.848844118],[-67.243949883,1.858185266],[-67.286760796,1.888599834],[-67.326088471,2.029713906],[-67.343486935,2.20547987],[-67.389260807,2.244011146],[-67.430991726,2.241616016],[-67.448178681,2.208103269],[-67.540107335,2.155886762],[-67.558022588,2.106089437],[-67.586356469,2.08549127],[-67.619831544,2.023673187],[-67.670644183,2.02001166],[-67.768975419,2.039317523],[-67.859706746,1.920171484],[-67.882619869,1.902800077],[-67.91298689,1.897818817],[-67.906872135,1.866118146],[-67.941294835,1.830730921],[-67.973579483,1.832750086],[-68.043440384,1.899689693],[-68.087526473,1.901313261],[-68.140694741,1.984782391],[-68.182918205,1.978795959],[-68.243255893,1.926746368],[-68.266902612,1.827336293],[-68.233674993,1.829914521],[-68.244954235,1.794903459],[-68.236590711,1.772522331],[-68.187726654,1.78466049],[-68.169532565,1.770664172],[-68.179171619,1.753634458],[-68.159559023,1.750017809],[-68.156812667,1.731635295],[-69.178616231,1.733442781],[-69.393243137,1.724073628],[-69.393518983,1.734626928],[-69.426162318,1.756864076],[-69.474423925,1.768720747],[-69.486898057,1.762157436],[-69.487558233,1.772272138],[-69.495197919,1.766788712],[-69.552344865,1.791746628],[-69.62890992,1.750653823],[-69.636467048,1.736775581],[-69.645611504,1.743537233],[-69.681804817,1.735708845],[-69.683195487,1.747089757],[-69.711115941,1.749456129],[-69.741697476,1.744425842],[-69.777904453,1.723411098],[-69.785767772,1.704919879],[-69.821848064,1.705064878],[-69.842545441,1.72077485],[-69.844376639,1.085379327],[-69.812218382,1.069151148],[-69.766168268,1.113205075],[-69.710585298,1.126509165],[-69.706232353,1.082163869],[-69.684760979,1.076476937],[-69.606906949,1.105172981],[-69.566470678,1.08074688],[-69.447971298,1.08373202],[-69.437398871,1.080624146],[-69.435399411,1.057557694],[-69.416508693,1.052352262],[-69.379551515,1.095324257],[-69.361255057,1.088144907],[-69.32157832,1.095694884],[-69.306521011,1.071145918],[-69.265355974,1.064360858],[-69.205865549,1.010085575],[-69.203588696,0.999616501],[-69.220563208,0.985001149],[-69.163392516,0.945966733],[-69.190639832,0.932585296],[-69.185109787,0.902800261],[-69.135828867,0.877185973],[-69.142250555,0.852314453],[-69.166112587,0.851853609],[-69.14502139,0.783029915],[-69.152415482,0.76529203],[-69.18733484,0.749242102],[-69.186191754,0.733179804],[-69.14455206,0.702501438],[-69.115158964,0.649841941],[-69.116804686,0.635480356],[-69.1567518,0.651232907],[-69.193221441,0.651525283],[-69.203694555,0.605349949],[-69.298259368,0.603386296],[-69.286097431,0.61957182],[-69.287569625,0.646445797],[-69.301738387,0.649226829],[-69.325263397,0.632740143],[-69.340575346,0.639292517],[-69.359046818,0.611841405],[-69.437137843,0.694357385],[-69.437584745,0.709713666],[-69.481474673,0.735607384],[-69.527873829,0.707621797],[-69.534064919,0.683587197],[-69.566483756,0.684054662],[-69.60679414,0.629206955],[-69.634604687,0.636389179],[-69.656378989,0.666039444],[-69.679800146,0.670573192],[-69.691774082,0.653391397],[-69.718031396,0.64301041],[-69.725227835,0.616860013],[-69.750230046,0.622077563],[-69.809427645,0.5722032],[-69.831598047,0.590016668],[-69.887322607,0.574930464],[-69.914826939,0.585272546],[-69.942385847,0.554295509],[-69.971362044,0.570875456],[-69.999087172,0.570182027],[-69.995168961,0.547704744],[-70.015983568,0.53925651],[-70.026454688,0.557946734],[-70.043565538,0.558828136],[-70.041406647,-0.113954987],[-70.057433213,-0.186776512],[-69.997161129,-0.234771255],[-69.923159488,-0.331514855],[-69.89251916,-0.349175871],[-69.84488464,-0.345796461],[-69.823548222,-0.381010686],[-69.775328166,-0.40028045],[-69.733272873,-0.446198927],[-69.644995516,-0.48301999],[-69.643768493,-0.499663721],[-69.61546859,-0.506303108],[-69.614692375,-0.540342005],[-69.593213964,-0.567685956],[-69.604965067,-0.600001655],[-69.564299069,-0.639808696],[-69.626378491,-0.749749255],[-69.616579847,-0.750541612],[-69.619907679,-0.759189363],[-69.583882012,-0.801654723],[-69.563105476,-0.812293018],[-69.573719323,-0.842215504],[-69.53852042,-0.861984471],[-69.523268506,-0.886275159],[-69.523547319,-0.929736342],[-69.463576543,-0.967340957],[-69.464159542,-0.984228018],[-69.450129472,-0.998287055],[-69.4216603,-1.000433294],[-69.443405971,-1.036603129],[-69.424325499,-1.049477272],[-69.425074616,-1.083627329],[-69.39570948,-1.13260118],[-69.413241897,-1.157722962],[-69.43126532,-1.233045583],[-69.411188933,-1.281765148],[-69.399989887,-1.370726537],[-69.429653932,-1.387320369],[-69.435329013,-1.457894011],[-69.457497172,-1.493475669],[-69.453323149,-1.531455447],[-69.71230187,-3.000609711],[-69.935166628,-4.216471203],[-69.951244053,-4.227073021],[-69.963807429,-4.300646843],[-69.980946265,-4.327426423],[-70.032778914,-4.355167516],[-70.050171347,-4.334621068],[-70.079306859,-4.324974471],[-70.071446898,-4.296845092],[-70.097666461,-4.296617031],[-70.107861777,-4.264456376],[-70.119553647,-4.290353818],[-70.158252256,-4.284446302],[-70.168139098,-4.314763827],[-70.152391769,-4.3355861],[-70.199086382,-4.366416268],[-70.216554352,-4.319094235],[-70.266833135,-4.312022746],[-70.272753524,-4.30105909],[-70.250309247,-4.287109724],[-70.255614715,-4.277683716],[-70.286668089,-4.295303826],[-70.298352517,-4.290746709],[-70.289592324,-4.282314791],[-70.315916148,-4.259504456],[-70.284893132,-4.233844044],[-70.292362754,-4.176519022],[-70.326031791,-4.146294352],[-70.340809268,-4.186832526],[-70.375835359,-4.14182541],[-70.439503737,-4.134143557],[-70.443614301,-4.165299604],[-70.460697765,-4.162860928],[-70.473310627,-4.177373736],[-70.487725513,-4.161881911],[-70.503450134,-4.197135764],[-70.521553359,-4.190887081],[-70.509476833,-4.163554816],[-70.520950967,-4.142680522],[-70.549335611,-4.137185448],[-70.546200082,-4.150103876],[-70.565280805,-4.169094549],[-70.62494704,-4.192793787],[-70.638889344,-4.166265862],[-70.623949991,-4.131772175],[-70.65349935,-4.127195032],[-70.655779222,-4.166981994],[-70.67528355,-4.145015998],[-70.681033835,-4.19979178],[-70.729947194,-4.184443737],[-70.759007485,-4.159971871],[-70.791504951,-4.186119591],[-70.808172655,-4.183531966],[-70.825673956,-4.202993813],[-70.830201966,-4.218927859],[-70.820283593,-4.232267472],[-70.832891802,-4.250236294],[-70.868666612,-4.250603412],[-70.849892495,-4.278653849],[-70.87947392,-4.292581068],[-70.880064824,-4.322761892],[-70.908838661,-4.333239475],[-70.915501368,-4.354032479],[-70.937221186,-4.363734005],[-70.943207871,-4.386114945],[-70.973174199,-4.375699896],[-70.996810886,-4.345209668],[-70.988477107,-4.369692941],[-70.995700339,-4.384503878],[-71.024034364,-4.384871469],[-71.043284488,-4.401001266],[-71.048143969,-4.375002944],[-71.079563413,-4.396303018],[-71.07973209,-4.379825522],[-71.100536195,-4.377391412],[-71.117670707,-4.410539435],[-71.153813109,-4.383127669],[-71.150368661,-4.39990256],[-71.160341366,-4.406133642],[-71.167255396,-4.390580613],[-71.18484136,-4.3926988],[-71.201422159,-4.426059434],[-71.207117777,-4.379858147],[-71.217147133,-4.380023145],[-71.220782733,-4.405589221],[-71.230558761,-4.407785114],[-71.228922669,-4.387739002],[-71.278112456,-4.388040401],[-71.266594279,-4.428734071],[-71.286061849,-4.442994459],[-71.310310818,-4.417716496],[-71.323971081,-4.421654868],[-71.303261896,-4.451714249],[-71.314646158,-4.458573803],[-71.31998256,-4.444544037],[-71.34548064,-4.444759992],[-71.353951521,-4.427977682],[-71.396284668,-4.432671259],[-71.417838869,-4.466234854],[-71.430867489,-4.466664207],[-71.459985513,-4.439454356],[-71.481418148,-4.443129088],[-71.489339103,-4.459967929],[-71.509476037,-4.44834832],[-71.494868578,-4.487411776],[-71.537564087,-4.467376453],[-71.541953339,-4.484334168],[-71.554508785,-4.481080692],[-71.569647915,-4.507279151],[-71.606453437,-4.534430034],[-71.634202172,-4.51918434],[-71.615786971,-4.486804174],[-71.619396436,-4.470250023],[-71.626983694,-4.491341147],[-71.653953452,-4.508253559],[-71.654934035,-4.495563277],[-71.671202901,-4.509749318],[-71.690066407,-4.502088469],[-71.714952433,-4.512260926],[-71.739537076,-4.497453871],[-71.748564503,-4.472583122],[-71.761233563,-4.503594877],[-71.772394354,-4.505046913],[-71.777036745,-4.487554845],[-71.838912468,-4.505312102],[-71.868230381,-4.526812575],[-71.882901533,-4.516178325],[-71.88543082,-4.533823339],[-71.904055472,-4.528221516],[-71.902567932,-4.543914711],[-71.927001011,-4.545135369],[-71.923228228,-4.56257677],[-71.946198599,-4.575778608],[-71.945461803,-4.604906997],[-71.976788872,-4.608115315],[-72.005901119,-4.641679222],[-72.039332626,-4.623241941],[-72.045315536,-4.651761842],[-72.062622841,-4.653477081],[-72.082147166,-4.672725267],[-72.076879404,-4.679540759],[-72.127142501,-4.723347647],[-72.141236913,-4.713723302],[-72.161457271,-4.736480978],[-72.192916275,-4.746657764],[-72.192455195,-4.762008385],[-72.206178874,-4.751230748],[-72.231457877,-4.776846205],[-72.24723411,-4.780944537],[-72.254178882,-4.765448959],[-72.271622587,-4.79592225],[-72.280233476,-4.798704697],[-72.277652764,-4.783772126],[-72.320682479,-4.777857679],[-72.324122563,-4.796861428],[-72.371654575,-4.807365561],[-72.385687927,-4.872277337],[-72.427113365,-4.881134998],[-72.419792451,-4.897817198],[-72.433213471,-4.911339974],[-72.464153127,-4.896431815],[-72.458126483,-4.925564713],[-72.476737213,-4.929430127],[-72.481679729,-4.953582547],[-72.490681059,-4.93693479],[-72.498126275,-4.953934085],[-72.521874592,-4.936971349],[-72.528060737,-4.958168138],[-72.547679527,-4.958507422],[-72.569624845,-4.981479429],[-72.606674712,-4.99557991],[-72.611095935,-5.037238911],[-72.629516567,-5.052023193],[-72.639737726,-5.058076105],[-72.641485786,-5.050138826],[-72.65265047,-5.063701415],[-72.678487241,-5.054890272],[-72.692121853,-5.064608755],[-72.707540244,-5.052898475],[-72.734291654,-5.064116687],[-72.739265981,-5.09150085],[-72.753676403,-5.082774558],[-72.782766944,-5.112525865],[-72.814577734,-5.109738433],[-72.816014927,-5.138491699],[-72.843515266,-5.149974158],[-72.856265788,-5.143549676],[-72.885067187,-5.166817486],[-72.863854055,-5.217136921],[-72.871680622,-5.253178101],[-72.864296775,-5.273277514],[-72.956909123,-5.465407836],[-72.963765823,-5.498104756],[-72.951051028,-5.584337915],[-72.966380654,-5.593206847],[-72.974486973,-5.624067998],[-72.961775677,-5.654578585],[-72.986266993,-5.662308181],[-72.98499987,-5.694303722],[-73.020601945,-5.739514878],[-73.042519404,-5.74902337],[-73.055488515,-5.789110158],[-73.095656401,-5.813324213],[-73.093522109,-5.821707188],[-73.117050469,-5.828599321],[-73.114658091,-5.853751081],[-73.156963723,-5.869416173],[-73.187849089,-5.938787653],[-73.189022228,-5.999236062],[-73.210211707,-6.005039235],[-73.237468639,-6.032191044],[-73.231776928,-6.073571815],[-73.250796711,-6.104917624],[-73.250247629,-6.144940396],[-73.220526126,-6.178534462],[-73.219217161,-6.221695801],[-73.165489651,-6.274207979],[-73.161044149,-6.318084389],[-73.158268221,-6.327264188],[-73.151080325,-6.321704089],[-73.133520059,-6.387364031],[-73.108865591,-6.410031279],[-73.138416139,-6.497976417],[-73.159353682,-6.524710384],[-73.172659071,-6.518252041],[-73.184212631,-6.527574027],[-73.182525856,-6.540021699],[-73.198265869,-6.544494076],[-73.212963972,-6.577838571],[-73.222053141,-6.56476598],[-73.247157549,-6.584254465],[-73.331803033,-6.599937055],[-73.354491378,-6.594915871],[-73.379215105,-6.61728746],[-73.380691406,-6.635022775],[-73.516416113,-6.677349934],[-73.559774786,-6.720952754],[-73.584554222,-6.724721465],[-73.642805795,-6.762149042],[-73.666781171,-6.806447607],[-73.707196063,-6.839650769],[-73.72144501,-6.889087339],[-73.752891639,-6.933072893],[-73.726782385,-7.022523278],[-73.801558115,-7.111824379],[-72.584765622,-7.552004229],[-71.378467305,-7.692683925],[-70.054979349,-7.845149146],[-69.379959092,-8.421523407],[-68.647186432,-9.049416565],[-67.516881999,-9.56090666],[-67.325817221,-9.592381468],[-66.810253112,-9.818045875],[-66.780579196,-9.791393268],[-66.775363617,-9.753091304],[-66.725389722,-9.756072473],[-66.691802992,-9.733889929],[-66.684945329,-9.714645622],[-66.609448678,-9.664898503],[-66.586306579,-9.673558866],[-66.50061336,-9.633564155],[-66.494916751,-9.601583183],[-66.392414335,-9.500480147],[-66.390052259,-9.455629729],[-66.414721912,-9.421948823],[-66.408858419,-9.406946622],[-66.374776449,-9.426366145],[-66.35330627,-9.416619488],[-66.34161044,-9.427016689],[-66.318916196,-9.419963642],[-66.307497461,-9.436845269],[-66.28418582,-9.432163645],[-66.290439434,-9.412494713],[-66.26780403,-9.409763416],[-66.243414672,-9.429387107],[-66.173632784,-9.434418657],[-66.123890846,-9.408779355],[-66.059739585,-9.418217551],[-66.026634084,-9.400841689],[-65.970300624,-9.413160124],[-65.931880539,-9.447594409],[-65.912634419,-9.483750288],[-65.880908083,-9.487464912],[-65.846607692,-9.516411311],[-65.848248483,-9.532324251],[-65.825077095,-9.530091249],[-65.818026596,-9.562255929],[-65.791521963,-9.585644437],[-65.770714363,-9.565356098],[-65.756548587,-9.568955195],[-65.750326704,-9.553623095],[-65.72354807,-9.559056561],[-65.696080867,-9.507671338],[-65.680997618,-9.500407452],[-65.679435214,-9.451392893],[-65.649884273,-9.447271343],[-65.641633827,-9.433467441],[-65.59677551,-9.413865156],[-65.506550211,-9.44769798],[-65.503163251,-9.469975437],[-65.492801208,-9.473663809],[-65.476966385,-9.472663568],[-65.46788033,-9.459291336],[-65.456657828,-9.470519445],[-65.434715838,-9.466332981],[-65.456600169,-9.401208696],[-65.446129827,-9.37068822],[-65.447018418,-9.316376362],[-65.416796411,-9.319536338],[-65.385210903,-9.338031102],[-65.377513392,-9.32442607],[-65.35124113,-9.323109293],[-65.284182822,-9.270268259],[-65.24666143,-9.257663552],[-65.208025193,-9.285633187],[-65.208956461,-9.309643319],[-65.188324589,-9.34485252],[-65.196158224,-9.375262931],[-65.173543881,-9.385448498],[-65.185463152,-9.427031654],[-65.142880582,-9.446812339],[-65.097849986,-9.432515837],[-65.092291568,-9.409386744],[-65.053545969,-9.402142252],[-65.035680215,-9.37481676],[-65.039308346,-9.35958134],[-65.005846678,-9.343529412],[-65.012707155,-9.328677477],[-65.000515342,-9.304613819],[-64.986182857,-9.291930968],[-64.962879509,-9.29277664],[-64.93607792,-9.255811217],[-64.91968282,-9.220280296],[-64.939929795,-9.124565833],[-64.915680139,-9.074614322],[-64.917266763,-9.04314107],[-64.894099108,-9.043701796],[-64.870566335,-9.012193606],[-64.839324228,-8.994111393],[-64.791627084,-8.986402827],[-64.753569714,-9.020748163],[-64.699267095,-8.988262014],[-64.68335068,-8.993616902],[-64.671376178,-9.014796232],[-64.641538045,-9.006646015],[-64.611073982,-9.016451836],[-64.550123934,-8.978270931],[-64.446574045,-8.976870516],[-64.32339963,-8.928860605],[-64.309568758,-8.93449294],[-64.326072028,-8.979832071],[-64.31131847,-8.996470827],[-64.233205133,-8.992308051],[-64.175013853,-8.960571363],[-64.149452204,-8.958937181],[-64.141766938,-8.945050738],[-64.158203293,-8.843167531],[-64.129458964,-8.805162653],[-64.144762267,-8.776447266],[-64.130868358,-8.722160195],[-64.094767091,-8.728363522],[-64.067396231,-8.710725316],[-64.027869248,-8.71566624],[-64.035482103,-8.693557651],[-64.004841924,-8.62591092],[-63.991094803,-8.617413827],[-63.986209735,-8.585633907],[-63.972540253,-8.582452548],[-63.945953872,-8.609485278],[-63.924568701,-8.575525416],[-63.923171407,-8.559293491],[-63.945620407,-8.550498022],[-63.943788053,-8.526604377],[-63.974504591,-8.487238143],[-63.940838421,-8.452264024],[-63.943950938,-8.435269358],[-63.97789539,-8.420132889],[-63.945373165,-8.387826056],[-63.944122521,-8.331187685],[-63.91083585,-8.328524756],[-63.894926694,-8.302028743],[-63.870759371,-8.288819632],[-63.825338599,-8.306152615],[-63.791231292,-8.333215252],[-63.773508277,-8.320732753],[-63.746562368,-8.270169189],[-63.722761448,-8.249498972],[-63.747034449,-8.198583164],[-63.69342107,-8.158348705],[-63.669897688,-8.121743168],[-63.667000305,-8.081603308],[-63.621778957,-8.029610779],[-63.621249136,-7.976531748],[-62.866616572,-7.975868297],[-62.832833306,-7.994371602],[-62.809996533,-8.025339639],[-62.743972495,-8.045286065],[-62.692280135,-8.092908287],[-62.673027713,-8.145310566],[-62.682999021,-8.18056549],[-62.659888465,-8.199633649],[-62.649945987,-8.237026241],[-62.600057499,-8.272238711],[-62.561919019,-8.284006698],[-62.551526811,-8.358194691],[-62.539556976,-8.358109527],[-62.526135973,-8.383054486],[-62.46547461,-8.339739968],[-62.432247822,-8.372028088],[-62.370549548,-8.384659411],[-62.359971224,-8.40699764],[-62.366051171,-8.493561709],[-62.337358699,-8.516638881],[-62.325804699,-8.563707376],[-62.341084011,-8.602828762],[-62.281304101,-8.638589902],[-62.293282881,-8.595991049],[-62.268888514,-8.575758584],[-62.228604534,-8.590568369],[-62.188388436,-8.59055874],[-62.176642469,-8.636919739],[-62.200530607,-8.644292753],[-62.165087008,-8.679393773],[-62.171772659,-8.69507493],[-62.148801831,-8.71830885],[-62.155030903,-8.739642283],[-62.124971743,-8.801671149],[-62.098002887,-8.808921429],[-62.074301938,-8.798570208],[-62.031061033,-8.799710095],[-62.021333245,-8.823597894],[-61.997028935,-8.840739015],[-61.985221897,-8.878606299],[-61.913974579,-8.877341202],[-61.90300074,-8.862892191],[-61.859748621,-8.852973304],[-61.861024851,-8.803615531],[-61.843301328,-8.77940906],[-61.836500815,-8.7327226],[-61.806246306,-8.747781842],[-61.774605628,-8.748228935],[-61.744386769,-8.717409483],[-61.741854006,-8.69519286],[-61.713274163,-8.68785275],[-61.705361689,-8.707526401],[-61.673581155,-8.7050168],[-61.630554879,-8.721958424],[-61.629552716,-8.752956182],[-61.606027786,-8.794713978],[-61.583134785,-8.798689054],[-60.000526508,-8.800885337],[-59.000310075,-8.80309548],[-58.415877962,-8.79284278],[-58.326224378,-8.720032418],[-58.351026436,-8.701584159],[-58.411955807,-8.72060893],[-58.437300573,-8.703352483],[-58.389518315,-8.594792455],[-58.41046895,-8.57039187],[-58.405102612,-8.537555016],[-58.417807189,-8.489519649],[-58.35457749,-8.392754146],[-58.35027748,-8.345667686],[-58.31489308,-8.323060099],[-58.328083457,-8.285829237],[-58.312945339,-8.209104905],[-58.322464194,-8.170039408],[-58.287169353,-8.128544717],[-58.288392119,-8.079572282],[-58.321728581,-8.024981712],[-58.331502572,-7.968762769],[-58.373244902,-7.907199906],[-58.384741698,-7.843989082],[-58.371689818,-7.82121057],[-58.294055825,-7.77154052],[-58.280545678,-7.706457218],[-58.202170606,-7.620854259],[-58.222723304,-7.524037804],[-58.213059954,-7.458534735],[-58.137055641,-7.356122763],[-58.170009915,-7.31322323],[-58.169750033,-7.222237571],[-58.209523984,-7.134262618],[-58.245888557,-7.088882256],[-58.288255167,-7.061673978],[-58.335422117,-6.986372608],[-58.355609201,-6.97165901],[-58.380249811,-6.97050404],[-58.434555932,-6.908806513],[-58.48175561,-6.781421651],[-58.478471187,-6.699613641],[-58.427305755,-6.616167481],[-58.349886621,-6.562401063],[-58.327056183,-6.500374038],[-58.29310908,-6.493881953],[-58.262552641,-6.468922062],[-58.033639007,-5.978137802],[-57.585573258,-5.000743091],[-57.23264063,-4.247985883],[-56.810097414,-3.332978085],[-56.402107186,-2.456516763],[-56.462266973,-2.433917306],[-56.465594822,-2.423115081],[-56.420833395,-2.360191823],[-56.412757699,-2.321715461],[-56.38431574,-2.270475355],[-56.293229858,-2.236073933],[-56.203769678,-2.183080195],[-56.10241627,-2.048017969],[-56.098173196,-2.02693902],[-56.186703422,-2.04282133],[-56.207642229,-2.059980684],[-56.228377223,-2.056220412],[-56.256152625,-2.088316149],[-56.297456935,-2.100807463],[-56.316761278,-2.140125967],[-56.343546878,-2.149471685],[-56.375062747,-2.138777692],[-56.413882795,-2.175949604],[-56.444180295,-2.15392575],[-56.477893326,-2.170376396],[-56.527065318,-2.139195179],[-56.569590994,-2.174758901],[-56.597791768,-2.17495524],[-56.612913188,-2.210171271],[-56.689851351,-2.208940254],[-56.707767915,-2.183902049],[-56.76853918,-2.165751952],[-56.769429693,-2.140672905],[-56.721382198,-2.059174441],[-56.738967008,-2.017009539],[-56.766992399,-2.008697599],[-56.793208158,-2.02099526],[-56.849956248,-2.020171847],[-56.897374769,-1.976223651],[-56.952770598,-1.960230116],[-56.988350919,-1.907160343],[-57.028415189,-1.918023783],[-57.07253916,-1.838565176],[-57.06095845,-1.810873476],[-57.079282358,-1.802570768],[-57.084803962,-1.780495147],[-57.114219942,-1.792558628],[-57.126851223,-1.766013982],[-57.164231995,-1.768504848],[-57.159199028,-1.758052956],[-57.172343378,-1.745598522],[-57.158710391,-1.733388213],[-57.16677291,-1.718833422],[-57.1736627,-1.731727605],[-57.188028644,-1.719517206],[-57.200684356,-1.735293026],[-57.204007091,-1.711214091],[-57.230833293,-1.727527237],[-57.247153787,-1.720835933],[-57.243049231,-1.703252834],[-57.258636769,-1.6968545],[-57.263620872,-1.722203501],[-57.292255032,-1.70828357],[-57.304861881,-1.732753275],[-57.331932401,-1.715658704],[-57.344588114,-1.71502376],[-57.351429039,-1.736709425],[-57.372929091,-1.71424229],[-57.392376866,-1.724792108],[-57.399022336,-1.713851555],[-57.385755827,-1.697684819],[-57.400317226,-1.692263316],[-57.402467231,-1.676633671],[-57.417614995,-1.674289214],[-57.423625237,-1.692605213],[-57.43564572,-1.691188781],[-57.439652548,-1.665057885],[-57.473075356,-1.67888044],[-57.478157187,-1.658268679],[-57.499168601,-1.654703116],[-57.506009527,-1.641906109],[-57.525897075,-1.65533808],[-57.521841383,-1.629206709],[-57.539383471,-1.626031847],[-57.55316305,-1.606787188],[-57.595088152,-1.600193165],[-57.588051771,-1.580606347],[-57.600707483,-1.572156117],[-57.621914353,-1.589154233],[-57.650353058,-1.590033442],[-57.659246262,-1.580508657],[-57.678400853,-1.594673706],[-57.706155466,-1.572449189],[-57.697702036,-1.558528217],[-57.71206798,-1.503331886],[-57.728730521,-1.513638565],[-57.741874871,-1.502208406],[-57.779988599,-1.510023906],[-57.771584033,-1.486968101],[-57.795331818,-1.487236761],[-57.82281768,-1.438682023],[-57.877105312,-1.423343589],[-57.886242834,-1.434139122],[-57.909648572,-1.42861924],[-57.911456531,-1.404732168],[-57.957877098,-1.403462092],[-57.954310044,-1.379770161],[-57.973256965,-1.374763073],[-57.968908091,-1.358642621],[-57.989137685,-1.353464514],[-57.998714981,-1.331286458],[-57.971986507,-1.229064586],[-57.958695566,-1.222518341],[-57.975749016,-1.192913484],[-57.96578081,-1.169317305],[-58.011615012,-1.136438656],[-58.017332071,-1.103608487],[-58.058670808,-1.106539767],[-58.079584495,-1.126618957],[-58.078802675,-1.14586749],[-58.092826572,-1.161598429],[-58.123610738,-1.164138821],[-58.118186861,-1.18827243],[-58.145013062,-1.208644158],[-58.154003993,-1.232679669],[-58.189527943,-1.203319188],[-58.197981372,-1.180797873],[-58.206190483,-1.186367152],[-58.205213208,-1.169317305],[-58.234971235,-1.152511624],[-58.24298489,-1.157543568],[-58.255884922,-1.130820424],[-58.321264625,-1.14562322],[-58.335581705,-1.115675571],[-58.358303351,-1.107712278],[-58.363727228,-1.071119942],[-58.391090931,-1.041366972],[-58.411955754,-1.04776706],[-58.428911477,-1.028615613],[-58.419822818,-1.012541988],[-58.424073965,-0.990971938],[-58.410440978,-0.980516642],[-58.449043344,-0.935421701],[-58.444156968,-0.902882629],[-58.454662675,-0.899462589],[-58.434970582,-0.893892803],[-58.440003549,-0.874203054],[-58.460587406,-0.862867966],[-58.470604475,-0.872688454],[-58.481549956,-0.856662967],[-58.489074975,-0.859789897],[-58.489514748,-0.832673471],[-58.509646615,-0.83238032],[-58.511259119,-0.841272574],[-58.520005731,-0.826761577],[-58.53378531,-0.830328258],[-58.533736446,-0.81664782],[-58.555969455,-0.813716291],[-58.560220601,-0.797739423],[-58.573902453,-0.795638485],[-58.573071769,-0.781811353],[-58.580596787,-0.78669727],[-58.592714998,-0.764954893],[-58.612846865,-0.75831001],[-58.634053735,-0.719173396],[-58.663714034,-0.717609879],[-58.67446406,-0.69503654],[-58.707593685,-0.678472917],[-58.708131187,-0.651990547],[-58.73784035,-0.61783688],[-58.725673275,-0.608406716],[-58.72977783,-0.563552136],[-58.709010734,-0.545864286],[-58.709988009,-0.517035911],[-58.736521028,-0.471740898],[-58.725282365,-0.438319144],[-58.783479096,-0.38896804],[-58.843337196,-0.37020477],[-58.873095222,-0.343721129],[-58.865394749,-0.26554883],[-58.881038014,-0.19657936],[-58.863097215,-0.160936003],[-58.863390969,-0.087085038],[-58.872085071,-0.064492626],[-58.886581643,-0.059183919],[-58.8983284,-0.017913562],[-58.895464819,0.263510276],[-60.037968646,0.263545517],[-60.05908292,0.162996894],[-60.110496513,0.134946025],[-60.133609069,0.103477835],[-60.117972667,0.081391447],[-60.132094293,0.065657331],[-60.129748832,0.048603889],[-60.139961357,0.045427746],[-60.13258293,0.027690207],[-60.189509204,-0.008908744],[-60.211888804,-0.039399724],[-60.210813801,-0.063880455],[-60.23930137,-0.112304377],[-60.221160701,-0.141976819],[-60.237481195,-0.145885907],[-60.255121011,-0.176621086],[-60.268802862,-0.176523359],[-60.264942626,-0.192257407],[-60.277598338,-0.193185813],[-60.28126312,-0.210092567],[-60.303447264,-0.210336884],[-60.296508611,-0.249525299],[-60.310337054,-0.263988825],[-60.292550647,-0.294626035],[-60.303496128,-0.301320279],[-60.303544992,-0.324969983],[-60.324165496,-0.332739192],[-60.326755275,-0.380917918],[-60.352311019,-0.406815096],[-60.345176911,-0.435448482],[-60.38265541,-0.459244405],[-60.387737241,-0.496232981],[-60.405572511,-0.515435688],[-60.395115668,-0.5496877],[-60.376547441,-0.569818606],[-60.388714516,-0.574118402],[-60.381531544,-0.588483607],[-60.367849693,-0.581789621],[-60.35363034,-0.617360486],[-60.315272293,-0.636465071],[-60.302714308,-0.690309317],[-60.307649547,-0.71087942],[-60.346691687,-0.739609006],[-60.35675762,-0.73374584],[-60.363403091,-0.74332234],[-60.373566752,-0.731840309],[-60.385196326,-0.753582853],[-60.417886178,-0.756612143],[-60.426339607,-0.771172247],[-60.474861315,-0.761595808],[-60.49782728,-0.780650946],[-60.493234087,-0.81143214],[-60.518545512,-0.825796618],[-60.502860247,-0.840698487],[-60.536209759,-0.869476033],[-60.586343972,-0.843043694],[-60.595921268,-0.866251395],[-60.620695191,-0.851545058],[-60.619864507,-0.863075613],[-60.632813402,-0.861463292],[-60.667897578,-0.887895502],[-60.670291902,-0.87162579],[-60.684266936,-0.865469665],[-60.711923821,-0.858580655],[-60.735769333,-0.866007104],[-60.728513066,-0.853035237],[-60.762204625,-0.862929038],[-60.769546404,-0.80081754],[-60.756499781,-0.79119231],[-60.78811463,-0.782544241],[-60.771207771,-0.756062473],[-60.80619422,-0.740085387],[-60.807171495,-0.694254777],[-60.855155702,-0.686339424],[-60.861801172,-0.645492084],[-60.895223981,-0.643928543],[-60.919655858,-0.620377647],[-60.930894522,-0.550115238],[-60.983667377,-0.561744264],[-61.030478854,-0.542492839],[-61.056865281,-0.543860963],[-61.070156222,-0.513469001],[-61.097519925,-0.499005894],[-61.117944974,-0.506628347],[-61.158110981,-0.498321828],[-61.168861007,-0.516302985],[-61.223099774,-0.499885409],[-61.229256607,-0.516791602],[-61.221047497,-0.528909309],[-61.234045255,-0.56193971],[-61.301868147,-0.574839106],[-61.328938667,-0.597217535],[-61.359527377,-0.596924369],[-61.407120674,-0.628488549],[-61.433507102,-0.633032603],[-61.432236644,-0.654042692],[-61.465170815,-0.66019912],[-61.484618589,-0.71687698],[-61.538466447,-0.763684549],[-61.54892329,-0.804237668],[-61.538368719,-0.848210473],[-61.556741491,-0.86492001],[-61.552343753,-0.88944674],[-61.572768803,-0.90390864],[-61.582737008,-0.936936276],[-61.579414273,-0.983350324],[-61.550975568,-0.983154897],[-61.54266873,-0.99273077],[-61.559477861,-1.011198444],[-61.544036915,-1.029568303],[-61.542864185,-1.062203852],[-61.577850633,-1.079987151],[-61.566123332,-1.099724537],[-61.579512001,-1.110667981],[-61.566123332,-1.129134952],[-61.581173368,-1.156590919],[-61.570716525,-1.182776434],[-61.587134746,-1.194403505],[-61.607071158,-1.274423754],[-61.628849524,-1.301467775],[-61.611625576,-1.308134292],[-61.582175225,-1.353407254],[-61.619121538,-1.394797678],[-61.581905713,-1.409521997],[-61.573842445,-1.428689141],[-61.538294062,-1.433404211],[-61.516482246,-1.502430334],[-61.47329096,-1.527849743],[-61.473293697,-1.571465107],[-61.482736452,-1.580633106],[-61.54468189,-1.525626707],[-61.585231405,-1.464245025],[-61.624404851,-1.438689207],[-61.790212392,-1.378967302],[-61.826904994,-1.401742722],[-61.896623907,-1.395355257],[-61.909128986,-1.348685116],[-61.949956247,-1.297020483],[-61.966904959,-1.24285791],[-62.031623135,-1.126462886],[-62.062178985,-1.099799161],[-62.099681538,-1.096743306],[-62.118290369,-1.076467642],[-62.111346651,-1.060360925],[-62.125517712,-1.037301874],[-62.143009054,-1.037303648],[-62.171907463,-1.005912381],[-62.199960442,-1.000354162],[-62.203851793,-0.982851727],[-62.259124089,-0.975914853],[-62.272185205,-0.952021719],[-62.293847197,-0.948129741],[-62.317178845,-0.914245658],[-62.328574196,-0.91563413],[-62.356628768,-0.875077058],[-62.376347382,-0.86619227],[-62.376067191,-0.836469325],[-62.395797261,-0.820356687],[-62.442737785,-0.80202651],[-62.448299446,-0.810074396],[-62.465512548,-0.78897123],[-62.4807979,-0.79507748],[-62.501073155,-0.781466097],[-62.510237738,-0.758968533],[-62.494956795,-0.750634176],[-62.508291763,-0.714249167],[-62.486627285,-0.681467308],[-62.470273816,-0.691176586],[-62.427127121,-0.68975964],[-62.402988426,-0.722398149],[-62.382172466,-0.703196179],[-62.357007633,-0.702365558],[-62.371129258,-0.689173317],[-62.369883232,-0.667845784],[-62.353562738,-0.675272564],[-62.342910439,-0.665744785],[-62.341933164,-0.673122708],[-62.326687673,-0.652992189],[-62.311637636,-0.658708874],[-62.292873955,-0.647715244],[-62.289355764,-0.622405374],[-62.301816022,-0.614880794],[-62.290626222,-0.598463493],[-62.312321729,-0.575938485],[-62.306555806,-0.559423347],[-62.318429698,-0.544618317],[-62.299910335,-0.529422356],[-62.307239898,-0.508118633],[-62.285300073,-0.492971447],[-62.284567116,-0.471618743],[-62.267367075,-0.469224499],[-62.280462561,-0.443327531],[-62.270982993,-0.449679626],[-62.242031218,-0.420240063],[-62.225906179,-0.420924137],[-62.213983423,-0.387208985],[-62.201523165,-0.386720359],[-62.208168636,-0.367615045],[-62.194340193,-0.359357236],[-62.186912903,-0.325592985],[-62.219309572,-0.305656876],[-62.230841418,-0.315722662],[-62.248062838,-0.296339297],[-62.253388987,-0.270002056],[-62.237263948,-0.251776064],[-62.250652617,-0.248013591],[-62.253022509,-0.212905268],[-62.243176462,-0.205820071],[-62.241563958,-0.170467335],[-62.277820864,-0.149846911],[-62.319794829,-0.096341226],[-62.314566408,-0.069026415],[-62.330691447,-0.054807071],[-62.313051631,-0.046988874],[-62.336603961,0.021566968],[-62.36587335,0.055771588],[-62.409264364,0.075072759],[-62.421773485,0.097843242],[-62.428575606,0.173534083],[-62.452743626,0.207414178],[-62.46829033,0.275753229],[-62.458584878,0.313494084],[-62.466889138,0.332967783],[-62.446371345,0.379113798],[-62.458568195,0.417691417],[-62.485245965,0.454080445],[-62.518661296,0.443700894],[-62.533008617,0.508808359],[-62.518297656,0.583816948],[-62.538290531,0.675195542],[-62.533310854,0.701300695],[-62.457735104,0.785197871],[-62.466073875,0.829077194],[-62.48607091,0.857965292],[-62.471053813,0.917128811],[-62.442735416,0.958533913],[-62.477730174,1.027947363],[-62.47162089,1.086281634],[-62.521087892,1.083815878],[-62.541205372,1.111955429],[-62.635505893,1.431819862],[-62.72077535,1.488544711],[-62.736349325,1.529629589],[-62.805282333,1.591345664],[-62.792992811,1.635312189],[-62.723731841,1.712398704],[-62.731073292,1.818232345],[-62.704179085,1.873946797],[-62.703310618,1.933820606],[-62.729583835,1.960549351],[-62.813245464,1.991684156],[-62.838571476,2.016386356],[-62.948482663,2.031041373],[-63.02377615,2.014679363],[-63.05356813,2.028889735],[-63.119832303,2.096452488],[-63.146339442,2.173258556],[-63.194133568,2.181212932],[-63.276351428,2.154389691],[-63.310788545,2.165003986],[-63.372089104,2.21186165]]]},"properties":{"CD_UF":13,"NM_UF":"Amazonas","SIGLA_UF":"AM","NM_REGIAO":"Norte","color":"red"}},{"type":"Feature","geometry":{"type":"Polygon","coordinates":[[[-58.895497942,1.227693838],[-58.912163337,1.238242271],[-58.886884395,1.260193279],[-58.898835142,1.27935694],[-58.92244301,1.289910368],[-58.918549372,1.316578461],[-58.966057602,1.312412567],[-58.978830718,1.30158295],[-58.993832579,1.327133205],[-59.048554767,1.322686028],[-59.089946072,1.346302928],[-59.152724253,1.348801698],[-59.188555495,1.375188393],[-59.225496928,1.376855687],[-59.282170919,1.409356318],[-59.274946242,1.417686415],[-59.28855507,1.43907933],[-59.284112581,1.449635592],[-59.302445339,1.465468275],[-59.32716196,1.464076834],[-59.329942535,1.513795723],[-59.358834843,1.517965287],[-59.36216988,1.503801784],[-59.383279898,1.507962557],[-59.378835431,1.520742718],[-59.396059181,1.555185824],[-59.423003021,1.555746859],[-59.431617504,1.567968726],[-59.427170981,1.5863033],[-59.447998847,1.619353367],[-59.483004772,1.626577625],[-59.494940616,1.645186531],[-59.493272828,1.673498126],[-59.511338099,1.668523387],[-59.538280379,1.72185462],[-59.566611912,1.735742359],[-59.617446538,1.715186641],[-59.632998889,1.741018373],[-59.663004127,1.736850712],[-59.666338826,1.754634351],[-59.690222503,1.756298583],[-59.678837974,1.807127565],[-59.65438765,1.816851511],[-59.649949704,1.843524238],[-59.663005212,1.87046582],[-59.677723326,1.838521302],[-59.691891969,1.853525196],[-59.746056599,1.851855499],[-59.753556244,1.864357335],[-59.746887607,1.878517042],[-59.759391499,1.900466847],[-59.756616206,1.919913596],[-59.738008372,1.955460996],[-59.735928347,2.012679824],[-59.720890667,2.027259294],[-59.74267731,2.068885521],[-59.721786279,2.103531938],[-59.741869324,2.162522892],[-59.726116019,2.207587476],[-59.729649166,2.233051347],[-59.719871662,2.237173478],[-59.729460101,2.264603092],[-59.723282474,2.276338197],[-59.740383281,2.292852943],[-59.769766674,2.295365645],[-59.787131864,2.28368071],[-59.828532603,2.328802792],[-59.84393719,2.320609606],[-59.871642191,2.360320325],[-59.889055092,2.355753711],[-59.904880125,2.376131842],[-59.907497821,2.396520897],[-59.89143922,2.424734685],[-59.901001018,2.437611705],[-59.897091012,2.481436412],[-59.920508483,2.507859516],[-59.918379761,2.526145583],[-59.938515373,2.552527771],[-59.929365503,2.569660582],[-59.972121256,2.593985496],[-59.957813455,2.609584488],[-59.977388556,2.640695237],[-59.97422319,2.666993521],[-59.991911093,2.6870944],[-59.991512758,2.838548962],[-59.982415009,2.870041462],[-59.989657578,2.881630375],[-59.977923671,2.897350301],[-59.986649636,2.909749046],[-59.983988971,2.930380396],[-59.95986895,2.953364021],[-59.964838388,2.963848488],[-59.946817594,3.000140961],[-59.962384564,3.016893726],[-59.951301407,3.0440469],[-59.955645935,3.082196],[-59.938537048,3.088070738],[-59.920500571,3.121773184],[-59.907898457,3.113274954],[-59.919469916,3.132079742],[-59.908132701,3.144447612],[-59.921118965,3.147230383],[-59.899887455,3.154135777],[-59.912461456,3.190620994],[-59.908281251,3.211942249],[-59.874842518,3.224632636],[-59.888004252,3.241981006],[-59.827622986,3.331123122],[-59.834031735,3.352957807],[-59.804806904,3.358210521],[-59.821983475,3.412358892],[-59.811932617,3.428482094],[-59.841681661,3.42737713],[-59.823652024,3.471377616],[-59.810412149,3.469962891],[-59.826988821,3.480509665],[-59.80216292,3.491537796],[-59.803467286,3.504581448],[-59.833961229,3.52294832],[-59.842386504,3.552784983],[-59.870968132,3.56031212],[-59.858797825,3.571624194],[-59.867196115,3.577964007],[-59.850776964,3.604594531],[-59.816228913,3.610270283],[-59.816106908,3.620493043],[-59.764383334,3.626239943],[-59.75222101,3.652856044],[-59.720685642,3.665891755],[-59.687365982,3.699802286],[-59.668752726,3.7028412],[-59.662632485,3.715975115],[-59.671868552,3.727481954],[-59.663865405,3.733902269],[-59.680100306,3.756934562],[-59.665393861,3.781573582],[-59.639699271,3.784465257],[-59.628908027,3.799061841],[-59.629353676,3.784239403],[-59.610121575,3.804409546],[-59.59637373,3.794197805],[-59.598496115,3.814664007],[-59.577896115,3.820164007],[-59.593548152,3.88489723],[-59.575884154,3.889623052],[-59.577896115,3.901864007],[-59.568106703,3.89009563],[-59.562784268,3.920412313],[-59.545317885,3.9202261],[-59.538788105,3.932502449],[-59.526907456,3.924257046],[-59.51590257,3.945589339],[-59.52667922,3.968497937],[-59.545067169,3.978868378],[-59.566399463,3.964277816],[-59.584592224,3.968590542],[-59.572013556,3.986617456],[-59.58027291,4.001525243],[-59.58660112,3.993730549],[-59.597166875,4.00079553],[-59.594796115,4.018064007],[-59.607295997,4.006991974],[-59.613641156,4.018129051],[-59.601380458,4.01598095],[-59.601652239,4.028879877],[-59.619754981,4.037825483],[-59.618102596,4.051606375],[-59.654455071,4.069584326],[-59.619996115,4.132464007],[-59.684496115,4.146464007],[-59.722804166,4.166093874],[-59.731152788,4.181063328],[-59.740038406,4.234224292],[-59.710395518,4.267750023],[-59.730273349,4.26809774],[-59.732649416,4.285396669],[-59.679347272,4.34156748],[-59.683403972,4.364169096],[-59.670796115,4.376564007],[-59.694226669,4.380164086],[-59.721145773,4.398057032],[-59.736401864,4.424135819],[-59.755296115,4.420664007],[-59.783592708,4.450324892],[-59.793689593,4.447287376],[-59.795644177,4.465543139],[-59.804034529,4.467081403],[-59.812611441,4.446355964],[-59.832596115,4.458064007],[-59.862196115,4.452464007],[-59.875757314,4.486860122],[-59.879639605,4.474822841],[-59.899140743,4.477894342],[-59.908896115,4.460164007],[-59.91142675,4.477763948],[-59.930696115,4.480764007],[-59.925813548,4.49000649],[-59.936085692,4.499583201],[-59.971996115,4.509264007],[-59.973400091,4.480393559],[-60.003245814,4.495330909],[-60.070869153,4.49329794],[-60.064396115,4.520664007],[-60.086596115,4.517264007],[-60.089096115,4.533464007],[-60.104696115,4.525964007],[-60.101096115,4.508464007],[-60.117696115,4.501864007],[-60.161496115,4.517764007],[-60.157296115,4.572664007],[-60.136296115,4.564864007],[-60.140196115,4.579364007],[-60.122696115,4.579064007],[-60.124996115,4.603664007],[-60.070396115,4.616964007],[-60.075496115,4.655364007],[-60.025504069,4.706200038],[-60.039587593,4.724803645],[-60.025396115,4.743064007],[-60.021696115,4.781964007],[-60.035496115,4.789464007],[-60.034696115,4.801264007],[-60.013296115,4.843764007],[-59.989575937,4.949991879],[-59.989696169,5.001107687],[-59.970246742,5.063080255],[-59.976936012,5.079286339],[-60.046066634,5.10656418],[-60.064169283,5.137868613],[-60.095782606,5.140726822],[-60.106894236,5.194065662],[-60.13273007,5.224893784],[-60.1360617,5.249062268],[-60.172447143,5.226558451],[-60.195232739,5.238229269],[-60.193284664,5.252951375],[-60.212453524,5.271841077],[-60.26411815,5.251009083],[-60.27106083,5.234342191],[-60.304395573,5.226566627],[-60.319956253,5.207675572],[-60.367170718,5.204336489],[-60.384120143,5.221836807],[-60.413566653,5.213503106],[-60.434401837,5.181287575],[-60.446615508,5.184058643],[-60.451895848,5.202949713],[-60.527179153,5.207947049],[-60.545789002,5.194061161],[-60.569394873,5.195733024],[-60.594954583,5.219619994],[-60.624957897,5.21517126],[-60.652182067,5.23045511],[-60.723287929,5.219893635],[-60.734677792,5.200172922],[-60.68668042,5.194310907],[-60.657061431,5.155975475],[-60.656069304,5.114338112],[-60.640904644,5.109760203],[-60.644959634,5.05851274],[-60.59912329,4.99933896],[-60.5841242,4.955732021],[-60.589957241,4.931011994],[-60.616065469,4.917951689],[-60.628841668,4.888789329],[-60.652448982,4.884623333],[-60.648289392,4.868790312],[-60.659121384,4.849064431],[-60.719678936,4.799623355],[-60.720879444,4.777383889],[-60.750931667,4.753689167],[-60.807417778,4.747821944],[-60.815162778,4.728104444],[-60.835928333,4.727554167],[-60.851071111,4.702940556],[-60.901905556,4.716077222],[-60.919587,4.663349],[-60.947579,4.655541],[-60.95159889,4.64326889],[-60.93309694,4.6207875],[-60.931415,4.58433],[-60.956844,4.581665],[-60.957908,4.545161],[-60.984861,4.542666],[-60.997879722,4.515604722],[-61.092675833,4.523268333],[-61.126095,4.505298056],[-61.145583056,4.4801475],[-61.151833333,4.495866111],[-61.187416389,4.520256944],[-61.201691667,4.515911944],[-61.217841111,4.533263889],[-61.220961389,4.521622778],[-61.245175833,4.533165278],[-61.252585833,4.525221944],[-61.26862336,4.539686509],[-61.276037484,4.527967674],[-61.305453495,4.540682745],[-61.323210976,4.534888668],[-61.323149372,4.504585761],[-61.278844898,4.477950401],[-61.28829243,4.457392403],[-61.313290879,4.457674284],[-61.325231398,4.442397398],[-61.319397716,4.430172651],[-61.341620854,4.419619723],[-61.422175389,4.433506543],[-61.441347593,4.424347242],[-61.435788836,4.432393203],[-61.448289506,4.439065902],[-61.48634998,4.41045373],[-61.513572172,4.405445798],[-61.516900726,4.349350775],[-61.527459666,4.342118905],[-61.50801343,4.319893813],[-61.558568357,4.252948154],[-61.590793556,4.244063261],[-61.608291482,4.26100472],[-61.63884832,4.23739793],[-61.666348918,4.262675162],[-61.723564772,4.244342085],[-61.73162231,4.252677365],[-61.72412178,4.26934273],[-61.739122708,4.256008149],[-61.774955463,4.249620059],[-61.764123827,4.23211669],[-61.802458904,4.228232605],[-61.80884735,4.202395178],[-61.821906738,4.199614923],[-61.824123454,4.163507225],[-61.83690939,4.160175208],[-61.8530151,4.174065334],[-61.874962131,4.170172268],[-61.873297074,4.151284452],[-61.899962629,4.160731982],[-61.923021142,4.155720464],[-61.930794006,4.103225711],[-61.975235679,4.151004792],[-61.981352949,4.180447693],[-62.029126652,4.150175547],[-62.032734786,4.157949311],[-62.076906617,4.153784575],[-62.071906906,4.125179304],[-62.078565002,4.119355287],[-62.091346296,4.129066348],[-62.105236412,4.115171568],[-62.117464057,4.117393937],[-62.112738774,4.089343707],[-62.146066865,4.074064839],[-62.161907056,4.090452081],[-62.193850533,4.098229493],[-62.197180131,4.11294941],[-62.244682972,4.11683964],[-62.252743274,4.129343387],[-62.279964025,4.129616354],[-62.292183364,4.14128851],[-62.329678814,4.134621366],[-62.353575196,4.165176467],[-62.437740641,4.18295196],[-62.465797317,4.174616827],[-62.470796743,4.162950773],[-62.45524042,4.156845168],[-62.464129074,4.13906441],[-62.47940405,4.130733308],[-62.49884914,4.142398374],[-62.508299475,4.126563489],[-62.531631997,4.136287704],[-62.523299601,4.117671483],[-62.552735532,4.108782295],[-62.544683557,4.097678645],[-62.558572858,4.080177802],[-62.541626082,4.078784126],[-62.533017846,4.047397558],[-62.561625292,4.037678827],[-62.558299177,4.016006022],[-62.580521668,4.017393569],[-62.609685423,4.044061074],[-62.646353499,4.046284499],[-62.659126373,4.034625544],[-62.701908347,4.030729771],[-62.748574596,4.034900237],[-62.749682834,4.020727545],[-62.768852878,4.006282952],[-62.762464501,3.984066533],[-62.743302146,3.97211698],[-62.761907404,3.941562646],[-62.786630763,3.929344587],[-62.788853017,3.8932343],[-62.753855764,3.849632322],[-62.771348463,3.834068493],[-62.729128436,3.804617134],[-62.743573392,3.787119624],[-62.731074513,3.707676508],[-62.743851431,3.673230249],[-62.784962519,3.69962138],[-62.804409999,3.729623577],[-62.835801452,3.738508818],[-62.88690371,3.683511518],[-62.919127838,3.672396596],[-62.92996481,3.637950296],[-62.960243133,3.607678125],[-62.990802605,3.612122824],[-63.032465541,3.665729819],[-63.081356759,3.693232131],[-63.063570894,3.704899308],[-63.059130906,3.747398536],[-63.103302091,3.793228621],[-63.123300162,3.8046204],[-63.20441492,3.811561087],[-63.226632016,3.835451166],[-63.233579095,3.881561515],[-63.207745408,3.952396666],[-63.254132822,3.961562103],[-63.280797278,3.955178807],[-63.286631353,3.972674148],[-63.311075449,3.981845166],[-63.311357165,3.961285964],[-63.338574387,3.956841394],[-63.393297167,3.98044949],[-63.428856147,3.977120134],[-63.45219074,3.955450557],[-63.439690882,3.937119975],[-63.417748721,3.934893092],[-63.411912042,3.913231131],[-63.438580097,3.883229464],[-63.434692436,3.864898038],[-63.45275132,3.858233301],[-63.491361713,3.873508128],[-63.503020876,3.867956634],[-63.497467225,3.839895477],[-63.551913721,3.864895247],[-63.554686711,3.891007715],[-63.591909505,3.885452497],[-63.584692441,3.89767389],[-63.592194595,3.928226706],[-63.643575285,3.978508728],[-63.660803095,4.009905529],[-63.683024283,4.018505969],[-63.700527617,3.944340563],[-63.663299797,3.922394997],[-63.682746235,3.907398249],[-63.707464974,3.913782254],[-63.713024293,3.903228556],[-63.738854223,3.915171348],[-63.738026801,3.92850951],[-63.755245956,3.940177729],[-63.796635888,3.932672707],[-63.850247508,3.949901168],[-63.928299415,3.924895822],[-63.965805074,3.868229009],[-63.978857235,3.900452783],[-63.997190929,3.903509612],[-64.001911483,3.932957225],[-64.035696452,3.93426118],[-64.050799815,3.95017224],[-64.097191312,4.025175412],[-64.0963574,4.053514795],[-64.112746983,4.091286513],[-64.164414832,4.126283854],[-64.218858133,4.115454558],[-64.266357171,4.126281022],[-64.274414809,4.142672172],[-64.289695831,4.143785627],[-64.302195073,4.132392638],[-64.335515975,4.129066034],[-64.431637233,4.134623827],[-64.500529821,4.110449193],[-64.544418226,4.113782782],[-64.560504396,4.101566803],[-64.627469262,4.138508068],[-64.658587557,4.211566183],[-64.69136805,4.244620447],[-64.780530284,4.286564541],[-64.799693215,4.284068038],[-64.825253704,4.241559667],[-64.810527316,4.174616635],[-64.732192202,4.120175665],[-64.708584341,4.066558378],[-64.683863348,4.040176349],[-64.673866708,4.004621635],[-64.643112375,3.984754064],[-64.614696105,3.946570825],[-64.580251391,3.928294858],[-64.558056358,3.868506913],[-64.524472894,3.841906948],[-64.485529808,3.787397888],[-64.428582975,3.779900666],[-64.289140399,3.699621976],[-64.275805787,3.661289167],[-64.196250889,3.578896074],[-64.18440015,3.489314514],[-64.148601791,3.439913292],[-64.139879722,3.384660278],[-64.147063333,3.371324167],[-64.114810905,3.329835038],[-64.123989316,3.291906486],[-64.117526239,3.278367701],[-64.136988745,3.272474877],[-64.156392683,3.248549763],[-64.156782398,3.212513889],[-64.181411389,3.165163333],[-64.221837252,3.149008582],[-64.218683031,3.090609527],[-64.148107505,3.036360929],[-64.147090278,3.010613889],[-64.1608975,2.987172778],[-64.118880153,2.985642877],[-64.094466718,2.935096751],[-64.073147944,2.922890033],[-64.069881358,2.890739946],[-64.078821489,2.874063163],[-64.01469324,2.812169947],[-64.016240571,2.777612902],[-63.996984903,2.766265812],[-64.002744411,2.740305047],[-63.983488744,2.727539571],[-64.008761807,2.70510328],[-63.988560549,2.689844884],[-63.986153591,2.648668703],[-64.007730253,2.627779742],[-64.02728679,2.577319579],[-64.042588169,2.58011337],[-64.045897736,2.52054115],[-64.060602748,2.500812687],[-64.043023355,2.49599877],[-64.022951042,2.464751293],[-64.00786457,2.480740373],[-63.976617093,2.4649662],[-63.960413105,2.474164219],[-63.954782542,2.459550543],[-63.936558428,2.45667079],[-63.920483384,2.473605461],[-63.882143976,2.469092414],[-63.845770966,2.496493056],[-63.798222793,2.479859255],[-63.773171389,2.448252222],[-63.750448967,2.441799225],[-63.73102915,2.455051839],[-63.717933538,2.444872395],[-63.698484454,2.458325573],[-63.664378714,2.439155869],[-63.617464516,2.451061717],[-63.616438056,2.443228056],[-63.603581524,2.457165076],[-63.571345474,2.445817986],[-63.559095775,2.451663456],[-63.555850679,2.422425359],[-63.497978546,2.425659657],[-63.487961558,2.43686711],[-63.464235825,2.401407455],[-63.441455683,2.418170201],[-63.43582512,2.441938915],[-63.414678271,2.454231595],[-63.404319754,2.431279528],[-63.371911779,2.426379648],[-63.355406921,2.385934151],[-63.376532279,2.35582568],[-63.37595203,2.339686165],[-63.360521708,2.327393484],[-63.367966667,2.289724167],[-63.360439167,2.269150278],[-63.381002345,2.227526202],[-63.372089104,2.21186165],[-63.310788545,2.165003986],[-63.276351428,2.154389691],[-63.194133568,2.181212932],[-63.146339442,2.173258556],[-63.119832303,2.096452488],[-63.05356813,2.028889735],[-63.02377615,2.014679363],[-62.948482663,2.031041373],[-62.838571476,2.016386356],[-62.813245464,1.991684156],[-62.729583835,1.960549351],[-62.703310618,1.933820606],[-62.704179085,1.873946797],[-62.731073292,1.818232345],[-62.723731841,1.712398704],[-62.792992811,1.635312189],[-62.805282333,1.591345664],[-62.736349325,1.529629589],[-62.72077535,1.488544711],[-62.635505893,1.431819862],[-62.541205372,1.111955429],[-62.521087892,1.083815878],[-62.47162089,1.086281634],[-62.477730174,1.027947363],[-62.442735416,0.958533913],[-62.471053813,0.917128811],[-62.48607091,0.857965292],[-62.466073875,0.829077194],[-62.457735104,0.785197871],[-62.533310854,0.701300695],[-62.538290531,0.675195542],[-62.518297656,0.583816948],[-62.533008617,0.508808359],[-62.518661296,0.443700894],[-62.485245965,0.454080445],[-62.458568195,0.417691417],[-62.446371345,0.379113798],[-62.466889138,0.332967783],[-62.458584878,0.313494084],[-62.46829033,0.275753229],[-62.452743626,0.207414178],[-62.428575606,0.173534083],[-62.421773485,0.097843242],[-62.409264364,0.075072759],[-62.36587335,0.055771588],[-62.336603961,0.021566968],[-62.313051631,-0.046988874],[-62.330691447,-0.054807071],[-62.314566408,-0.069026415],[-62.319794829,-0.096341226],[-62.277820864,-0.149846911],[-62.241563958,-0.170467335],[-62.243176462,-0.205820071],[-62.253022509,-0.212905268],[-62.250652617,-0.248013591],[-62.237263948,-0.251776064],[-62.253388987,-0.270002056],[-62.248062838,-0.296339297],[-62.230841418,-0.315722662],[-62.219309572,-0.305656876],[-62.186912903,-0.325592985],[-62.194340193,-0.359357236],[-62.208168636,-0.367615045],[-62.201523165,-0.386720359],[-62.213983423,-0.387208985],[-62.225906179,-0.420924137],[-62.242031218,-0.420240063],[-62.270982993,-0.449679626],[-62.280462561,-0.443327531],[-62.267367075,-0.469224499],[-62.284567116,-0.471618743],[-62.285300073,-0.492971447],[-62.307239898,-0.508118633],[-62.299910335,-0.529422356],[-62.318429698,-0.544618317],[-62.306555806,-0.559423347],[-62.312321729,-0.575938485],[-62.290626222,-0.598463493],[-62.301816022,-0.614880794],[-62.289355764,-0.622405374],[-62.292873955,-0.647715244],[-62.311637636,-0.658708874],[-62.326687673,-0.652992189],[-62.341933164,-0.673122708],[-62.342910439,-0.665744785],[-62.353562738,-0.675272564],[-62.369883232,-0.667845784],[-62.371129258,-0.689173317],[-62.357007633,-0.702365558],[-62.382172466,-0.703196179],[-62.402988426,-0.722398149],[-62.427127121,-0.68975964],[-62.470273816,-0.691176586],[-62.486627285,-0.681467308],[-62.508291763,-0.714249167],[-62.494956795,-0.750634176],[-62.510237738,-0.758968533],[-62.501073155,-0.781466097],[-62.4807979,-0.79507748],[-62.465512548,-0.78897123],[-62.448299446,-0.810074396],[-62.442737785,-0.80202651],[-62.395797261,-0.820356687],[-62.376067191,-0.836469325],[-62.376347382,-0.86619227],[-62.356628768,-0.875077058],[-62.328574196,-0.91563413],[-62.317178845,-0.914245658],[-62.293847197,-0.948129741],[-62.272185205,-0.952021719],[-62.259124089,-0.975914853],[-62.203851793,-0.982851727],[-62.199960442,-1.000354162],[-62.171907463,-1.005912381],[-62.143009054,-1.037303648],[-62.125517712,-1.037301874],[-62.111346651,-1.060360925],[-62.118290369,-1.076467642],[-62.099681538,-1.096743306],[-62.062178985,-1.099799161],[-62.031623135,-1.126462886],[-61.966904959,-1.24285791],[-61.949956247,-1.297020483],[-61.909128986,-1.348685116],[-61.896623907,-1.395355257],[-61.826904994,-1.401742722],[-61.790212392,-1.378967302],[-61.624404851,-1.438689207],[-61.585231405,-1.464245025],[-61.54468189,-1.525626707],[-61.482736452,-1.580633106],[-61.473293697,-1.571465107],[-61.47329096,-1.527849743],[-61.516482246,-1.502430334],[-61.538294062,-1.433404211],[-61.573842445,-1.428689141],[-61.581905713,-1.409521997],[-61.619121538,-1.394797678],[-61.582175225,-1.353407254],[-61.611625576,-1.308134292],[-61.628849524,-1.301467775],[-61.607071158,-1.274423754],[-61.587134746,-1.194403505],[-61.570716525,-1.182776434],[-61.581173368,-1.156590919],[-61.566123332,-1.129134952],[-61.579512001,-1.110667981],[-61.566123332,-1.099724537],[-61.577850633,-1.079987151],[-61.542864185,-1.062203852],[-61.544036915,-1.029568303],[-61.559477861,-1.011198444],[-61.54266873,-0.99273077],[-61.550975568,-0.983154897],[-61.579414273,-0.983350324],[-61.582737008,-0.936936276],[-61.572768803,-0.90390864],[-61.552343753,-0.88944674],[-61.556741491,-0.86492001],[-61.538368719,-0.848210473],[-61.54892329,-0.804237668],[-61.538466447,-0.763684549],[-61.484618589,-0.71687698],[-61.465170815,-0.66019912],[-61.432236644,-0.654042692],[-61.433507102,-0.633032603],[-61.407120674,-0.628488549],[-61.359527377,-0.596924369],[-61.328938667,-0.597217535],[-61.301868147,-0.574839106],[-61.234045255,-0.56193971],[-61.221047497,-0.528909309],[-61.229256607,-0.516791602],[-61.223099774,-0.499885409],[-61.168861007,-0.516302985],[-61.158110981,-0.498321828],[-61.117944974,-0.506628347],[-61.097519925,-0.499005894],[-61.070156222,-0.513469001],[-61.056865281,-0.543860963],[-61.030478854,-0.542492839],[-60.983667377,-0.561744264],[-60.930894522,-0.550115238],[-60.919655858,-0.620377647],[-60.895223981,-0.643928543],[-60.861801172,-0.645492084],[-60.855155702,-0.686339424],[-60.807171495,-0.694254777],[-60.80619422,-0.740085387],[-60.771207771,-0.756062473],[-60.78811463,-0.782544241],[-60.756499781,-0.79119231],[-60.769546404,-0.80081754],[-60.762204625,-0.862929038],[-60.728513066,-0.853035237],[-60.735769333,-0.866007104],[-60.711923821,-0.858580655],[-60.684266936,-0.865469665],[-60.670291902,-0.87162579],[-60.667897578,-0.887895502],[-60.632813402,-0.861463292],[-60.619864507,-0.863075613],[-60.620695191,-0.851545058],[-60.595921268,-0.866251395],[-60.586343972,-0.843043694],[-60.536209759,-0.869476033],[-60.502860247,-0.840698487],[-60.518545512,-0.825796618],[-60.493234087,-0.81143214],[-60.49782728,-0.780650946],[-60.474861315,-0.761595808],[-60.426339607,-0.771172247],[-60.417886178,-0.756612143],[-60.385196326,-0.753582853],[-60.373566752,-0.731840309],[-60.363403091,-0.74332234],[-60.35675762,-0.73374584],[-60.346691687,-0.739609006],[-60.307649547,-0.71087942],[-60.302714308,-0.690309317],[-60.315272293,-0.636465071],[-60.35363034,-0.617360486],[-60.367849693,-0.581789621],[-60.381531544,-0.588483607],[-60.388714516,-0.574118402],[-60.376547441,-0.569818606],[-60.395115668,-0.5496877],[-60.405572511,-0.515435688],[-60.387737241,-0.496232981],[-60.38265541,-0.459244405],[-60.345176911,-0.435448482],[-60.352311019,-0.406815096],[-60.326755275,-0.380917918],[-60.324165496,-0.332739192],[-60.303544992,-0.324969983],[-60.303496128,-0.301320279],[-60.292550647,-0.294626035],[-60.310337054,-0.263988825],[-60.296508611,-0.249525299],[-60.303447264,-0.210336884],[-60.28126312,-0.210092567],[-60.277598338,-0.193185813],[-60.264942626,-0.192257407],[-60.268802862,-0.176523359],[-60.255121011,-0.176621086],[-60.237481195,-0.145885907],[-60.221160701,-0.141976819],[-60.23930137,-0.112304377],[-60.210813801,-0.063880455],[-60.211888804,-0.039399724],[-60.189509204,-0.008908744],[-60.13258293,0.027690207],[-60.139961357,0.045427746],[-60.129748832,0.048603889],[-60.132094293,0.065657331],[-60.117972667,0.081391447],[-60.133609069,0.103477835],[-60.110496513,0.134946025],[-60.05908292,0.162996894],[-60.037968646,0.263545517],[-58.895464819,0.263510276],[-58.895497942,1.227693838]]]},"properties":{"CD_UF":14,"NM_UF":"Roraima","SIGLA_UF":"RR","NM_REGIAO":"Norte","color":"red"}},{"type":"Feature","geometry":{"type":"MultiPolygon","coordinates":[[[[-50.226085739,0.696237153],[-50.347236468,0.666843705],[-50.436546897,0.600107025],[-50.48143421,0.468645999],[-50.556148034,0.306717256],[-50.596307073,0.250365829],[-50.668197496,0.185034472],[-50.761956136,0.120977995],[-50.946239869,0.062709271],[-50.97925336,0.037403392],[-50.996912251,0.003451082],[-51.075930659,-0.083732497],[-51.216362859,-0.118612786],[-51.302481612,-0.252642652],[-51.339009671,-0.284576967],[-51.362505289,-0.368107914],[-51.42072553,-0.428993181],[-51.432479184,-0.473342514],[-51.457788502,-0.513234042],[-51.595536158,-0.650437827],[-51.679204912,-0.785251928],[-51.695513508,-0.921291453],[-51.686228037,-1.029385544],[-51.704336456,-1.067741026],[-51.778399378,-1.140412275],[-51.809096335,-1.157101134],[-51.887285925,-1.16639709],[-51.925956044,-1.132315814],[-51.955876204,-1.169674551],[-51.965929603,-1.159602768],[-51.965592183,-1.125808708],[-51.985334115,-1.121445355],[-51.993399201,-1.128975153],[-51.991122109,-1.171815959],[-52.04090046,-1.17013231],[-52.063981122,-1.185930535],[-52.047563214,-1.214284161],[-52.054648042,-1.234219962],[-52.098787174,-1.227925888],[-52.110987366,-1.214999244],[-52.106763801,-1.183067902],[-52.120262265,-1.146197958],[-52.146731215,-1.1487914],[-52.173571211,-1.13013226],[-52.222147298,-1.134528554],[-52.332987923,-1.115891487],[-52.358155554,-1.06258445],[-52.400178655,-1.043630454],[-52.427040125,-1.050794928],[-52.414464118,-1.009272274],[-52.419928317,-0.965963176],[-52.4395446,-0.934746111],[-52.404715835,-0.912737662],[-52.403157955,-0.87714832],[-52.455517873,-0.830266131],[-52.516933353,-0.85861596],[-52.543839298,-0.851539243],[-52.516969935,-0.809046434],[-52.521632114,-0.785210222],[-52.49715224,-0.722946224],[-52.525015519,-0.585339758],[-52.539984506,-0.57311155],[-52.585832901,-0.578590177],[-52.612990017,-0.594893405],[-52.64000901,-0.584906083],[-52.667764278,-0.544136725],[-52.667291349,-0.525112016],[-52.69543633,-0.496401735],[-52.691018351,-0.47715998],[-52.702682216,-0.459232234],[-52.679151797,-0.423674802],[-52.698570805,-0.387167245],[-52.681849682,-0.339964488],[-52.688819039,-0.304136433],[-52.74021379,-0.276607541],[-52.760439824,-0.237574422],[-52.836098863,-0.186149222],[-52.851543133,-0.150160791],[-52.876821362,-0.142756734],[-52.904012938,-0.154937702],[-52.932743659,-0.142307301],[-52.971022171,-0.043110089],[-52.977292626,0.023796315],[-53.014966746,0.059692122],[-53.011129204,0.095045898],[-53.029265989,0.104719091],[-53.05212714,0.157338874],[-53.094292516,0.195306961],[-53.106407893,0.231743022],[-53.094881211,0.262212181],[-53.134350025,0.300178886],[-53.138795168,0.330463216],[-53.175047766,0.377107148],[-53.159934264,0.40296793],[-53.167745251,0.445728323],[-53.155128404,0.480179669],[-53.169768944,0.493734766],[-53.148382682,0.541658408],[-53.150244972,0.591022844],[-53.120490381,0.633978862],[-53.106297954,0.683982017],[-53.124129283,0.697354881],[-53.143874172,0.696260756],[-53.190272646,0.768383531],[-53.27482721,0.824930998],[-53.30229545,0.858996513],[-53.411494203,0.929344151],[-53.410803308,0.98204248],[-53.428544725,0.999294665],[-53.422329387,1.033737436],[-53.455823707,1.077371806],[-53.459545132,1.127534673],[-53.444357871,1.151319187],[-53.412128586,1.147641139],[-53.399878914,1.158409015],[-53.396080083,1.179292525],[-53.417437162,1.202776005],[-53.426520755,1.242720971],[-53.438769022,1.232133979],[-53.473738183,1.239332394],[-53.538992921,1.212426087],[-53.546321235,1.228507398],[-53.523327514,1.261338928],[-53.556690585,1.28480527],[-53.562633404,1.306581935],[-53.533385345,1.32242877],[-53.538547714,1.340861055],[-53.559464554,1.350330665],[-53.57068992,1.337302024],[-53.5952181,1.358154077],[-53.650966645,1.336223284],[-53.663077429,1.349495443],[-53.643523429,1.363886268],[-53.646832677,1.407624734],[-53.657769016,1.403997216],[-53.670550444,1.371989523],[-53.687495751,1.385797673],[-53.711461083,1.383963083],[-53.713435553,1.396432581],[-53.695803434,1.418142085],[-53.717188253,1.431762602],[-53.724053955,1.42822922],[-53.715413154,1.405375997],[-53.732326715,1.386288839],[-53.762471836,1.408392806],[-53.774611061,1.396902318],[-53.803993412,1.423524853],[-53.822773859,1.413832521],[-53.80705034,1.391802814],[-53.850339503,1.391841249],[-53.844304574,1.406307057],[-53.885629881,1.402462294],[-53.876742022,1.435452162],[-53.895998089,1.45512578],[-53.917528625,1.456902849],[-53.938304094,1.435462806],[-53.928763518,1.469179097],[-53.954083723,1.467969723],[-53.9670765,1.484395053],[-53.976134696,1.472276662],[-53.997467762,1.475771261],[-54.009049283,1.519664658],[-54.027579042,1.516838356],[-54.024577424,1.499857111],[-54.039997927,1.506159409],[-54.055939241,1.493488891],[-54.069159993,1.500969424],[-54.077965076,1.485689872],[-54.086466106,1.488296839],[-54.084590358,1.526331798],[-54.09877822,1.550523845],[-54.117526176,1.558174704],[-54.102000011,1.590630434],[-54.118551049,1.581480098],[-54.128356915,1.591312652],[-54.123082725,1.607400694],[-54.143663703,1.640612046],[-54.168917012,1.644004128],[-54.182217942,1.658074798],[-54.191103755,1.624909267],[-54.230139175,1.675971531],[-54.263658553,1.680162582],[-54.266800638,1.70806692],[-54.292359292,1.708745965],[-54.281641628,1.723847564],[-54.30978062,1.729398594],[-54.309304392,1.741050329],[-54.344662163,1.740628159],[-54.351691835,1.754072683],[-54.377722077,1.763687087],[-54.387441744,1.745155085],[-54.403945597,1.759756705],[-54.424660792,1.760440278],[-54.508554843,1.748274027],[-54.57091015,1.784454966],[-54.671195908,1.765656647],[-54.744779072,1.775800778],[-54.754421722,1.797808042],[-54.734025615,1.831976819],[-54.75319547,1.850985016],[-54.771587383,1.940498989],[-54.754441259,1.9705986],[-54.772144048,1.978412455],[-54.76902518,1.996203808],[-54.803804887,2.025822781],[-54.812832036,2.062813727],[-54.806254292,2.138927723],[-54.767891519,2.18091144],[-54.763110876,2.202319066],[-54.811420255,2.266377951],[-54.796166374,2.317965141],[-54.874696404,2.41532541],[-54.872250929,2.433746586],[-54.935421747,2.51858544],[-54.954306696,2.583692423],[-55.003805889,2.591027046],[-55.103086405,2.525735947],[-55.123473167,2.567720278],[-55.172865817,2.559438748],[-55.23480614,2.503475258],[-55.3202556,2.515463302],[-55.35622602,2.475652998],[-55.34564321,2.448082286],[-55.385398727,2.418454303],[-55.429449911,2.438966122],[-55.499784519,2.443330757],[-55.570675222,2.423609593],[-55.574701789,2.437844917],[-55.631670645,2.416998561],[-55.698418494,2.421635871],[-55.704755218,2.405564595],[-55.717956049,2.402098485],[-55.747036611,2.410537626],[-55.777006349,2.460404073],[-55.838895067,2.462268569],[-55.854593552,2.480645205],[-55.880869708,2.488988587],[-55.9016722,2.517318894],[-55.924504423,2.518694325],[-55.924234256,2.530634501],[-55.978313875,2.527421939],[-55.992954914,2.504639786],[-55.977564812,2.489701453],[-56.011589451,2.452911286],[-55.98581753,2.433985292],[-55.987092448,2.420418105],[-56.040043242,2.36636253],[-56.021891544,2.34255894],[-56.029645044,2.332522854],[-56.050679524,2.335070681],[-56.073954336,2.370908532],[-56.090201167,2.372367037],[-56.093840106,2.321258864],[-56.113476573,2.311139241],[-56.138952171,2.265833275],[-56.109011608,2.2448301],[-56.088062228,2.249971059],[-56.042958078,2.227871797],[-56.036230203,2.21357513],[-56.055124239,2.184728433],[-56.035144993,2.168885268],[-55.995761534,2.161262841],[-55.991424982,2.131407528],[-55.975596887,2.126059327],[-55.966893025,2.088514741],[-55.948785752,2.09175959],[-55.929171749,2.078720668],[-55.932896688,2.057827345],[-55.903178428,2.041164455],[-55.913815185,1.990605487],[-55.935205995,1.996590044],[-55.936425709,1.986551422],[-55.922559935,1.950449827],[-55.929619334,1.939327095],[-55.901512679,1.896795299],[-55.9564535,1.845178159],[-55.970180491,1.848351625],[-55.999038568,1.831363714],[-56.036727701,1.850289782],[-56.117699167,1.851055725],[-56.152701362,1.890786157],[-56.168597409,1.887717142],[-56.170977262,1.900564021],[-56.182509019,1.892699837],[-56.234538689,1.898694158],[-56.244121499,1.878163032],[-56.335013921,1.937183616],[-56.358291533,1.941535447],[-56.397068589,1.923366806],[-56.451340044,1.956225753],[-56.482932093,1.954152495],[-56.495652135,1.938054843],[-56.579843136,1.905960659],[-56.598484931,1.936544281],[-56.621536429,1.945958301],[-56.649233531,1.931218432],[-56.651126359,1.917195743],[-56.670040473,1.913309689],[-56.721040375,1.925893978],[-56.791398095,1.852530402],[-56.798935581,1.872617339],[-56.845904345,1.893339427],[-56.893568251,1.899404659],[-56.919795063,1.930438007],[-56.95926028,1.924468264],[-56.976184059,1.90302617],[-57.014294722,1.914969199],[-57.032042078,1.946996616],[-57.064019235,1.956042336],[-57.086765315,2.026519274],[-57.096375987,2.017923803],[-57.116682741,2.027965256],[-57.120056533,2.010231607],[-57.147546878,1.989149711],[-57.168879263,1.994214121],[-57.199985073,1.978740367],[-57.229212275,1.953585876],[-57.23238114,1.936846865],[-57.271182657,1.969771593],[-57.268900808,1.983705813],[-57.304406185,1.997541639],[-57.313290537,1.977273752],[-57.345709274,1.980344837],[-57.354317806,1.961163461],[-57.369210297,1.956454239],[-57.356764279,1.944335653],[-57.367769493,1.923794902],[-57.385124095,1.927500628],[-57.433520764,1.90604825],[-57.43201572,1.858550209],[-57.44507752,1.841177933],[-57.437851874,1.826885467],[-57.453436966,1.803902095],[-57.499855436,1.78887201],[-57.497378378,1.766888517],[-57.514598571,1.747343134],[-57.514319185,1.723097366],[-57.541383856,1.720465503],[-57.535243571,1.704183427],[-57.553321417,1.692508026],[-57.577187292,1.690420486],[-57.581826686,1.706160323],[-57.604853453,1.693035295],[-57.629435339,1.69854711],[-57.650515036,1.682436002],[-57.672489146,1.710927171],[-57.698134189,1.713810751],[-57.705185536,1.730998106],[-57.718492578,1.715521934],[-57.719739101,1.722938567],[-57.758321186,1.718764682],[-57.774403093,1.729793513],[-57.780466724,1.719297424],[-57.792353518,1.726710251],[-57.799885182,1.685275461],[-57.84426782,1.688964245],[-57.852153096,1.667884024],[-57.877216257,1.680356571],[-57.877244438,1.671853349],[-57.895080521,1.674377645],[-57.908989894,1.651213341],[-57.926854195,1.644872274],[-57.990191255,1.65850148],[-58.002713225,1.645740414],[-57.980409179,1.63326842],[-57.978656716,1.57284125],[-57.989960473,1.567409292],[-58.004325962,1.503086365],[-58.061025963,1.525401756],[-58.069548182,1.507397246],[-58.097687611,1.513986046],[-58.129524704,1.498953837],[-58.149656069,1.510068719],[-58.160743356,1.560173809],[-58.19313505,1.572277307],[-58.236103436,1.546745292],[-58.262356366,1.57079016],[-58.317240595,1.568494763],[-58.314435652,1.594001541],[-58.322468053,1.597072353],[-58.343549226,1.566578],[-58.360494599,1.560236812],[-58.363189147,1.538073714],[-58.39482567,1.526567818],[-58.383685143,1.510926984],[-58.390413674,1.496361639],[-58.37185586,1.48162854],[-58.385689804,1.470043879],[-58.421968736,1.471017115],[-58.448547176,1.456075424],[-58.462027257,1.466107139],[-58.508829712,1.463000052],[-58.498162219,1.430176326],[-58.505217034,1.403219189],[-58.479744369,1.390214066],[-58.485135494,1.384783442],[-58.470164309,1.370863945],[-58.457973637,1.371505264],[-58.474383057,1.348432277],[-58.47621697,1.308546594],[-58.495161298,1.294969108],[-58.496327226,1.268015326],[-58.512993074,1.277683352],[-58.52299457,1.257960684],[-58.527166044,1.269626533],[-58.538270439,1.267718306],[-58.540218179,1.28797657],[-58.564663342,1.294654271],[-58.585496797,1.262174653],[-58.628834585,1.288554893],[-58.664110987,1.279396478],[-58.694668332,1.297373376],[-58.710496903,1.289948661],[-58.720775438,1.255485812],[-58.715218594,1.237674499],[-58.739663397,1.199949732],[-58.751330233,1.208531873],[-58.769946248,1.186545251],[-58.791608096,1.190510824],[-58.800217878,1.176579668],[-58.821332281,1.171048779],[-58.826886777,1.187140972],[-58.854392823,1.183507136],[-58.87466031,1.223278852],[-58.895497942,1.227693838],[-58.895464819,0.263510276],[-58.8983284,-0.017913562],[-58.886581643,-0.059183919],[-58.872085071,-0.064492626],[-58.863390969,-0.087085038],[-58.863097215,-0.160936003],[-58.881038014,-0.19657936],[-58.865394749,-0.26554883],[-58.873095222,-0.343721129],[-58.843337196,-0.37020477],[-58.783479096,-0.38896804],[-58.725282365,-0.438319144],[-58.736521028,-0.471740898],[-58.709988009,-0.517035911],[-58.709010734,-0.545864286],[-58.72977783,-0.563552136],[-58.725673275,-0.608406716],[-58.73784035,-0.61783688],[-58.708131187,-0.651990547],[-58.707593685,-0.678472917],[-58.67446406,-0.69503654],[-58.663714034,-0.717609879],[-58.634053735,-0.719173396],[-58.612846865,-0.75831001],[-58.592714998,-0.764954893],[-58.580596787,-0.78669727],[-58.573071769,-0.781811353],[-58.573902453,-0.795638485],[-58.560220601,-0.797739423],[-58.555969455,-0.813716291],[-58.533736446,-0.81664782],[-58.53378531,-0.830328258],[-58.520005731,-0.826761577],[-58.511259119,-0.841272574],[-58.509646615,-0.83238032],[-58.489514748,-0.832673471],[-58.489074975,-0.859789897],[-58.481549956,-0.856662967],[-58.470604475,-0.872688454],[-58.460587406,-0.862867966],[-58.440003549,-0.874203054],[-58.434970582,-0.893892803],[-58.454662675,-0.899462589],[-58.444156968,-0.902882629],[-58.449043344,-0.935421701],[-58.410440978,-0.980516642],[-58.424073965,-0.990971938],[-58.419822818,-1.012541988],[-58.428911477,-1.028615613],[-58.411955754,-1.04776706],[-58.391090931,-1.041366972],[-58.363727228,-1.071119942],[-58.358303351,-1.107712278],[-58.335581705,-1.115675571],[-58.321264625,-1.14562322],[-58.255884922,-1.130820424],[-58.24298489,-1.157543568],[-58.234971235,-1.152511624],[-58.205213208,-1.169317305],[-58.206190483,-1.186367152],[-58.197981372,-1.180797873],[-58.189527943,-1.203319188],[-58.154003993,-1.232679669],[-58.145013062,-1.208644158],[-58.118186861,-1.18827243],[-58.123610738,-1.164138821],[-58.092826572,-1.161598429],[-58.078802675,-1.14586749],[-58.079584495,-1.126618957],[-58.058670808,-1.106539767],[-58.017332071,-1.103608487],[-58.011615012,-1.136438656],[-57.96578081,-1.169317305],[-57.975749016,-1.192913484],[-57.958695566,-1.222518341],[-57.971986507,-1.229064586],[-57.998714981,-1.331286458],[-57.989137685,-1.353464514],[-57.968908091,-1.358642621],[-57.973256965,-1.374763073],[-57.954310044,-1.379770161],[-57.957877098,-1.403462092],[-57.911456531,-1.404732168],[-57.909648572,-1.42861924],[-57.886242834,-1.434139122],[-57.877105312,-1.423343589],[-57.82281768,-1.438682023],[-57.795331818,-1.487236761],[-57.771584033,-1.486968101],[-57.779988599,-1.510023906],[-57.741874871,-1.502208406],[-57.728730521,-1.513638565],[-57.71206798,-1.503331886],[-57.697702036,-1.558528217],[-57.706155466,-1.572449189],[-57.678400853,-1.594673706],[-57.659246262,-1.580508657],[-57.650353058,-1.590033442],[-57.621914353,-1.589154233],[-57.600707483,-1.572156117],[-57.588051771,-1.580606347],[-57.595088152,-1.600193165],[-57.55316305,-1.606787188],[-57.539383471,-1.626031847],[-57.521841383,-1.629206709],[-57.525897075,-1.65533808],[-57.506009527,-1.641906109],[-57.499168601,-1.654703116],[-57.478157187,-1.658268679],[-57.473075356,-1.67888044],[-57.439652548,-1.665057885],[-57.43564572,-1.691188781],[-57.423625237,-1.692605213],[-57.417614995,-1.674289214],[-57.402467231,-1.676633671],[-57.400317226,-1.692263316],[-57.385755827,-1.697684819],[-57.399022336,-1.713851555],[-57.392376866,-1.724792108],[-57.372929091,-1.71424229],[-57.351429039,-1.736709425],[-57.344588114,-1.71502376],[-57.331932401,-1.715658704],[-57.304861881,-1.732753275],[-57.292255032,-1.70828357],[-57.263620872,-1.722203501],[-57.258636769,-1.6968545],[-57.243049231,-1.703252834],[-57.247153787,-1.720835933],[-57.230833293,-1.727527237],[-57.204007091,-1.711214091],[-57.200684356,-1.735293026],[-57.188028644,-1.719517206],[-57.1736627,-1.731727605],[-57.16677291,-1.718833422],[-57.158710391,-1.733388213],[-57.172343378,-1.745598522],[-57.159199028,-1.758052956],[-57.164231995,-1.768504848],[-57.126851223,-1.766013982],[-57.114219942,-1.792558628],[-57.084803962,-1.780495147],[-57.079282358,-1.802570768],[-57.06095845,-1.810873476],[-57.07253916,-1.838565176],[-57.028415189,-1.918023783],[-56.988350919,-1.907160343],[-56.952770598,-1.960230116],[-56.897374769,-1.976223651],[-56.849956248,-2.020171847],[-56.793208158,-2.02099526],[-56.766992399,-2.008697599],[-56.738967008,-2.017009539],[-56.721382198,-2.059174441],[-56.769429693,-2.140672905],[-56.76853918,-2.165751952],[-56.707767915,-2.183902049],[-56.689851351,-2.208940254],[-56.612913188,-2.210171271],[-56.597791768,-2.17495524],[-56.569590994,-2.174758901],[-56.527065318,-2.139195179],[-56.477893326,-2.170376396],[-56.444180295,-2.15392575],[-56.413882795,-2.175949604],[-56.375062747,-2.138777692],[-56.343546878,-2.149471685],[-56.316761278,-2.140125967],[-56.297456935,-2.100807463],[-56.256152625,-2.088316149],[-56.228377223,-2.056220412],[-56.207642229,-2.059980684],[-56.186703422,-2.04282133],[-56.098173196,-2.02693902],[-56.10241627,-2.048017969],[-56.203769678,-2.183080195],[-56.293229858,-2.236073933],[-56.38431574,-2.270475355],[-56.412757699,-2.321715461],[-56.420833395,-2.360191823],[-56.465594822,-2.423115081],[-56.462266973,-2.433917306],[-56.402107186,-2.456516763],[-56.810097414,-3.332978085],[-57.23264063,-4.247985883],[-57.585573258,-5.000743091],[-58.033639007,-5.978137802],[-58.262552641,-6.468922062],[-58.29310908,-6.493881953],[-58.327056183,-6.500374038],[-58.349886621,-6.562401063],[-58.427305755,-6.616167481],[-58.478471187,-6.699613641],[-58.48175561,-6.781421651],[-58.434555932,-6.908806513],[-58.380249811,-6.97050404],[-58.355609201,-6.97165901],[-58.335422117,-6.986372608],[-58.288255167,-7.061673978],[-58.245888557,-7.088882256],[-58.209523984,-7.134262618],[-58.169750033,-7.222237571],[-58.170009915,-7.31322323],[-58.137055641,-7.356122763],[-58.1384405,-7.349034185],[-58.118601985,-7.353063099],[-58.061361567,-7.395191153],[-58.03510512,-7.454139304],[-57.972581972,-7.534588106],[-57.945107133,-7.602164125],[-57.939558276,-7.653134812],[-57.909392985,-7.66105279],[-57.896749022,-7.67788455],[-57.873836824,-7.801193578],[-57.835023457,-7.881408337],[-57.828833034,-7.972895903],[-57.776528648,-8.0521753],[-57.728439909,-8.094215782],[-57.715138215,-8.157947583],[-57.667247547,-8.176467901],[-57.643212259,-8.21217532],[-57.679085347,-8.315325753],[-57.66860845,-8.374552748],[-57.686943958,-8.416253598],[-57.65141907,-8.471039542],[-57.659054493,-8.500386574],[-57.634132997,-8.518905329],[-57.650502554,-8.553371284],[-57.648641794,-8.576374975],[-57.622245725,-8.591188375],[-57.624744122,-8.638841273],[-57.596834961,-8.691665436],[-57.601053937,-8.741227976],[-57.592938921,-8.756476972],[-57.562365119,-8.761251811],[-57.530385013,-8.7481741],[-57.463531179,-8.784741847],[-57.427579408,-8.783239235],[-57.414049192,-8.812507366],[-57.419912627,-8.853039349],[-57.384382918,-8.879557399],[-57.317888291,-8.885712287],[-57.299586245,-8.913996788],[-57.240189837,-8.906491752],[-57.195004293,-8.9275137],[-57.138274167,-8.994612068],[-57.094605186,-9.017111416],[-57.083832741,-9.046601878],[-57.059605344,-9.06427781],[-57.063246985,-9.078575679],[-57.039241594,-9.098290014],[-57.060442532,-9.137130425],[-57.057167109,-9.185927913],[-56.995549345,-9.233842563],[-56.952249065,-9.223083645],[-56.879546686,-9.239702124],[-56.860333657,-9.231645709],[-56.8201088,-9.246340381],[-56.779166097,-9.317197643],[-56.772323619,-9.3909593],[-56.761108748,-9.404999403],[-56.711302029,-9.374287143],[-56.671882682,-9.367396944],[-55.152173596,-9.492726209],[-53.588442803,-9.611050305],[-52.000320904,-9.725835481],[-50.224806382,-9.841153477],[-50.197896402,-9.75883491],[-50.151005301,-9.695608151],[-50.139004907,-9.627459874],[-50.107369674,-9.594280186],[-50.107332118,-9.572507524],[-50.089562276,-9.545692939],[-50.107949402,-9.508630175],[-50.105337636,-9.475410492],[-50.052833517,-9.372673013],[-50.055468041,-9.334698915],[-50.040979815,-9.294419239],[-50.005005668,-9.268759688],[-49.99405948,-9.234096186],[-49.966148302,-9.230864054],[-49.907696133,-9.173822909],[-49.910054379,-9.153522384],[-49.867331668,-9.097091429],[-49.842589652,-9.027325948],[-49.793663572,-8.979433763],[-49.745088141,-8.906163576],[-49.684358284,-8.856474923],[-49.592411328,-8.839491234],[-49.487606335,-8.688504705],[-49.454025665,-8.615391466],[-49.406329515,-8.573748303],[-49.377013652,-8.455285072],[-49.349409419,-8.418376484],[-49.283324052,-8.379557209],[-49.248660263,-8.255376362],[-49.215853994,-8.194211698],[-49.199358172,-8.08756833],[-49.176718567,-8.06151125],[-49.182028362,-7.976963531],[-49.163242842,-7.921283302],[-49.164912967,-7.83287031],[-49.148443419,-7.807314798],[-49.328079038,-7.677794965],[-49.374355988,-7.588489637],[-49.384051966,-7.543492224],[-49.37799741,-7.496445758],[-49.231475023,-7.325786123],[-49.185284176,-7.235171786],[-49.191804952,-7.050836535],[-49.217445113,-6.961469314],[-49.209528113,-6.925420569],[-49.171941247,-6.892935119],[-49.115270924,-6.86994954],[-49.043771241,-6.815771422],[-49.018883519,-6.784210543],[-48.963712638,-6.779459728],[-48.909323198,-6.756464797],[-48.814189544,-6.75176479],[-48.769098158,-6.730701562],[-48.736879845,-6.692781007],[-48.670912734,-6.66900444],[-48.651960442,-6.639951241],[-48.660664853,-6.54686836],[-48.613154462,-6.453728987],[-48.540576225,-6.400842122],[-48.50021515,-6.350927585],[-48.447706992,-6.351178934],[-48.382679265,-6.379607884],[-48.378215019,-6.333694244],[-48.417122596,-6.298586626],[-48.412710768,-6.281329634],[-48.4349388,-6.183168285],[-48.408270492,-6.153402246],[-48.334488679,-6.137024364],[-48.297240215,-6.110477604],[-48.28362786,-6.085540785],[-48.28687703,-6.065768926],[-48.301983487,-6.047305833],[-48.335160089,-6.035719669],[-48.334716313,-6.004274754],[-48.307081593,-5.974840712],[-48.231629288,-5.94613886],[-48.235702341,-5.911044424],[-48.291969842,-5.836837416],[-48.297636543,-5.765123456],[-48.275710028,-5.726513365],[-48.22004241,-5.728162067],[-48.170959427,-5.707350779],[-48.134565503,-5.635445046],[-48.138151994,-5.602690143],[-48.212601168,-5.554239884],[-48.261513527,-5.548071156],[-48.300707025,-5.523006587],[-48.328088707,-5.496632089],[-48.35159757,-5.427836374],[-48.384742538,-5.394206788],[-48.505188026,-5.429344712],[-48.557536486,-5.416711043],[-48.596733399,-5.422544372],[-48.629124256,-5.41005874],[-48.650488066,-5.384918222],[-48.736880083,-5.37396243],[-48.755150737,-5.349165408],[-48.433151541,-5.098065463],[-48.434623779,-5.076673037],[-48.419046314,-5.085710938],[-48.40037825,-5.074156192],[-47.816153022,-4.614728476],[-47.792569131,-4.586410791],[-47.679957295,-4.608617364],[-47.611941881,-4.557357881],[-47.581477656,-4.519935484],[-47.563724177,-4.4745575],[-47.502788132,-4.403706587],[-47.47631459,-4.356439428],[-47.47473416,-4.31504352],[-47.429257657,-4.286840556],[-47.429671297,-4.276200267],[-47.417519801,-4.278410882],[-47.371768056,-4.245585848],[-47.379001801,-4.22053692],[-47.360266805,-4.191372084],[-47.365828664,-4.180640032],[-47.340235116,-4.177045752],[-47.350643641,-4.115271361],[-47.331407045,-4.091425056],[-47.319424334,-4.047774506],[-47.305062395,-4.058830288],[-47.238928586,-3.998630753],[-47.222655638,-4.001301718],[-47.21997587,-3.988172482],[-47.204474124,-3.988315422],[-47.201739206,-3.973568892],[-47.190256172,-3.983704733],[-47.192809133,-3.968843042],[-47.178427042,-3.960897276],[-47.183732502,-3.947645094],[-47.169255927,-3.943439202],[-47.173146051,-3.923823359],[-47.148496141,-3.914489778],[-47.148710554,-3.896904725],[-47.13243809,-3.899573247],[-47.132540683,-3.878653984],[-47.106624833,-3.880942792],[-47.101858976,-3.861348242],[-47.085205117,-3.856640016],[-47.086683526,-3.824902698],[-47.072617546,-3.817862394],[-47.075746767,-3.80400947],[-47.063241088,-3.798884606],[-47.064693937,-3.777759151],[-47.055715749,-3.773535607],[-47.065273355,-3.759363964],[-47.053582657,-3.747769435],[-47.060849549,-3.729762972],[-47.046280827,-3.706450964],[-47.054525177,-3.685005359],[-47.037018674,-3.667966088],[-47.048890334,-3.668646068],[-47.046632478,-3.65601812],[-47.057047703,-3.654579438],[-47.040075089,-3.644106798],[-47.052339298,-3.635387088],[-47.04862386,-3.619629337],[-47.027354968,-3.599274735],[-47.041400548,-3.590727587],[-47.02723733,-3.580933001],[-47.038846104,-3.562103308],[-47.018465857,-3.565539485],[-47.018476542,-3.548542514],[-47.003768552,-3.534204003],[-46.975699428,-3.529768412],[-46.9783594,-3.517719318],[-46.968879831,-3.514402837],[-46.982317364,-3.494942661],[-46.959791173,-3.49508898],[-46.969075286,-3.473677445],[-46.948454782,-3.476798976],[-46.956321846,-3.461288775],[-46.94205363,-3.44650995],[-46.956321846,-3.425877742],[-46.939903625,-3.420853756],[-46.948699101,-3.405440199],[-46.949138874,-3.392172636],[-46.936092252,-3.391440964],[-46.944252499,-3.37719763],[-46.927883141,-3.377636641],[-46.917279706,-3.361319971],[-46.90574786,-3.367514972],[-46.889867139,-3.335368831],[-46.874475057,-3.345905467],[-46.867780723,-3.326929684],[-46.858643201,-3.342978635],[-46.849212496,-3.318392902],[-46.839195426,-3.32414914],[-46.813884001,-3.310051175],[-46.812222634,-3.302050856],[-46.826588578,-3.297904324],[-46.810805585,-3.290001474],[-46.820089698,-3.274049233],[-46.802058973,-3.265999841],[-46.806163528,-3.244046626],[-46.785909502,-3.247242068],[-46.778531075,-3.216848371],[-46.755271928,-3.216214143],[-46.771543558,-3.20406616],[-46.758399208,-3.19474773],[-46.773058334,-3.178598836],[-46.751558282,-3.188844387],[-46.749554868,-3.165913728],[-46.719943433,-3.153472412],[-46.729374138,-3.128199009],[-46.744473038,-3.137371666],[-46.74813782,-3.121856167],[-46.731963917,-3.124588473],[-46.718868431,-3.10921916],[-46.716474107,-3.126393742],[-46.707727495,-3.127076816],[-46.706750219,-3.100631764],[-46.676503555,-3.094142378],[-46.677334239,-3.034272276],[-46.667317169,-3.029685512],[-46.672399,-3.015803116],[-46.658814876,-3.010850302],[-46.674158095,-3.000212656],[-46.649921673,-2.996016125],[-46.64923758,-2.983426436],[-46.662968295,-2.974691644],[-46.647429621,-2.969811842],[-46.673034229,-2.945070914],[-46.653928501,-2.93106545],[-46.68055541,-2.882717815],[-46.668441036,-2.875944693],[-46.639415966,-2.883557813],[-46.640637559,-2.861840767],[-46.631206855,-2.861694359],[-46.640002331,-2.850908885],[-46.61097726,-2.855252368],[-46.614837497,-2.829386439],[-46.589574936,-2.845784529],[-46.575697629,-2.841538618],[-46.595780633,-2.826311771],[-46.602523831,-2.7892199],[-46.62529434,-2.806545855],[-46.634822773,-2.796443146],[-46.635995503,-2.75539695],[-46.651876223,-2.757202818],[-46.653977364,-2.729040738],[-46.674891051,-2.731871618],[-46.671372861,-2.70619822],[-46.647185303,-2.689944628],[-46.650654629,-2.680475468],[-46.634334135,-2.685454107],[-46.63452959,-2.674178924],[-46.618600006,-2.665392995],[-46.622264788,-2.644941062],[-46.606090885,-2.63947414],[-46.592604489,-2.665490617],[-46.578873774,-2.631517772],[-46.506848599,-2.616874019],[-46.509438378,-2.590612459],[-46.48720537,-2.575040757],[-46.500887221,-2.555905363],[-46.491212198,-2.537550738],[-46.473572382,-2.546581637],[-46.419333615,-2.532425065],[-46.43658252,-2.515241707],[-46.429350684,-2.499083287],[-46.440051847,-2.481801856],[-46.432429101,-2.46549657],[-46.442152988,-2.419411092],[-46.409414272,-2.371371172],[-46.4318916,-2.364487267],[-46.456274613,-2.386749988],[-46.467366685,-2.376350999],[-46.431647281,-2.334803082],[-46.432429101,-2.297111077],[-46.415913152,-2.269134372],[-46.431940463,-2.237055705],[-46.410635866,-2.228755174],[-46.382246025,-2.249018152],[-46.347210713,-2.221968234],[-46.332356131,-2.190913928],[-46.283296922,-2.154390115],[-46.300887873,-2.141792125],[-46.272107122,-2.117572444],[-46.27533213,-2.057509916],[-46.260428685,-2.046083128],[-46.222705866,-1.910225206],[-46.228764972,-1.888492782],[-46.244841147,-1.881948583],[-46.211369475,-1.835747797],[-46.227005876,-1.805955958],[-46.253636623,-1.795846156],[-46.297736161,-1.794136764],[-46.312150969,-1.80568734],[-46.323707247,-1.766444389],[-46.308461755,-1.730888142],[-46.265852561,-1.7328418],[-46.247577517,-1.720924459],[-46.22119109,-1.731278874],[-46.20350241,-1.705295046],[-46.17408643,-1.700508513],[-46.156788661,-1.680287722],[-46.164215952,-1.626559973],[-46.146918183,-1.610441367],[-46.154931838,-1.593736496],[-46.133627241,-1.578692227],[-46.144084085,-1.517830219],[-46.176334163,-1.474942474],[-46.139784074,-1.443875207],[-46.154150018,-1.422577275],[-46.103722623,-1.337285911],[-46.128936321,-1.334257181],[-46.129131776,-1.312469759],[-46.147309093,-1.309441],[-46.161577309,-1.281888888],[-46.140077257,-1.247692594],[-46.149263643,-1.226002142],[-46.104113533,-1.201966571],[-46.087138801,-1.134418712],[-46.061511214,-1.102564005],[-46.080459363,-1.060046466],[-46.093854726,-1.056734525],[-46.072349353,-1.045829228],[-46.077088689,-1.024066747],[-46.094552097,-1.020627302],[-46.109390986,-1.0416413],[-46.124503886,-1.041453996],[-46.150693242,-1.086441867],[-46.16487144,-1.089010979],[-46.169960077,-1.073413179],[-46.150254071,-1.043630191],[-46.160503351,-1.005174254],[-46.175435799,-0.999852155],[-46.190480214,-1.076192908],[-46.218888124,-1.099653938],[-46.239477036,-1.101232455],[-46.204789628,-1.05841449],[-46.222124909,-0.984498987],[-46.190733578,-0.948939512],[-46.175875534,-0.945429288],[-46.180243416,-0.912237033],[-46.202937339,-0.885319911],[-46.264830658,-0.91341464],[-46.267691345,-0.96515579],[-46.28928612,-0.983045314],[-46.289038313,-1.001831678],[-46.319285499,-1.023707537],[-46.334599641,-1.024792378],[-46.347757202,-1.006756961],[-46.381659855,-1.026370828],[-46.398937548,-0.996531497],[-46.415886705,-1.000957411],[-46.428376509,-1.024125536],[-46.466249246,-1.026433633],[-46.476299545,-1.01566887],[-46.465956948,-1.005689923],[-46.468976997,-0.981689923],[-46.495309168,-0.974621781],[-46.46324026,-0.945740166],[-46.480506554,-0.920498412],[-46.410255486,-0.887639907],[-46.423801737,-0.866450803],[-46.468914984,-0.87398135],[-46.458848283,-0.883603866],[-46.466397083,-0.89404289],[-46.49376001,-0.872605951],[-46.510213681,-0.881604797],[-46.515078582,-0.929653819],[-46.537382985,-0.954799216],[-46.532820797,-0.908578663],[-46.55258511,-0.913761279],[-46.577485169,-0.981503233],[-46.601961009,-0.956941616],[-46.636408539,-0.969078539],[-46.642041729,-0.948857096],[-46.624983952,-0.921185706],[-46.642123266,-0.909493211],[-46.615862513,-0.859045412],[-46.595514124,-0.846411075],[-46.618975542,-0.805480251],[-46.631593356,-0.801701004],[-46.63078819,-0.814917409],[-46.643537637,-0.792986744],[-46.68055555,-0.796272877],[-46.662879375,-0.813015238],[-46.676942719,-0.821842681],[-46.67121432,-0.851365097],[-46.699586794,-0.83496427],[-46.715269365,-0.842460992],[-46.724095005,-0.86675347],[-46.735443564,-0.862232232],[-46.739772986,-0.820757715],[-46.760642695,-0.798606887],[-46.766150897,-0.839593076],[-46.801747614,-0.872407945],[-46.80953044,-0.860179099],[-46.80441219,-0.826779662],[-46.831052294,-0.843045523],[-46.844012825,-0.819563242],[-46.824394429,-0.805032261],[-46.839991805,-0.793294888],[-46.824336637,-0.79121427],[-46.831894583,-0.75452567],[-46.860873591,-0.741059714],[-46.872152225,-0.751386158],[-46.862884769,-0.759750328],[-46.88366744,-0.767180504],[-46.883672041,-0.807649126],[-46.912821026,-0.821123058],[-46.916131076,-0.852419048],[-46.941211478,-0.869243482],[-46.942247187,-0.807470854],[-46.970291407,-0.76747949],[-46.946151336,-0.730994283],[-46.958117746,-0.710745794],[-46.974977994,-0.70410015],[-46.99278244,-0.71340077],[-46.988676346,-0.726762693],[-47.004693535,-0.765015266],[-47.02790101,-0.763665619],[-47.037420229,-0.794005874],[-47.055981246,-0.797290669],[-47.066833938,-0.774610271],[-47.076626325,-0.78599452],[-47.082477674,-0.752965899],[-47.099390324,-0.753479508],[-47.075384777,-0.69394667],[-47.094842005,-0.672440208],[-47.121187667,-0.676212528],[-47.131167471,-0.685437781],[-47.123638358,-0.693703843],[-47.140301035,-0.69846572],[-47.12729676,-0.714755964],[-47.168043778,-0.764928586],[-47.178482572,-0.746066912],[-47.166094596,-0.726244643],[-47.172593605,-0.674111122],[-47.207580537,-0.697133216],[-47.20476533,-0.649972684],[-47.218192471,-0.632680617],[-47.257745361,-0.622792384],[-47.250680135,-0.645294553],[-47.282776496,-0.638001555],[-47.294068623,-0.645014109],[-47.286368157,-0.602955158],[-47.320274237,-0.591328727],[-47.354913983,-0.602477304],[-47.346557898,-0.609005364],[-47.35332752,-0.612786935],[-47.368510122,-0.60029657],[-47.384254864,-0.602493265],[-47.368994839,-0.628976019],[-47.389085094,-0.627784419],[-47.395898966,-0.653964439],[-47.419525737,-0.639520371],[-47.426509188,-0.657411026],[-47.430835409,-0.640795879],[-47.411114344,-0.602778165],[-47.414903912,-0.591492912],[-47.442368549,-0.58452411],[-47.476557921,-0.593517417],[-47.470536488,-0.598906053],[-47.484904284,-0.61942481],[-47.472342041,-0.631047285],[-47.479006275,-0.657154393],[-47.470132554,-0.708769412],[-47.481566083,-0.739083403],[-47.52148399,-0.647695351],[-47.540538095,-0.639099872],[-47.531436716,-0.618931895],[-47.538492858,-0.604467614],[-47.563159861,-0.58219393],[-47.589291061,-0.575800599],[-47.586817744,-0.639054428],[-47.607488433,-0.69694053],[-47.629124759,-0.707273843],[-47.632273212,-0.68950618],[-47.645453741,-0.688525217],[-47.63382992,-0.662789863],[-47.642344622,-0.653733882],[-47.63029231,-0.626755754],[-47.630785836,-0.615154136],[-47.638952474,-0.616244375],[-47.632730885,-0.602106116],[-47.66996269,-0.575177631],[-47.701417936,-0.596218655],[-47.690029201,-0.555837947],[-47.704294757,-0.553311112],[-47.703878386,-0.534575983],[-47.754254456,-0.54317003],[-47.744698212,-0.567065012],[-47.77044154,-0.56273862],[-47.761101074,-0.610535998],[-47.772848034,-0.605459307],[-47.777583178,-0.581787423],[-47.807977775,-0.587856264],[-47.798244502,-0.558431218],[-47.819291078,-0.562330053],[-47.814272726,-0.576418217],[-47.830646021,-0.610524912],[-47.820592817,-0.636482139],[-47.840582737,-0.682775683],[-47.866407939,-0.667231888],[-47.845900903,-0.625184682],[-47.846780486,-0.58785639],[-47.859364429,-0.588290096],[-47.858745638,-0.570366406],[-47.869943193,-0.561225575],[-47.91428589,-0.563607918],[-47.907093551,-0.600565335],[-47.920108813,-0.601885714],[-47.916577455,-0.622099913],[-47.959378401,-0.634445852],[-47.965223491,-0.673701698],[-47.97946826,-0.689443342],[-48.019695569,-0.686558193],[-48.026302921,-0.668166204],[-48.055217794,-0.661769521],[-48.158404498,-0.774212759],[-48.170064899,-0.815203311],[-48.2294917,-0.827816065],[-48.258071358,-0.888682091],[-48.293770785,-0.919676531],[-48.365801276,-0.918925489],[-48.454749419,-0.886659343],[-48.474716129,-0.873902096],[-48.500982873,-0.828957541],[-48.512138832,-0.759018016],[-48.486665377,-0.727188281],[-48.470594454,-0.614052336],[-48.473725544,-0.526713986],[-48.451314792,-0.433931416],[-48.378119322,-0.325535759],[-48.37675903,-0.28755447],[-48.396910391,-0.251634121],[-48.440236247,-0.225404713],[-48.505116819,-0.242576147],[-48.633567671,-0.231588318],[-48.711971322,-0.251848353],[-48.743727379,-0.249922362],[-48.81007842,-0.214765694],[-48.918390451,-0.229552938],[-48.94701828,-0.222213409],[-48.997267327,-0.18620993],[-49.012620407,-0.159883422],[-49.039424501,-0.16933894],[-49.113368039,-0.16062742],[-49.129698934,-0.171022678],[-49.155958384,-0.157797465],[-49.16656951,-0.128966649],[-49.177067557,-0.139720911],[-49.196167599,-0.13135309],[-49.247556806,-0.16555514],[-49.32856748,-0.157829389],[-49.378747768,-0.191023666],[-49.394176063,-0.190946142],[-49.422189245,-0.16844694],[-49.438611126,-0.126492719],[-49.416795711,-0.067472202],[-49.389091688,-0.058766404],[-49.376051842,-0.032476036],[-49.357452692,-0.023933167],[-49.358338347,0.007936507],[-49.37491528,0.044399326],[-49.39700902,0.062159081],[-49.478956137,0.081063341],[-49.576948059,0.090735849],[-49.632227574,0.074893383],[-49.665659051,0.096562011],[-49.699578385,0.1505051],[-49.692719743,0.178097167],[-49.644449052,0.216663403],[-49.633289954,0.241352278],[-49.495029473,0.318627394],[-49.488679859,0.339283853],[-49.503175136,0.371678658],[-49.547758158,0.390131107],[-49.58192337,0.418674009],[-49.618127004,0.392054315],[-49.656913786,0.393877044],[-49.731085991,0.375283269],[-49.807786682,0.332050426],[-49.822214174,0.356306019],[-49.914164288,0.319695445],[-49.92093551,0.324820065],[-49.909794607,0.344850183],[-49.945910666,0.365774763],[-49.980509363,0.36050305],[-49.992908934,0.338415402],[-50.098444558,0.34446331],[-50.131692945,0.330663438],[-50.167818885,0.340290841],[-50.176991059,0.363421971],[-50.172737633,0.397642979],[-50.077434392,0.463443329],[-50.036412976,0.534178401],[-50.029151432,0.57805972],[-50.0459787,0.613916684],[-50.083641873,0.640194017],[-50.104354168,0.639550014],[-50.13348981,0.61961957],[-50.204038357,0.648015166],[-50.226085739,0.696237153]]],[[[-48.875901991,-0.181987093],[-48.879678658,-0.157236386],[-48.915633549,-0.151286433],[-48.932707022,-0.162793794],[-48.947534987,-0.206832723],[-48.924551158,-0.213981438],[-48.881319001,-0.203343692],[-48.864555284,-0.188777083],[-48.875901991,-0.181987093]]],[[[-49.626296584,0.190127466],[-49.660682677,0.187259949],[-49.677453142,0.155723929],[-49.653457233,0.145035482],[-49.615401757,0.152820348],[-49.602707123,0.175968793],[-49.626296584,0.190127466]]],[[[-49.618080172,0.199240556],[-49.576318113,0.219706844],[-49.557818427,0.243863768],[-49.6021381,0.242767929],[-49.631882304,0.210269776],[-49.63210947,0.201028446],[-49.618080172,0.199240556]]],[[[-46.31140564,-1.005962607],[-46.306600791,-0.943253764],[-46.317342321,-0.934524766],[-46.339979101,-0.959848586],[-46.31140564,-1.005962607]]],[[[-49.450277133,0.117179761],[-49.48422891,0.149955712],[-49.507397055,0.124058123],[-49.474298773,0.113128386],[-49.450277133,0.117179761]]],[[[-49.563405264,0.186656044],[-49.554929342,0.206433079],[-49.607903856,0.191953466],[-49.592011502,0.182418105],[-49.563405264,0.186656044]]],[[[-46.432807636,-0.988770645],[-46.404916915,-0.965380014],[-46.404898222,-0.942544948],[-46.416457304,-0.943116663],[-46.432807636,-0.988770645]]],[[[-49.131041317,-0.160936076],[-49.122735049,-0.145130031],[-49.151138394,-0.135751833],[-49.154090854,-0.148881431],[-49.131041317,-0.160936076]]],[[[-46.149671744,-0.954047945],[-46.137234053,-0.926820856],[-46.145866336,-0.923644167],[-46.153545619,-0.928804626],[-46.149671744,-0.954047945]]],[[[-48.754953811,-0.179773919],[-48.746768848,-0.170515596],[-48.757484684,-0.163674354],[-48.770709374,-0.178657906],[-48.765207432,-0.186255071],[-48.754953811,-0.179773919]]],[[[-46.614206802,-0.95721712],[-46.603632299,-0.939852911],[-46.626846941,-0.959236075],[-46.614206802,-0.95721712]]],[[[-47.970807603,-0.654968567],[-47.98474667,-0.656444585],[-47.982243754,-0.673390501],[-47.970807603,-0.654968567]]],[[[-46.379325082,-1.022479632],[-46.37816614,-1.001816446],[-46.385862331,-1.007172826],[-46.379325082,-1.022479632]]]]},"properties":{"CD_UF":15,"NM_UF":"Pará","SIGLA_UF":"PA","NM_REGIAO":"Norte","color":"red"}},{"type":"Feature","geometry":{"type":"MultiPolygon","coordinates":[[[[-50.450113058,2.109242719],[-50.507285652,2.090161698],[-50.521230223,2.005429099],[-50.494078754,1.987080153],[-50.45246253,1.884102755],[-50.425508237,1.867017231],[-50.366989688,1.889451095],[-50.329395074,1.92908131],[-50.317268614,1.959029987],[-50.36245471,2.022026284],[-50.361836027,2.059953774],[-50.383423434,2.071204005],[-50.398771472,2.105001302],[-50.450113058,2.109242719]]],[[[-50.508799435,2.185176557],[-50.553099244,2.151349682],[-50.52947298,2.138253686],[-50.507659611,2.099890788],[-50.42263348,2.118462411],[-50.421926149,2.142312208],[-50.440930797,2.166513138],[-50.465775686,2.184444461],[-50.508799435,2.185176557]]],[[[-50.226085739,0.696237153],[-50.231244665,0.730139339],[-50.220393701,0.743122249],[-50.097361984,0.767049912],[-50.020261151,0.858770045],[-49.987615341,0.876013503],[-50.002473531,0.906412696],[-49.989014001,0.939515119],[-49.956745496,0.949533808],[-49.889782433,1.013596962],[-49.883082993,1.169077005],[-49.897578125,1.191583906],[-49.904269511,1.295591527],[-49.883641804,1.339981633],[-49.876541568,1.450427096],[-49.920618346,1.68792961],[-50.01902412,1.753107402],[-50.16575857,1.81303061],[-50.289694125,1.807873678],[-50.324614062,1.815381036],[-50.40046434,1.800264988],[-50.444838844,1.815035819],[-50.474964883,1.838595074],[-50.525616413,1.929936142],[-50.582660148,1.989632614],[-50.603745872,2.073033609],[-50.643082077,2.113429493],[-50.681866793,2.13340279],[-50.686631312,2.191050469],[-50.724508907,2.244290706],[-50.722627846,2.287746578],[-50.744881456,2.320033703],[-50.770372553,2.45342164],[-50.794224367,2.498549171],[-50.827010346,2.512770615],[-50.823559474,2.527631447],[-50.847337029,2.591399788],[-50.847720982,2.640344228],[-50.882448478,2.688241141],[-50.88466109,2.741415968],[-50.905353374,2.756939847],[-50.908491578,2.788866629],[-50.954207264,2.837236797],[-50.950511654,2.882170549],[-50.983764702,2.937066678],[-50.998826901,3.011036684],[-51.021168019,3.051376508],[-51.014297472,3.085557828],[-51.044410423,3.13400392],[-51.032822493,3.213689041],[-51.086536519,3.350172032],[-51.109308672,3.450626727],[-51.091011093,3.480481662],[-51.081774798,3.55953854],[-51.090804275,3.631939478],[-51.083030942,3.89495119],[-51.101867984,3.912795707],[-51.122280317,3.906864136],[-51.179297792,3.919496294],[-51.175650781,4.01086151],[-51.203978371,4.125109541],[-51.271326911,4.234001356],[-51.331840136,4.305798592],[-51.485881552,4.437178696],[-51.637634878,4.50881707],[-51.669368071,4.453839448],[-51.663784086,4.423516565],[-51.679184249,4.366093769],[-51.669230619,4.309779531],[-51.618911271,4.209822465],[-51.634964303,4.176348214],[-51.656065392,4.053905148],[-51.777624885,3.974553884],[-51.781515805,3.924172783],[-51.798641411,3.886953906],[-51.873375177,3.803579983],[-51.886452464,3.794417643],[-51.902937226,3.800222403],[-51.896477412,3.785069282],[-51.920617622,3.780094964],[-51.922716342,3.723101766],[-51.951969043,3.722290807],[-51.972605707,3.705466845],[-51.993411752,3.643800734],[-51.988272164,3.627723325],[-52.019772912,3.593057448],[-52.060409836,3.519680708],[-52.073147552,3.515573944],[-52.094405214,3.463029278],[-52.18667144,3.320052026],[-52.190833926,3.296736982],[-52.234339529,3.240110505],[-52.260451438,3.253000557],[-52.292513265,3.226420791],[-52.301325772,3.173052128],[-52.331286579,3.170871161],[-52.340829151,3.145079079],[-52.331506483,3.137200566],[-52.352886242,3.126987072],[-52.338200417,3.119894238],[-52.345463923,3.097725782],[-52.325944636,3.077808915],[-52.362108003,3.017125189],[-52.38311539,2.950548746],[-52.393463484,2.946252342],[-52.39513004,2.927824112],[-52.377193545,2.916169098],[-52.391070894,2.89755845],[-52.422240989,2.891010372],[-52.473454537,2.793888042],[-52.479019101,2.753141952],[-52.529337298,2.651608493],[-52.542808882,2.653750449],[-52.55554419,2.639544725],[-52.54231799,2.622476577],[-52.549931467,2.610887432],[-52.527222998,2.583253687],[-52.536925342,2.558643509],[-52.549728993,2.56188289],[-52.561207208,2.550287432],[-52.552060174,2.520020793],[-52.588072127,2.493823797],[-52.594784188,2.476371382],[-52.618476843,2.474835852],[-52.621816788,2.46265195],[-52.610290189,2.452473004],[-52.646107732,2.433152266],[-52.660985135,2.373590765],[-52.710468524,2.358624334],[-52.717418586,2.342919646],[-52.802167883,2.299680828],[-52.841831901,2.29139582],[-52.838227845,2.28129639],[-52.858541646,2.281422052],[-52.854034347,2.263678541],[-52.871391281,2.260306834],[-52.874554777,2.240850903],[-52.887678722,2.23837084],[-52.885609664,2.220119005],[-52.9031165,2.1861785],[-52.934614541,2.194338052],[-52.94115836,2.178610963],[-52.983893645,2.16727087],[-53.099548665,2.214281131],[-53.215491636,2.193791441],[-53.24276851,2.207577756],[-53.279184903,2.185988014],[-53.287022497,2.19656834],[-53.279798921,2.22333809],[-53.263246829,2.228517753],[-53.259744673,2.25293072],[-53.253320021,2.246521493],[-53.229514346,2.265362322],[-53.234714376,2.275389007],[-53.262071149,2.276341082],[-53.262109943,2.290172108],[-53.306022579,2.315503471],[-53.320105956,2.344046223],[-53.338180772,2.353598878],[-53.36002118,2.349311891],[-53.36763203,2.32064538],[-53.405078123,2.297529496],[-53.440380972,2.28029675],[-53.469658204,2.288832914],[-53.454435691,2.270058072],[-53.458682387,2.26110241],[-53.520243267,2.266509447],[-53.540942447,2.257254054],[-53.584243596,2.268926737],[-53.601276157,2.286158259],[-53.614997392,2.278451643],[-53.656295332,2.284521237],[-53.653325129,2.302420147],[-53.663880055,2.305381697],[-53.686159755,2.294586227],[-53.695523036,2.312282677],[-53.748775204,2.312811351],[-53.723466196,2.354070159],[-53.753575277,2.363949516],[-53.741633468,2.374999367],[-53.767219884,2.378923389],[-53.811799667,2.356694018],[-53.814552717,2.34241195],[-53.834997766,2.33965986],[-53.814852725,2.317018669],[-53.842076047,2.307656491],[-53.859580989,2.320000974],[-53.865910195,2.311584758],[-53.883916781,2.316336934],[-53.889214497,2.28623677],[-53.907807198,2.274001238],[-53.916024185,2.290699792],[-53.936305167,2.296983414],[-53.942357841,2.242396635],[-53.989969925,2.237422866],[-54.189079119,2.178827493],[-54.43657916,2.209886661],[-54.601693133,2.337166065],[-54.662249133,2.326987027],[-54.692086783,2.361396274],[-54.684918783,2.446823761],[-54.744032434,2.471486166],[-54.797393869,2.439017131],[-54.872250929,2.433746586],[-54.874696404,2.41532541],[-54.796166374,2.317965141],[-54.811420255,2.266377951],[-54.763110876,2.202319066],[-54.767891519,2.18091144],[-54.806254292,2.138927723],[-54.812832036,2.062813727],[-54.803804887,2.025822781],[-54.76902518,1.996203808],[-54.772144048,1.978412455],[-54.754441259,1.9705986],[-54.771587383,1.940498989],[-54.75319547,1.850985016],[-54.734025615,1.831976819],[-54.754421722,1.797808042],[-54.744779072,1.775800778],[-54.671195908,1.765656647],[-54.57091015,1.784454966],[-54.508554843,1.748274027],[-54.424660792,1.760440278],[-54.403945597,1.759756705],[-54.387441744,1.745155085],[-54.377722077,1.763687087],[-54.351691835,1.754072683],[-54.344662163,1.740628159],[-54.309304392,1.741050329],[-54.30978062,1.729398594],[-54.281641628,1.723847564],[-54.292359292,1.708745965],[-54.266800638,1.70806692],[-54.263658553,1.680162582],[-54.230139175,1.675971531],[-54.191103755,1.624909267],[-54.182217942,1.658074798],[-54.168917012,1.644004128],[-54.143663703,1.640612046],[-54.123082725,1.607400694],[-54.128356915,1.591312652],[-54.118551049,1.581480098],[-54.102000011,1.590630434],[-54.117526176,1.558174704],[-54.09877822,1.550523845],[-54.084590358,1.526331798],[-54.086466106,1.488296839],[-54.077965076,1.485689872],[-54.069159993,1.500969424],[-54.055939241,1.493488891],[-54.039997927,1.506159409],[-54.024577424,1.499857111],[-54.027579042,1.516838356],[-54.009049283,1.519664658],[-53.997467762,1.475771261],[-53.976134696,1.472276662],[-53.9670765,1.484395053],[-53.954083723,1.467969723],[-53.928763518,1.469179097],[-53.938304094,1.435462806],[-53.917528625,1.456902849],[-53.895998089,1.45512578],[-53.876742022,1.435452162],[-53.885629881,1.402462294],[-53.844304574,1.406307057],[-53.850339503,1.391841249],[-53.80705034,1.391802814],[-53.822773859,1.413832521],[-53.803993412,1.423524853],[-53.774611061,1.396902318],[-53.762471836,1.408392806],[-53.732326715,1.386288839],[-53.715413154,1.405375997],[-53.724053955,1.42822922],[-53.717188253,1.431762602],[-53.695803434,1.418142085],[-53.713435553,1.396432581],[-53.711461083,1.383963083],[-53.687495751,1.385797673],[-53.670550444,1.371989523],[-53.657769016,1.403997216],[-53.646832677,1.407624734],[-53.643523429,1.363886268],[-53.663077429,1.349495443],[-53.650966645,1.336223284],[-53.5952181,1.358154077],[-53.57068992,1.337302024],[-53.559464554,1.350330665],[-53.538547714,1.340861055],[-53.533385345,1.32242877],[-53.562633404,1.306581935],[-53.556690585,1.28480527],[-53.523327514,1.261338928],[-53.546321235,1.228507398],[-53.538992921,1.212426087],[-53.473738183,1.239332394],[-53.438769022,1.232133979],[-53.426520755,1.242720971],[-53.417437162,1.202776005],[-53.396080083,1.179292525],[-53.399878914,1.158409015],[-53.412128586,1.147641139],[-53.444357871,1.151319187],[-53.459545132,1.127534673],[-53.455823707,1.077371806],[-53.422329387,1.033737436],[-53.428544725,0.999294665],[-53.410803308,0.98204248],[-53.411494203,0.929344151],[-53.30229545,0.858996513],[-53.27482721,0.824930998],[-53.190272646,0.768383531],[-53.143874172,0.696260756],[-53.124129283,0.697354881],[-53.106297954,0.683982017],[-53.120490381,0.633978862],[-53.150244972,0.591022844],[-53.148382682,0.541658408],[-53.169768944,0.493734766],[-53.155128404,0.480179669],[-53.167745251,0.445728323],[-53.159934264,0.40296793],[-53.175047766,0.377107148],[-53.138795168,0.330463216],[-53.134350025,0.300178886],[-53.094881211,0.262212181],[-53.106407893,0.231743022],[-53.094292516,0.195306961],[-53.05212714,0.157338874],[-53.029265989,0.104719091],[-53.011129204,0.095045898],[-53.014966746,0.059692122],[-52.977292626,0.023796315],[-52.971022171,-0.043110089],[-52.932743659,-0.142307301],[-52.904012938,-0.154937702],[-52.876821362,-0.142756734],[-52.851543133,-0.150160791],[-52.836098863,-0.186149222],[-52.760439824,-0.237574422],[-52.74021379,-0.276607541],[-52.688819039,-0.304136433],[-52.681849682,-0.339964488],[-52.698570805,-0.387167245],[-52.679151797,-0.423674802],[-52.702682216,-0.459232234],[-52.691018351,-0.47715998],[-52.69543633,-0.496401735],[-52.667291349,-0.525112016],[-52.667764278,-0.544136725],[-52.64000901,-0.584906083],[-52.612990017,-0.594893405],[-52.585832901,-0.578590177],[-52.539984506,-0.57311155],[-52.525015519,-0.585339758],[-52.49715224,-0.722946224],[-52.521632114,-0.785210222],[-52.516969935,-0.809046434],[-52.543839298,-0.851539243],[-52.516933353,-0.85861596],[-52.455517873,-0.830266131],[-52.403157955,-0.87714832],[-52.404715835,-0.912737662],[-52.4395446,-0.934746111],[-52.419928317,-0.965963176],[-52.414464118,-1.009272274],[-52.427040125,-1.050794928],[-52.400178655,-1.043630454],[-52.358155554,-1.06258445],[-52.332987923,-1.115891487],[-52.222147298,-1.134528554],[-52.173571211,-1.13013226],[-52.146731215,-1.1487914],[-52.120262265,-1.146197958],[-52.106763801,-1.183067902],[-52.110987366,-1.214999244],[-52.098787174,-1.227925888],[-52.054648042,-1.234219962],[-52.047563214,-1.214284161],[-52.063981122,-1.185930535],[-52.04090046,-1.17013231],[-51.991122109,-1.171815959],[-51.993399201,-1.128975153],[-51.985334115,-1.121445355],[-51.965592183,-1.125808708],[-51.965929603,-1.159602768],[-51.955876204,-1.169674551],[-51.925956044,-1.132315814],[-51.887285925,-1.16639709],[-51.809096335,-1.157101134],[-51.778399378,-1.140412275],[-51.704336456,-1.067741026],[-51.686228037,-1.029385544],[-51.695513508,-0.921291453],[-51.679204912,-0.785251928],[-51.595536158,-0.650437827],[-51.457788502,-0.513234042],[-51.432479184,-0.473342514],[-51.42072553,-0.428993181],[-51.362505289,-0.368107914],[-51.339009671,-0.284576967],[-51.302481612,-0.252642652],[-51.216362859,-0.118612786],[-51.075930659,-0.083732497],[-50.996912251,0.003451082],[-50.97925336,0.037403392],[-50.946239869,0.062709271],[-50.761956136,0.120977995],[-50.668197496,0.185034472],[-50.596307073,0.250365829],[-50.556148034,0.306717256],[-50.48143421,0.468645999],[-50.436546897,0.600107025],[-50.347236468,0.666843705],[-50.226085739,0.696237153]]]]},"properties":{"CD_UF":16,"NM_UF":"Amapá","SIGLA_UF":"AP","NM_REGIAO":"Norte","color":"red"}},{"type":"Feature","geometry":{"type":"Polygon","coordinates":[[[-48.755150737,-5.349165408],[-48.736880083,-5.37396243],[-48.650488066,-5.384918222],[-48.629124256,-5.41005874],[-48.596733399,-5.422544372],[-48.557536486,-5.416711043],[-48.505188026,-5.429344712],[-48.384742538,-5.394206788],[-48.35159757,-5.427836374],[-48.328088707,-5.496632089],[-48.300707025,-5.523006587],[-48.261513527,-5.548071156],[-48.212601168,-5.554239884],[-48.138151994,-5.602690143],[-48.134565503,-5.635445046],[-48.170959427,-5.707350779],[-48.22004241,-5.728162067],[-48.275710028,-5.726513365],[-48.297636543,-5.765123456],[-48.291969842,-5.836837416],[-48.235702341,-5.911044424],[-48.231629288,-5.94613886],[-48.307081593,-5.974840712],[-48.334716313,-6.004274754],[-48.335160089,-6.035719669],[-48.301983487,-6.047305833],[-48.28687703,-6.065768926],[-48.28362786,-6.085540785],[-48.297240215,-6.110477604],[-48.334488679,-6.137024364],[-48.408270492,-6.153402246],[-48.4349388,-6.183168285],[-48.412710768,-6.281329634],[-48.417122596,-6.298586626],[-48.378215019,-6.333694244],[-48.382679265,-6.379607884],[-48.447706992,-6.351178934],[-48.50021515,-6.350927585],[-48.540576225,-6.400842122],[-48.613154462,-6.453728987],[-48.660664853,-6.54686836],[-48.651960442,-6.639951241],[-48.670912734,-6.66900444],[-48.736879845,-6.692781007],[-48.769098158,-6.730701562],[-48.814189544,-6.75176479],[-48.909323198,-6.756464797],[-48.963712638,-6.779459728],[-49.018883519,-6.784210543],[-49.043771241,-6.815771422],[-49.115270924,-6.86994954],[-49.171941247,-6.892935119],[-49.209528113,-6.925420569],[-49.217445113,-6.961469314],[-49.191804952,-7.050836535],[-49.185284176,-7.235171786],[-49.231475023,-7.325786123],[-49.37799741,-7.496445758],[-49.384051966,-7.543492224],[-49.374355988,-7.588489637],[-49.328079038,-7.677794965],[-49.148443419,-7.807314798],[-49.164912967,-7.83287031],[-49.163242842,-7.921283302],[-49.182028362,-7.976963531],[-49.176718567,-8.06151125],[-49.199358172,-8.08756833],[-49.215853994,-8.194211698],[-49.248660263,-8.255376362],[-49.283324052,-8.379557209],[-49.349409419,-8.418376484],[-49.377013652,-8.455285072],[-49.406329515,-8.573748303],[-49.454025665,-8.615391466],[-49.487606335,-8.688504705],[-49.592411328,-8.839491234],[-49.684358284,-8.856474923],[-49.745088141,-8.906163576],[-49.793663572,-8.979433763],[-49.842589652,-9.027325948],[-49.867331668,-9.097091429],[-49.910054379,-9.153522384],[-49.907696133,-9.173822909],[-49.966148302,-9.230864054],[-49.99405948,-9.234096186],[-50.005005668,-9.268759688],[-50.040979815,-9.294419239],[-50.055468041,-9.334698915],[-50.052833517,-9.372673013],[-50.105337636,-9.475410492],[-50.107949402,-9.508630175],[-50.089562276,-9.545692939],[-50.107332118,-9.572507524],[-50.107369674,-9.594280186],[-50.139004907,-9.627459874],[-50.151005301,-9.695608151],[-50.197896402,-9.75883491],[-50.224806382,-9.841153477],[-50.264280326,-9.908497516],[-50.302645504,-10.035411318],[-50.354672544,-10.077169126],[-50.392147768,-10.134031174],[-50.398754556,-10.164100382],[-50.381564515,-10.218912897],[-50.423066561,-10.327441658],[-50.418285345,-10.356281449],[-50.473725445,-10.404905494],[-50.487867339,-10.467972278],[-50.482620475,-10.490038608],[-50.516146403,-10.50390936],[-50.519729307,-10.562478643],[-50.534959781,-10.601750869],[-50.563171876,-10.61132148],[-50.60289775,-10.65823398],[-50.570587733,-10.752504129],[-50.622006585,-10.839417829],[-50.619043731,-10.864094411],[-50.599404561,-10.88446387],[-50.600789123,-10.900683777],[-50.632945555,-10.935942981],[-50.609457426,-11.067445654],[-50.661039468,-11.134717166],[-50.65940538,-11.254862278],[-50.671326563,-11.286741355],[-50.696813536,-11.304657787],[-50.707099141,-11.328165774],[-50.74206313,-11.454906412],[-50.73467783,-11.551458451],[-50.715986651,-11.578953272],[-50.670362335,-11.581463001],[-50.657473855,-11.592806388],[-50.66370212,-11.677527274],[-50.722042017,-11.73969886],[-50.688044759,-11.825041045],[-50.686304519,-11.858995418],[-50.639288208,-11.884566501],[-50.640571003,-11.902689719],[-50.667895549,-11.927767407],[-50.654736396,-11.947986134],[-50.656833875,-11.966849433],[-50.68365257,-11.995586015],[-50.677849237,-12.019513402],[-50.686597771,-12.045133278],[-50.667622742,-12.06456021],[-50.667277596,-12.081168812],[-50.686871796,-12.202153886],[-50.678677259,-12.218849609],[-50.643709809,-12.222964991],[-50.649954086,-12.249125553],[-50.62931507,-12.277006175],[-50.648915457,-12.299089635],[-50.637816131,-12.325286044],[-50.644566926,-12.34590899],[-50.626872491,-12.384031988],[-50.63267527,-12.417103855],[-50.618255037,-12.428992177],[-50.623573665,-12.455283798],[-50.653039103,-12.460073899],[-50.646019693,-12.482110872],[-50.663710521,-12.537433208],[-50.686478547,-12.569204161],[-50.669429004,-12.580765153],[-50.667982255,-12.596009291],[-50.70191484,-12.596634942],[-50.701345814,-12.643459865],[-50.646929436,-12.651121375],[-50.654765782,-12.679179354],[-50.645121933,-12.702239396],[-50.630126246,-12.704530736],[-50.637209764,-12.719781848],[-50.622961849,-12.734638546],[-50.635994172,-12.771860538],[-50.611765947,-12.775896785],[-50.625359465,-12.800019486],[-50.622732049,-12.819736221],[-50.603313477,-12.800462306],[-50.58191618,-12.799379278],[-50.597846744,-12.826775004],[-50.566954537,-12.843423396],[-50.520341471,-12.836394082],[-50.511066499,-12.860767999],[-50.484841508,-12.81196065],[-50.493874592,-12.785657061],[-50.468534998,-12.755397954],[-50.486013732,-12.748570169],[-50.466229129,-12.731486893],[-50.478066189,-12.709950154],[-50.461784009,-12.69427811],[-50.4353761,-12.694310897],[-50.43700591,-12.661295122],[-50.427953246,-12.652965448],[-50.440870733,-12.653271592],[-50.427370344,-12.642461638],[-50.413343007,-12.650140107],[-50.418651044,-12.624601403],[-50.39108882,-12.611690605],[-50.398814977,-12.602165151],[-50.366508873,-12.571445456],[-50.36978153,-12.559984619],[-50.358532223,-12.553760067],[-50.365926939,-12.546066164],[-50.331285548,-12.535486179],[-50.330245532,-12.51502598],[-50.314144627,-12.521538894],[-50.325149534,-12.507902769],[-50.307842438,-12.494375623],[-50.263204137,-12.478179862],[-50.22256447,-12.446110944],[-50.20761483,-12.448807108],[-50.212337977,-12.437118156],[-50.185202469,-12.432631428],[-50.196584716,-12.413341181],[-50.17509404,-12.423729601],[-50.171421223,-12.406953601],[-50.14486798,-12.395210303],[-50.159560457,-12.431040172],[-50.201317112,-12.461314563],[-50.217674859,-12.488896848],[-50.229395456,-12.533902665],[-50.212060198,-12.561470702],[-50.203508678,-12.553583537],[-50.193175309,-12.564308072],[-50.227228813,-12.58651509],[-50.238206952,-12.579587258],[-50.245708595,-12.597365015],[-50.236979729,-12.624029716],[-50.255172404,-12.625009493],[-50.262425446,-12.637712725],[-50.266821461,-12.682450732],[-50.278393472,-12.678061082],[-50.281207517,-12.688996303],[-50.292731329,-12.688509256],[-50.293898555,-12.676704671],[-50.300108976,-12.680890685],[-50.299596182,-12.706650998],[-50.284233954,-12.718183447],[-50.302260094,-12.745703767],[-50.29550765,-12.753485828],[-50.311283533,-12.798546716],[-50.292651589,-12.839916454],[-50.231542064,-12.854153606],[-50.225121773,-12.874297557],[-50.183427295,-12.896769033],[-50.160651647,-12.893659042],[-50.109717322,-12.911402953],[-50.07889589,-12.905937323],[-50.04446004,-12.933490052],[-50.00895746,-12.931312862],[-49.952767688,-12.959796785],[-49.913601175,-12.965553734],[-49.36952927,-13.274619451],[-49.339426219,-13.250798498],[-49.35483235,-13.153778522],[-49.341948856,-13.127205312],[-49.354395957,-13.102984657],[-49.278863635,-12.98901388],[-49.279027047,-12.969162831],[-49.251167874,-12.930331615],[-49.237413606,-12.884074543],[-49.196526762,-12.867255015],[-49.119082727,-12.790361754],[-49.10622229,-12.836104664],[-49.067523215,-12.847334994],[-49.087855863,-12.888423689],[-49.078835156,-12.903555878],[-49.0500646,-12.912940641],[-49.02302191,-12.907123859],[-48.975629552,-12.957194012],[-48.879722684,-12.817512198],[-48.86855916,-12.815880671],[-48.870081171,-12.803478586],[-48.846769938,-12.809802498],[-48.842361702,-12.844404501],[-48.820942946,-12.844303463],[-48.814552409,-12.864125627],[-48.73657701,-12.92102479],[-48.733662491,-12.980641354],[-48.71781168,-13.002319178],[-48.671662823,-12.995726654],[-48.638499251,-13.016104457],[-48.627729955,-13.052155096],[-48.602341458,-13.059170729],[-48.588935316,-13.099570843],[-48.59663512,-13.1068718],[-48.58565762,-13.106074336],[-48.577100551,-13.125674875],[-48.596765784,-13.152628084],[-48.577943992,-13.17414743],[-48.583312561,-13.222147525],[-48.600573865,-13.238628164],[-48.58763938,-13.254749518],[-48.600546862,-13.295160551],[-48.586410646,-13.31761395],[-48.55360988,-13.301981716],[-48.554609676,-13.204967126],[-48.530385082,-13.192560329],[-48.522078422,-13.140960378],[-48.50793806,-13.127998269],[-48.488024859,-13.142777814],[-48.473630963,-13.137410581],[-48.475277214,-13.235732184],[-48.457107564,-13.248693238],[-48.46024253,-13.280760596],[-48.441712771,-13.292367397],[-48.429855519,-13.271579705],[-48.385683091,-13.266073122],[-48.360880491,-13.242637407],[-48.336936248,-13.247082859],[-48.342128586,-13.228398623],[-48.307103707,-13.235442648],[-48.287911625,-13.203988819],[-48.250891968,-13.196991295],[-48.231883311,-13.168168678],[-48.195850524,-13.173015927],[-48.18882456,-13.153655716],[-48.146654349,-13.15201119],[-48.165772556,-13.189990752],[-48.153327623,-13.219670328],[-48.168653935,-13.237914454],[-48.156489207,-13.250276438],[-48.153737423,-13.279194935],[-48.16540426,-13.305788894],[-48.083017299,-13.288778323],[-48.072299915,-13.267615447],[-48.079129208,-13.242952557],[-48.06245881,-13.235397076],[-48.052464255,-13.255820687],[-48.033125305,-13.253976177],[-48.024320871,-13.27919243],[-47.98679889,-13.276868315],[-47.96632364,-13.315258718],[-47.943825571,-13.30706168],[-47.935880963,-13.290722592],[-47.88357937,-13.320508772],[-47.821219667,-13.312607657],[-47.678986046,-13.467712663],[-47.622731111,-13.367662918],[-47.650128497,-13.351248552],[-47.662207768,-13.303847867],[-47.656817595,-13.276900853],[-47.640485168,-13.263207367],[-47.657453716,-13.234715328],[-47.654625472,-13.220334563],[-47.668896951,-13.209403595],[-47.655346429,-13.177875298],[-47.669987347,-13.168300721],[-47.64450873,-13.149858221],[-47.650711504,-13.133350992],[-47.634228511,-13.103111728],[-47.562518184,-13.122624795],[-47.563074357,-13.184229494],[-47.541402476,-13.19236684],[-47.523906674,-13.181934039],[-47.509870629,-13.189868144],[-47.478887719,-13.18514032],[-47.487121452,-13.220247068],[-47.435758332,-13.227100786],[-47.431286876,-13.23803457],[-47.455097654,-13.249377014],[-47.42706631,-13.29066089],[-47.41615156,-13.270326581],[-47.392409045,-13.262351715],[-47.394343573,-13.246670219],[-47.377100285,-13.229465766],[-47.32299261,-13.258304866],[-47.294537998,-13.248929858],[-47.282151271,-13.26490908],[-47.267848507,-13.238376323],[-47.248207125,-13.230122491],[-47.251538194,-13.212379955],[-47.228227695,-13.194323276],[-47.182849753,-13.188105961],[-47.175234204,-13.195137428],[-47.183189331,-13.205701024],[-47.153047029,-13.209968101],[-47.135232258,-13.203151693],[-47.132592997,-13.178500007],[-47.108961263,-13.171038957],[-47.105368152,-13.181695251],[-47.097312343,-13.171786719],[-47.087347247,-13.182421117],[-47.080844803,-13.161960341],[-47.019392372,-13.145780548],[-47.001144168,-13.121377868],[-46.978872295,-13.131575597],[-46.978582358,-13.121593895],[-46.929095937,-13.092883729],[-46.892922842,-13.053224575],[-46.879038703,-13.048833109],[-46.868842007,-13.068516638],[-46.854559293,-13.067308196],[-46.819698067,-13.002469694],[-46.750610975,-12.969155007],[-46.45464987,-12.97115261],[-46.446017772,-12.936242476],[-46.432793729,-12.930719941],[-46.417624702,-12.823458179],[-46.408285646,-12.845791693],[-46.376277717,-12.850252429],[-46.36619442,-12.864853403],[-46.360698487,-12.908835398],[-46.376925594,-12.963392229],[-46.364279399,-12.991359793],[-46.194553081,-12.956672586],[-46.176999991,-12.939627333],[-46.113481311,-12.917812339],[-46.126647536,-12.912386659],[-46.149582369,-12.932997381],[-46.163358438,-12.92405082],[-46.205599876,-12.950677608],[-46.265437007,-12.938789078],[-46.288197742,-12.952902375],[-46.330076297,-12.95785168],[-46.305974378,-12.939073273],[-46.316024949,-12.936246929],[-46.305527585,-12.926482263],[-46.312713157,-12.91129145],[-46.287000702,-12.893426456],[-46.29531091,-12.891101095],[-46.295380834,-12.870061629],[-46.305022087,-12.868742489],[-46.273516202,-12.831551536],[-46.279143482,-12.811402925],[-46.300489245,-12.811556468],[-46.291591488,-12.796297831],[-46.312078381,-12.798209842],[-46.298606071,-12.775087072],[-46.281885689,-12.770850784],[-46.295967249,-12.762877423],[-46.295882158,-12.744722958],[-46.285142715,-12.749650607],[-46.287322854,-12.738905697],[-46.273715513,-12.738818518],[-46.268080458,-12.716156812],[-46.292394605,-12.707569272],[-46.304078271,-12.714942224],[-46.291751827,-12.699074381],[-46.305715575,-12.688526224],[-46.263927225,-12.658293133],[-46.276375152,-12.641028513],[-46.310404198,-12.64267803],[-46.27578463,-12.594430559],[-46.307567406,-12.576747842],[-46.297646077,-12.563339025],[-46.293541701,-12.579028371],[-46.271612097,-12.57004537],[-46.272913428,-12.550260001],[-46.22444439,-12.528640962],[-46.198212967,-12.503958813],[-46.250860575,-12.502216959],[-46.272624487,-12.514598424],[-46.260998681,-12.473850153],[-46.272563399,-12.472714591],[-46.263825884,-12.460254348],[-46.280274331,-12.459719144],[-46.28154401,-12.441292578],[-46.269858087,-12.430511609],[-46.282095436,-12.415987849],[-46.285345375,-12.432169946],[-46.290454303,-12.416632018],[-46.304952986,-12.416945983],[-46.29860038,-12.430446418],[-46.310066672,-12.429670147],[-46.299976559,-12.438084766],[-46.315548851,-12.463430412],[-46.340543675,-12.452298519],[-46.32982307,-12.435147749],[-46.340361804,-12.414442285],[-46.327331633,-12.419131137],[-46.295753994,-12.388395541],[-46.300083951,-12.376997553],[-46.289883578,-12.376652969],[-46.313386229,-12.357195007],[-46.36309389,-12.367081601],[-46.339823062,-12.351497375],[-46.377415824,-12.352774963],[-46.344533153,-12.302820149],[-46.384843298,-12.296718536],[-46.385761644,-12.2810697],[-46.369568697,-12.267468202],[-46.388021688,-12.244607389],[-46.365005573,-12.217020287],[-46.38342162,-12.212603081],[-46.377406223,-12.196547062],[-46.410214245,-12.198634384],[-46.381093734,-12.181075232],[-46.406490515,-12.157013909],[-46.388649141,-12.156341635],[-46.371543828,-12.123229068],[-46.371165163,-12.09971934],[-46.398591332,-12.09144341],[-46.382640832,-12.083953509],[-46.385551028,-12.061501602],[-46.396014328,-12.061575191],[-46.38442231,-12.051756254],[-46.418794144,-12.043087496],[-46.448574082,-12.055062009],[-46.479799657,-12.047359077],[-46.444895148,-12.026178321],[-46.42279026,-12.029747275],[-46.425284338,-12.018159749],[-46.408259486,-12.009573742],[-46.400236192,-12.024813007],[-46.387179695,-11.997272272],[-46.373738661,-11.998755857],[-46.315490318,-11.941993022],[-46.233057586,-11.936481806],[-46.180039834,-11.907091153],[-46.282231465,-11.918201343],[-46.288002877,-11.909654899],[-46.325431395,-11.909039068],[-46.353027188,-11.884319241],[-46.370658306,-11.889589853],[-46.381134464,-11.837692315],[-46.372133459,-11.829961924],[-46.350563135,-11.837375501],[-46.358655359,-11.812503523],[-46.337911005,-11.814100962],[-46.335298533,-11.796436757],[-46.348419899,-11.797035384],[-46.348491494,-11.785846551],[-46.328010145,-11.771373519],[-46.360936225,-11.778951305],[-46.343677251,-11.760087541],[-46.37510476,-11.768598849],[-46.378545251,-11.748520936],[-46.336692192,-11.739567066],[-46.321763162,-11.713471225],[-46.333541703,-11.710208668],[-46.307734748,-11.686440668],[-46.33846234,-11.671892088],[-46.34019446,-11.639584302],[-46.361724359,-11.631018618],[-46.379688867,-11.645320995],[-46.395697143,-11.642527514],[-46.384870413,-11.625204363],[-46.359708027,-11.612762839],[-46.345644711,-11.619205719],[-46.325578259,-11.599580892],[-46.286787483,-11.61582471],[-46.244336705,-11.605228187],[-46.224695312,-11.639688078],[-46.15721774,-11.651496239],[-46.144485773,-11.624347397],[-46.080894206,-11.624011157],[-46.104307947,-11.607967331],[-46.20934628,-11.58535066],[-46.250481278,-11.536688992],[-46.348141277,-11.506600657],[-46.44043461,-11.520788988],[-46.524055533,-11.46363428],[-46.531921273,-11.374877319],[-46.56830794,-11.371565652],[-46.576509606,-11.342277317],[-46.552202937,-11.262798986],[-46.341557931,-10.93901232],[-46.267266265,-10.934802323],[-46.260537041,-10.812037365],[-46.226445055,-10.78293711],[-46.206199027,-10.800466581],[-46.195922023,-10.745224027],[-46.165151268,-10.72247918],[-46.15034626,-10.69155399],[-46.160762926,-10.65943899],[-46.14970492,-10.63591076],[-46.060765188,-10.600178509],[-45.929222923,-10.521600661],[-45.870897332,-10.503278894],[-45.820642923,-10.457258995],[-45.798184587,-10.323247328],[-45.726889587,-10.312535663],[-45.699576147,-10.259686224],[-45.701977335,-10.179350374],[-45.723483949,-10.155412708],[-45.734996988,-10.172165285],[-45.726821654,-10.207103334],[-45.733187809,-10.227175312],[-45.760694305,-10.250618948],[-45.793743319,-10.267672353],[-45.870760212,-10.25002882],[-45.896728459,-10.264290209],[-45.915631821,-10.312664538],[-45.887171372,-10.3404619],[-45.910936935,-10.371088635],[-45.971114919,-10.358939315],[-45.999871075,-10.296679865],[-46.028206791,-10.277103297],[-46.012423289,-10.250696103],[-46.031247466,-10.176110777],[-46.099725954,-10.212900487],[-46.135912974,-10.206354293],[-46.163303442,-10.213632627],[-46.210869046,-10.169734972],[-46.273003128,-10.181615413],[-46.3130818,-10.172823787],[-46.327525311,-10.18369444],[-46.36788953,-10.168814146],[-46.383969118,-10.120142426],[-46.420695008,-10.080879245],[-46.445200392,-10.077387271],[-46.456529348,-10.049923687],[-46.457084985,-10.018017378],[-46.477583888,-9.988301376],[-46.477008117,-9.952748926],[-46.465723734,-9.937057411],[-46.478611454,-9.923868728],[-46.472899251,-9.877440287],[-46.491645074,-9.870070052],[-46.480333541,-9.855255257],[-46.4960599,-9.846006422],[-46.493643888,-9.827424177],[-46.509448502,-9.801366662],[-46.571592431,-9.808037152],[-46.579664976,-9.796345492],[-46.570031463,-9.777498646],[-46.575086459,-9.758575446],[-46.596138594,-9.747251274],[-46.632228732,-9.748876872],[-46.647419942,-9.730350401],[-46.653337442,-9.693442107],[-46.613057522,-9.665808212],[-46.592388058,-9.587200513],[-46.536755467,-9.557109332],[-46.575689475,-9.51754889],[-46.560975945,-9.484032968],[-46.592660927,-9.483459482],[-46.600479515,-9.470455408],[-46.640005113,-9.457721147],[-46.647924367,-9.427145043],[-46.632783379,-9.411588342],[-46.665975707,-9.391918604],[-46.723311868,-9.396364554],[-46.746028289,-9.414393962],[-46.7656775,-9.406330941],[-46.758674331,-9.381217507],[-46.799171551,-9.338843226],[-46.811062719,-9.306748911],[-46.845142353,-9.299823975],[-46.844644165,-9.284174079],[-46.81894537,-9.26005726],[-46.828894366,-9.240089782],[-46.822783683,-9.199044748],[-46.85070516,-9.191839193],[-46.852420266,-9.154449377],[-46.891674357,-9.14049249],[-46.889921806,-9.12436469],[-46.906734699,-9.135488426],[-46.931802673,-9.12806568],[-46.923558695,-9.097888956],[-46.931538182,-9.085888054],[-46.912149417,-9.08272431],[-46.921624833,-9.066812907],[-47.007341473,-9.082193416],[-47.010205904,-9.070299638],[-47.023564642,-9.076045554],[-47.07055164,-9.061954214],[-47.043483405,-9.026548977],[-47.06747749,-9.010386302],[-47.044032982,-9.006866634],[-47.035700436,-8.978943076],[-47.021561477,-8.988640632],[-47.018279637,-8.952935814],[-46.994677167,-8.945526007],[-46.997060054,-8.932634461],[-46.970288683,-8.914491677],[-46.99292193,-8.878889432],[-46.972143244,-8.866581318],[-46.959728244,-8.875449835],[-46.914895564,-8.853058219],[-46.904230674,-8.778559913],[-46.931281439,-8.726752413],[-46.917256992,-8.726111432],[-46.914368548,-8.708583114],[-46.886949284,-8.686489759],[-46.895695782,-8.659740822],[-46.91639414,-8.64840683],[-46.897727852,-8.60101647],[-46.916280157,-8.594783774],[-46.913818252,-8.586579048],[-46.900615356,-8.592277909],[-46.893035701,-8.570553669],[-46.878760962,-8.572523017],[-46.875453358,-8.55529877],[-46.862843134,-8.559086995],[-46.84634078,-8.534937632],[-46.851087272,-8.476157277],[-46.83233075,-8.464954618],[-46.823483303,-8.474496179],[-46.800509499,-8.4540934],[-46.795480414,-8.429968954],[-46.806834981,-8.398970712],[-46.787016865,-8.399099251],[-46.791726796,-8.386150133],[-46.779705087,-8.367485066],[-46.728098851,-8.386384889],[-46.706810604,-8.351531898],[-46.635234751,-8.319321558],[-46.606810632,-8.328434517],[-46.548147224,-8.321943519],[-46.51422406,-8.283637719],[-46.5078605,-8.233233938],[-46.487561342,-8.199909759],[-46.515228355,-8.1684026],[-46.48916758,-8.097723115],[-46.466191472,-8.070352085],[-46.490309184,-7.983242372],[-46.51872778,-7.959076546],[-46.549454226,-7.949501857],[-46.562387316,-7.920532761],[-46.597033237,-7.899342082],[-46.65063718,-7.908891829],[-46.66056475,-7.900561682],[-46.673232635,-7.914435011],[-46.70845281,-7.909925958],[-46.726533187,-7.9235263],[-46.75617272,-7.922361388],[-46.785484014,-7.952170943],[-46.814058501,-7.951380077],[-46.839944973,-7.965518147],[-46.857953284,-7.958818129],[-46.866312079,-7.96932559],[-46.872757956,-7.955562449],[-46.896213483,-7.986906043],[-46.918287442,-7.981761712],[-46.921399086,-7.995333694],[-46.953399896,-8.00664272],[-46.962815434,-8.039487237],[-46.989232154,-8.047870987],[-46.997428483,-8.067227986],[-47.002069429,-8.05762932],[-47.043502905,-8.053588791],[-47.062286467,-8.005069926],[-47.083680916,-7.988390335],[-47.10648064,-7.990797564],[-47.097790771,-7.980087238],[-47.106696112,-7.969324098],[-47.102014303,-7.954538304],[-47.115924976,-7.952583748],[-47.107231486,-7.936981338],[-47.116507764,-7.938901793],[-47.121534489,-7.921966714],[-47.141095064,-7.925277816],[-47.142788605,-7.894834645],[-47.175289444,-7.87107792],[-47.174505291,-7.856312465],[-47.187149633,-7.857780623],[-47.187253664,-7.843109961],[-47.196510686,-7.849288228],[-47.234569385,-7.82391565],[-47.229672312,-7.816652658],[-47.24500859,-7.815504368],[-47.235155134,-7.804068114],[-47.247064617,-7.800924915],[-47.240900058,-7.794028233],[-47.255037514,-7.765145953],[-47.24623102,-7.758517943],[-47.266761159,-7.761281482],[-47.259617981,-7.744228596],[-47.273897542,-7.745259209],[-47.273559278,-7.731027289],[-47.314264736,-7.729120204],[-47.305923495,-7.71343258],[-47.31603855,-7.701497931],[-47.302679712,-7.702008489],[-47.302540349,-7.689052627],[-47.331517705,-7.685216752],[-47.337721779,-7.667023622],[-47.315039352,-7.659537534],[-47.359813483,-7.616141353],[-47.372875894,-7.625366005],[-47.352210509,-7.64684036],[-47.380624579,-7.655143229],[-47.382095326,-7.599968501],[-47.40417867,-7.587146656],[-47.398598986,-7.569104941],[-47.439460198,-7.556230624],[-47.425348931,-7.541792538],[-47.426730175,-7.526576944],[-47.461107052,-7.518666854],[-47.475212786,-7.533364654],[-47.480281366,-7.492130153],[-47.497957167,-7.479185105],[-47.504710422,-7.436633659],[-47.529226926,-7.432898276],[-47.563265953,-7.450001906],[-47.590294735,-7.440885594],[-47.577488939,-7.416064601],[-47.485877701,-7.367102017],[-47.478202423,-7.33675369],[-47.499786362,-7.29385835],[-47.540176777,-7.265793497],[-47.591903113,-7.263995262],[-47.627011084,-7.30082368],[-47.647712148,-7.304122932],[-47.683571772,-7.245867257],[-47.735069984,-7.218899833],[-47.74982577,-7.195261748],[-47.745129126,-7.162504784],[-47.71065522,-7.137652755],[-47.660374874,-7.151368062],[-47.644456002,-7.143611559],[-47.618429529,-7.091160424],[-47.557850424,-7.031240847],[-47.529951488,-6.980105403],[-47.529570728,-6.946013037],[-47.505203229,-6.893686482],[-47.529645903,-6.831389129],[-47.494118666,-6.754833229],[-47.498644071,-6.67123156],[-47.463231678,-6.607075812],[-47.456497651,-6.538274511],[-47.416652639,-6.485678357],[-47.434205685,-6.431188623],[-47.409954931,-6.369655539],[-47.408624881,-6.328066882],[-47.377235775,-6.266768312],[-47.430234007,-6.13096896],[-47.428041977,-6.039224538],[-47.447984166,-5.992983857],[-47.429507924,-5.932095977],[-47.431063352,-5.869210648],[-47.493374497,-5.730530656],[-47.473704525,-5.661979651],[-47.483261416,-5.564898851],[-47.500120459,-5.525604845],[-47.555369402,-5.465735266],[-47.618619746,-5.459726203],[-47.740926492,-5.381448167],[-47.827540944,-5.386588162],[-47.843759371,-5.37620875],[-47.86762406,-5.342815893],[-47.872923551,-5.272358116],[-47.928104067,-5.24123552],[-48.004058854,-5.23462024],[-48.079265015,-5.275064477],[-48.178544202,-5.260776075],[-48.234927716,-5.22830672],[-48.32090443,-5.201387706],[-48.363909815,-5.168380515],[-48.533013143,-5.198717944],[-48.561073529,-5.230199181],[-48.568572611,-5.282932755],[-48.606131708,-5.336500756],[-48.679438438,-5.305820111],[-48.699210071,-5.320123193],[-48.712126987,-5.353013617],[-48.755150737,-5.349165408]]]},"properties":{"CD_UF":17,"NM_UF":"Tocantins","SIGLA_UF":"TO","NM_REGIAO":"Norte","color":"red"}},{"type":"Feature","geometry":{"type":"MultiPolygon","coordinates":[[[[-44.751666873,-1.46836939],[-44.766410056,-1.457991605],[-44.79253134,-1.468764235],[-44.77218498,-1.48585969],[-44.792919491,-1.525971337],[-44.747379509,-1.514464571],[-44.742328888,-1.492699362],[-44.751666873,-1.46836939]]],[[[-44.774389672,-1.487304352],[-44.782054361,-1.478608524],[-44.813403563,-1.505679274],[-44.809610607,-1.517590844],[-44.836039179,-1.540308782],[-44.828553215,-1.555853471],[-44.809140263,-1.560990623],[-44.798161962,-1.551504912],[-44.79976492,-1.525253713],[-44.774389672,-1.487304352]]],[[[-44.732255836,-1.544142381],[-44.753266446,-1.536904689],[-44.762603649,-1.580023148],[-44.732255836,-1.544142381]]],[[[-44.73223071,-1.686197445],[-44.738472571,-1.679091329],[-44.757949546,-1.689338541],[-44.7417285,-1.698869617],[-44.73223071,-1.686197445]]],[[[-44.725643257,-1.667417071],[-44.729213346,-1.658692779],[-44.742153082,-1.66679322],[-44.725643257,-1.667417071]]],[[[-45.691217002,-1.265401386],[-45.670743718,-1.251961047],[-45.667295009,-1.230191435],[-45.674327955,-1.194041748],[-45.688015079,-1.18365369],[-45.710879671,-1.227956857],[-45.691217002,-1.265401386]]],[[[-45.535939078,-1.227982704],[-45.539347349,-1.205215878],[-45.572681078,-1.191874372],[-45.595934537,-1.241799258],[-45.535939078,-1.227982704]]],[[[-45.808659639,-1.147699325],[-45.806545129,-1.125706733],[-45.827281011,-1.128043181],[-45.825945642,-1.151704955],[-45.808659639,-1.147699325]]],[[[-44.661554107,-2.945146326],[-44.640800336,-2.914832056],[-44.664321755,-2.928322063],[-44.661554107,-2.945146326]]],[[[-44.481548091,-2.726596358],[-44.502206198,-2.726431594],[-44.531736132,-2.749456926],[-44.586182809,-2.814651102],[-44.58030789,-2.859403515],[-44.589616595,-2.894839936],[-44.613869367,-2.95055266],[-44.640944524,-2.969796213],[-44.582777733,-3.031823387],[-44.479020434,-2.957860329],[-44.481548091,-2.726596358]]],[[[-43.542093043,-2.360602475],[-43.558057975,-2.355496194],[-43.60666044,-2.371610506],[-43.613080856,-2.38179195],[-43.601332445,-2.412864156],[-43.561886741,-2.423815381],[-43.542093043,-2.360602475]]],[[[-43.5063247,-2.404339653],[-43.506624285,-2.383997783],[-43.526836888,-2.370738082],[-43.537217716,-2.405635805],[-43.5063247,-2.404339653]]],[[[-43.754229668,-2.377051103],[-43.770631865,-2.369263586],[-43.786960731,-2.377444624],[-43.780555859,-2.393328576],[-43.788745045,-2.41444536],[-43.754229668,-2.377051103]]],[[[-43.85095964,-2.422943995],[-43.870275308,-2.445500793],[-43.851766183,-2.438388517],[-43.85095964,-2.422943995]]],[[[-46.104113533,-1.201966571],[-46.149263643,-1.226002142],[-46.140077257,-1.247692594],[-46.161577309,-1.281888888],[-46.147309093,-1.309441],[-46.129131776,-1.312469759],[-46.128936321,-1.334257181],[-46.103722623,-1.337285911],[-46.154150018,-1.422577275],[-46.139784074,-1.443875207],[-46.176334163,-1.474942474],[-46.144084085,-1.517830219],[-46.133627241,-1.578692227],[-46.154931838,-1.593736496],[-46.146918183,-1.610441367],[-46.164215952,-1.626559973],[-46.156788661,-1.680287722],[-46.17408643,-1.700508513],[-46.20350241,-1.705295046],[-46.22119109,-1.731278874],[-46.247577517,-1.720924459],[-46.265852561,-1.7328418],[-46.308461755,-1.730888142],[-46.323707247,-1.766444389],[-46.312150969,-1.80568734],[-46.297736161,-1.794136764],[-46.253636623,-1.795846156],[-46.227005876,-1.805955958],[-46.211369475,-1.835747797],[-46.244841147,-1.881948583],[-46.228764972,-1.888492782],[-46.222705866,-1.910225206],[-46.260428685,-2.046083128],[-46.27533213,-2.057509916],[-46.272107122,-2.117572444],[-46.300887873,-2.141792125],[-46.283296922,-2.154390115],[-46.332356131,-2.190913928],[-46.347210713,-2.221968234],[-46.382246025,-2.249018152],[-46.410635866,-2.228755174],[-46.431940463,-2.237055705],[-46.415913152,-2.269134372],[-46.432429101,-2.297111077],[-46.431647281,-2.334803082],[-46.467366685,-2.376350999],[-46.456274613,-2.386749988],[-46.4318916,-2.364487267],[-46.409414272,-2.371371172],[-46.442152988,-2.419411092],[-46.432429101,-2.46549657],[-46.440051847,-2.481801856],[-46.429350684,-2.499083287],[-46.43658252,-2.515241707],[-46.419333615,-2.532425065],[-46.473572382,-2.546581637],[-46.491212198,-2.537550738],[-46.500887221,-2.555905363],[-46.48720537,-2.575040757],[-46.509438378,-2.590612459],[-46.506848599,-2.616874019],[-46.578873774,-2.631517772],[-46.592604489,-2.665490617],[-46.606090885,-2.63947414],[-46.622264788,-2.644941062],[-46.618600006,-2.665392995],[-46.63452959,-2.674178924],[-46.634334135,-2.685454107],[-46.650654629,-2.680475468],[-46.647185303,-2.689944628],[-46.671372861,-2.70619822],[-46.674891051,-2.731871618],[-46.653977364,-2.729040738],[-46.651876223,-2.757202818],[-46.635995503,-2.75539695],[-46.634822773,-2.796443146],[-46.62529434,-2.806545855],[-46.602523831,-2.7892199],[-46.595780633,-2.826311771],[-46.575697629,-2.841538618],[-46.589574936,-2.845784529],[-46.614837497,-2.829386439],[-46.61097726,-2.855252368],[-46.640002331,-2.850908885],[-46.631206855,-2.861694359],[-46.640637559,-2.861840767],[-46.639415966,-2.883557813],[-46.668441036,-2.875944693],[-46.68055541,-2.882717815],[-46.653928501,-2.93106545],[-46.673034229,-2.945070914],[-46.647429621,-2.969811842],[-46.662968295,-2.974691644],[-46.64923758,-2.983426436],[-46.649921673,-2.996016125],[-46.674158095,-3.000212656],[-46.658814876,-3.010850302],[-46.672399,-3.015803116],[-46.667317169,-3.029685512],[-46.677334239,-3.034272276],[-46.676503555,-3.094142378],[-46.706750219,-3.100631764],[-46.707727495,-3.127076816],[-46.716474107,-3.126393742],[-46.718868431,-3.10921916],[-46.731963917,-3.124588473],[-46.74813782,-3.121856167],[-46.744473038,-3.137371666],[-46.729374138,-3.128199009],[-46.719943433,-3.153472412],[-46.749554868,-3.165913728],[-46.751558282,-3.188844387],[-46.773058334,-3.178598836],[-46.758399208,-3.19474773],[-46.771543558,-3.20406616],[-46.755271928,-3.216214143],[-46.778531075,-3.216848371],[-46.785909502,-3.247242068],[-46.806163528,-3.244046626],[-46.802058973,-3.265999841],[-46.820089698,-3.274049233],[-46.810805585,-3.290001474],[-46.826588578,-3.297904324],[-46.812222634,-3.302050856],[-46.813884001,-3.310051175],[-46.839195426,-3.32414914],[-46.849212496,-3.318392902],[-46.858643201,-3.342978635],[-46.867780723,-3.326929684],[-46.874475057,-3.345905467],[-46.889867139,-3.335368831],[-46.90574786,-3.367514972],[-46.917279706,-3.361319971],[-46.927883141,-3.377636641],[-46.944252499,-3.37719763],[-46.936092252,-3.391440964],[-46.949138874,-3.392172636],[-46.948699101,-3.405440199],[-46.939903625,-3.420853756],[-46.956321846,-3.425877742],[-46.94205363,-3.44650995],[-46.956321846,-3.461288775],[-46.948454782,-3.476798976],[-46.969075286,-3.473677445],[-46.959791173,-3.49508898],[-46.982317364,-3.494942661],[-46.968879831,-3.514402837],[-46.9783594,-3.517719318],[-46.975699428,-3.529768412],[-47.003768552,-3.534204003],[-47.018476542,-3.548542514],[-47.018465857,-3.565539485],[-47.038846104,-3.562103308],[-47.02723733,-3.580933001],[-47.041400548,-3.590727587],[-47.027354968,-3.599274735],[-47.04862386,-3.619629337],[-47.052339298,-3.635387088],[-47.040075089,-3.644106798],[-47.057047703,-3.654579438],[-47.046632478,-3.65601812],[-47.048890334,-3.668646068],[-47.037018674,-3.667966088],[-47.054525177,-3.685005359],[-47.046280827,-3.706450964],[-47.060849549,-3.729762972],[-47.053582657,-3.747769435],[-47.065273355,-3.759363964],[-47.055715749,-3.773535607],[-47.064693937,-3.777759151],[-47.063241088,-3.798884606],[-47.075746767,-3.80400947],[-47.072617546,-3.817862394],[-47.086683526,-3.824902698],[-47.085205117,-3.856640016],[-47.101858976,-3.861348242],[-47.106624833,-3.880942792],[-47.132540683,-3.878653984],[-47.13243809,-3.899573247],[-47.148710554,-3.896904725],[-47.148496141,-3.914489778],[-47.173146051,-3.923823359],[-47.169255927,-3.943439202],[-47.183732502,-3.947645094],[-47.178427042,-3.960897276],[-47.192809133,-3.968843042],[-47.190256172,-3.983704733],[-47.201739206,-3.973568892],[-47.204474124,-3.988315422],[-47.21997587,-3.988172482],[-47.222655638,-4.001301718],[-47.238928586,-3.998630753],[-47.305062395,-4.058830288],[-47.319424334,-4.047774506],[-47.331407045,-4.091425056],[-47.350643641,-4.115271361],[-47.340235116,-4.177045752],[-47.365828664,-4.180640032],[-47.360266805,-4.191372084],[-47.379001801,-4.22053692],[-47.371768056,-4.245585848],[-47.417519801,-4.278410882],[-47.429671297,-4.276200267],[-47.429257657,-4.286840556],[-47.47473416,-4.31504352],[-47.47631459,-4.356439428],[-47.502788132,-4.403706587],[-47.563724177,-4.4745575],[-47.581477656,-4.519935484],[-47.611941881,-4.557357881],[-47.679957295,-4.608617364],[-47.792569131,-4.586410791],[-47.816153022,-4.614728476],[-48.40037825,-5.074156192],[-48.419046314,-5.085710938],[-48.434623779,-5.076673037],[-48.433151541,-5.098065463],[-48.755150737,-5.349165408],[-48.712126987,-5.353013617],[-48.699210071,-5.320123193],[-48.679438438,-5.305820111],[-48.606131708,-5.336500756],[-48.568572611,-5.282932755],[-48.561073529,-5.230199181],[-48.533013143,-5.198717944],[-48.363909815,-5.168380515],[-48.32090443,-5.201387706],[-48.234927716,-5.22830672],[-48.178544202,-5.260776075],[-48.079265015,-5.275064477],[-48.004058854,-5.23462024],[-47.928104067,-5.24123552],[-47.872923551,-5.272358116],[-47.86762406,-5.342815893],[-47.843759371,-5.37620875],[-47.827540944,-5.386588162],[-47.740926492,-5.381448167],[-47.618619746,-5.459726203],[-47.555369402,-5.465735266],[-47.500120459,-5.525604845],[-47.483261416,-5.564898851],[-47.473704525,-5.661979651],[-47.493374497,-5.730530656],[-47.431063352,-5.869210648],[-47.429507924,-5.932095977],[-47.447984166,-5.992983857],[-47.428041977,-6.039224538],[-47.430234007,-6.13096896],[-47.377235775,-6.266768312],[-47.408624881,-6.328066882],[-47.409954931,-6.369655539],[-47.434205685,-6.431188623],[-47.416652639,-6.485678357],[-47.456497651,-6.538274511],[-47.463231678,-6.607075812],[-47.498644071,-6.67123156],[-47.494118666,-6.754833229],[-47.529645903,-6.831389129],[-47.505203229,-6.893686482],[-47.529570728,-6.946013037],[-47.529951488,-6.980105403],[-47.557850424,-7.031240847],[-47.618429529,-7.091160424],[-47.644456002,-7.143611559],[-47.660374874,-7.151368062],[-47.71065522,-7.137652755],[-47.745129126,-7.162504784],[-47.74982577,-7.195261748],[-47.735069984,-7.218899833],[-47.683571772,-7.245867257],[-47.647712148,-7.304122932],[-47.627011084,-7.30082368],[-47.591903113,-7.263995262],[-47.540176777,-7.265793497],[-47.499786362,-7.29385835],[-47.478202423,-7.33675369],[-47.485877701,-7.367102017],[-47.577488939,-7.416064601],[-47.590294735,-7.440885594],[-47.563265953,-7.450001906],[-47.529226926,-7.432898276],[-47.504710422,-7.436633659],[-47.497957167,-7.479185105],[-47.480281366,-7.492130153],[-47.475212786,-7.533364654],[-47.461107052,-7.518666854],[-47.426730175,-7.526576944],[-47.425348931,-7.541792538],[-47.439460198,-7.556230624],[-47.398598986,-7.569104941],[-47.40417867,-7.587146656],[-47.382095326,-7.599968501],[-47.380624579,-7.655143229],[-47.352210509,-7.64684036],[-47.372875894,-7.625366005],[-47.359813483,-7.616141353],[-47.315039352,-7.659537534],[-47.337721779,-7.667023622],[-47.331517705,-7.685216752],[-47.302540349,-7.689052627],[-47.302679712,-7.702008489],[-47.31603855,-7.701497931],[-47.305923495,-7.71343258],[-47.314264736,-7.729120204],[-47.273559278,-7.731027289],[-47.273897542,-7.745259209],[-47.259617981,-7.744228596],[-47.266761159,-7.761281482],[-47.24623102,-7.758517943],[-47.255037514,-7.765145953],[-47.240900058,-7.794028233],[-47.247064617,-7.800924915],[-47.235155134,-7.804068114],[-47.24500859,-7.815504368],[-47.229672312,-7.816652658],[-47.234569385,-7.82391565],[-47.196510686,-7.849288228],[-47.187253664,-7.843109961],[-47.187149633,-7.857780623],[-47.174505291,-7.856312465],[-47.175289444,-7.87107792],[-47.142788605,-7.894834645],[-47.141095064,-7.925277816],[-47.121534489,-7.921966714],[-47.116507764,-7.938901793],[-47.107231486,-7.936981338],[-47.115924976,-7.952583748],[-47.102014303,-7.954538304],[-47.106696112,-7.969324098],[-47.097790771,-7.980087238],[-47.10648064,-7.990797564],[-47.083680916,-7.988390335],[-47.062286467,-8.005069926],[-47.043502905,-8.053588791],[-47.002069429,-8.05762932],[-46.997428483,-8.067227986],[-46.989232154,-8.047870987],[-46.962815434,-8.039487237],[-46.953399896,-8.00664272],[-46.921399086,-7.995333694],[-46.918287442,-7.981761712],[-46.896213483,-7.986906043],[-46.872757956,-7.955562449],[-46.866312079,-7.96932559],[-46.857953284,-7.958818129],[-46.839944973,-7.965518147],[-46.814058501,-7.951380077],[-46.785484014,-7.952170943],[-46.75617272,-7.922361388],[-46.726533187,-7.9235263],[-46.70845281,-7.909925958],[-46.673232635,-7.914435011],[-46.66056475,-7.900561682],[-46.65063718,-7.908891829],[-46.597033237,-7.899342082],[-46.562387316,-7.920532761],[-46.549454226,-7.949501857],[-46.51872778,-7.959076546],[-46.490309184,-7.983242372],[-46.466191472,-8.070352085],[-46.48916758,-8.097723115],[-46.515228355,-8.1684026],[-46.487561342,-8.199909759],[-46.5078605,-8.233233938],[-46.51422406,-8.283637719],[-46.548147224,-8.321943519],[-46.606810632,-8.328434517],[-46.635234751,-8.319321558],[-46.706810604,-8.351531898],[-46.728098851,-8.386384889],[-46.779705087,-8.367485066],[-46.791726796,-8.386150133],[-46.787016865,-8.399099251],[-46.806834981,-8.398970712],[-46.795480414,-8.429968954],[-46.800509499,-8.4540934],[-46.823483303,-8.474496179],[-46.83233075,-8.464954618],[-46.851087272,-8.476157277],[-46.84634078,-8.534937632],[-46.862843134,-8.559086995],[-46.875453358,-8.55529877],[-46.878760962,-8.572523017],[-46.893035701,-8.570553669],[-46.900615356,-8.592277909],[-46.913818252,-8.586579048],[-46.916280157,-8.594783774],[-46.897727852,-8.60101647],[-46.91639414,-8.64840683],[-46.895695782,-8.659740822],[-46.886949284,-8.686489759],[-46.914368548,-8.708583114],[-46.917256992,-8.726111432],[-46.931281439,-8.726752413],[-46.904230674,-8.778559913],[-46.914895564,-8.853058219],[-46.959728244,-8.875449835],[-46.972143244,-8.866581318],[-46.99292193,-8.878889432],[-46.970288683,-8.914491677],[-46.997060054,-8.932634461],[-46.994677167,-8.945526007],[-47.018279637,-8.952935814],[-47.021561477,-8.988640632],[-47.035700436,-8.978943076],[-47.044032982,-9.006866634],[-47.06747749,-9.010386302],[-47.043483405,-9.026548977],[-47.07055164,-9.061954214],[-47.023564642,-9.076045554],[-47.010205904,-9.070299638],[-47.007341473,-9.082193416],[-46.921624833,-9.066812907],[-46.912149417,-9.08272431],[-46.931538182,-9.085888054],[-46.923558695,-9.097888956],[-46.931802673,-9.12806568],[-46.906734699,-9.135488426],[-46.889921806,-9.12436469],[-46.891674357,-9.14049249],[-46.852420266,-9.154449377],[-46.85070516,-9.191839193],[-46.822783683,-9.199044748],[-46.828894366,-9.240089782],[-46.81894537,-9.26005726],[-46.844644165,-9.284174079],[-46.845142353,-9.299823975],[-46.811062719,-9.306748911],[-46.799171551,-9.338843226],[-46.758674331,-9.381217507],[-46.7656775,-9.406330941],[-46.746028289,-9.414393962],[-46.723311868,-9.396364554],[-46.665975707,-9.391918604],[-46.632783379,-9.411588342],[-46.647924367,-9.427145043],[-46.640005113,-9.457721147],[-46.600479515,-9.470455408],[-46.592660927,-9.483459482],[-46.560975945,-9.484032968],[-46.575689475,-9.51754889],[-46.536755467,-9.557109332],[-46.592388058,-9.587200513],[-46.613057522,-9.665808212],[-46.653337442,-9.693442107],[-46.647419942,-9.730350401],[-46.632228732,-9.748876872],[-46.596138594,-9.747251274],[-46.575086459,-9.758575446],[-46.570031463,-9.777498646],[-46.579664976,-9.796345492],[-46.571592431,-9.808037152],[-46.509448502,-9.801366662],[-46.493643888,-9.827424177],[-46.4960599,-9.846006422],[-46.480333541,-9.855255257],[-46.491645074,-9.870070052],[-46.472899251,-9.877440287],[-46.478611454,-9.923868728],[-46.465723734,-9.937057411],[-46.477008117,-9.952748926],[-46.477583888,-9.988301376],[-46.457084985,-10.018017378],[-46.456529348,-10.049923687],[-46.445200392,-10.077387271],[-46.420695008,-10.080879245],[-46.383969118,-10.120142426],[-46.36788953,-10.168814146],[-46.327525311,-10.18369444],[-46.3130818,-10.172823787],[-46.273003128,-10.181615413],[-46.210869046,-10.169734972],[-46.163303442,-10.213632627],[-46.135912974,-10.206354293],[-46.099725954,-10.212900487],[-46.031247466,-10.176110777],[-46.012423289,-10.250696103],[-46.004051456,-10.261658468],[-45.996248054,-10.250314766],[-45.973947091,-10.248369919],[-45.946265269,-10.258549948],[-45.95607353,-10.221077474],[-45.94561901,-10.196442471],[-45.900021347,-10.152768622],[-45.877344512,-10.10658648],[-45.869936252,-10.069292034],[-45.880196063,-10.058593978],[-45.842286152,-9.941557878],[-45.86627766,-9.870719022],[-45.845731993,-9.808565214],[-45.821420603,-9.773127066],[-45.820353739,-9.74012483],[-45.838019353,-9.696456895],[-45.81995346,-9.618357706],[-45.836586053,-9.602288334],[-45.8414231,-9.562302242],[-45.821703174,-9.519435855],[-45.783143774,-9.479776175],[-45.801334734,-9.435050405],[-45.797841493,-9.417252037],[-45.824164279,-9.374945834],[-45.847136776,-9.356376654],[-45.863210192,-9.359154558],[-45.893677298,-9.342180857],[-45.907064752,-9.298015054],[-45.89593658,-9.281525353],[-45.905657286,-9.1911727],[-45.897512707,-9.184311573],[-45.928077202,-9.137916719],[-45.923130511,-9.090312213],[-45.932183517,-9.087827219],[-45.943461935,-9.015314769],[-45.984208894,-8.962548941],[-45.994294838,-8.926865336],[-45.980067085,-8.884070695],[-45.967616967,-8.87589081],[-45.971547395,-8.862405212],[-45.957330447,-8.840518158],[-45.945529532,-8.84037734],[-45.960766247,-8.818880285],[-45.938306317,-8.782814889],[-45.90762531,-8.758668533],[-45.891614151,-8.762791466],[-45.889346606,-8.739656087],[-45.86332657,-8.729805914],[-45.864619811,-8.715883373],[-45.839947647,-8.715278077],[-45.81161583,-8.656080147],[-45.821032913,-8.649555177],[-45.815546664,-8.633226329],[-45.797474738,-8.613034534],[-45.765637157,-8.609577232],[-45.793778707,-8.584400534],[-45.766439537,-8.569192099],[-45.753522965,-8.542257922],[-45.756828102,-8.527749376],[-45.738462479,-8.501174911],[-45.746007184,-8.493700602],[-45.742530875,-8.447957051],[-45.721568898,-8.394390449],[-45.703582628,-8.38744758],[-45.703495499,-8.368502061],[-45.687535478,-8.355550201],[-45.661555417,-8.250020514],[-45.608140289,-8.204952635],[-45.611132741,-8.18698785],[-45.5814678,-8.156043974],[-45.586589751,-8.136573098],[-45.575108326,-8.113954092],[-45.584450486,-8.096611282],[-45.561432683,-8.047901072],[-45.576287224,-8.029090911],[-45.549835132,-8.014490183],[-45.567289798,-7.993599949],[-45.545079969,-7.960717475],[-45.556149784,-7.954322616],[-45.54387954,-7.920963107],[-45.523630378,-7.912190764],[-45.543016941,-7.897707996],[-45.520844984,-7.888077833],[-45.540375004,-7.864697817],[-45.524967264,-7.856932067],[-45.500642518,-7.785642643],[-45.489944966,-7.786534385],[-45.484702204,-7.763653144],[-45.496072812,-7.748015244],[-45.482243004,-7.751353533],[-45.486897828,-7.72902715],[-45.468108062,-7.713217525],[-45.468912548,-7.689131488],[-45.449409797,-7.685673117],[-45.458546423,-7.672376416],[-45.437650702,-7.67779596],[-45.432747261,-7.661501681],[-45.399033821,-7.640044514],[-45.394076513,-7.613011608],[-45.373643385,-7.618784621],[-45.331967216,-7.577031937],[-45.261366691,-7.570851563],[-45.233907656,-7.549064747],[-45.218578016,-7.568314304],[-45.154569384,-7.512762654],[-45.137158883,-7.521542463],[-45.084397387,-7.502296293],[-45.047183781,-7.512581629],[-44.988798682,-7.482335272],[-44.926920809,-7.471620354],[-44.901396663,-7.426034596],[-44.868943552,-7.422286338],[-44.848489533,-7.386339221],[-44.822488799,-7.377194012],[-44.816732839,-7.361205],[-44.780956326,-7.378220855],[-44.742055053,-7.361832848],[-44.729892327,-7.391040365],[-44.687978013,-7.394532644],[-44.663352242,-7.331806145],[-44.617228076,-7.308646191],[-44.563592382,-7.226950981],[-44.52560474,-7.222155685],[-44.500840725,-7.184731772],[-44.387055335,-7.120935011],[-44.333048515,-7.108728184],[-44.306200357,-7.117170609],[-44.27446132,-7.070994941],[-44.279653981,-7.04226131],[-44.261981342,-6.998722971],[-44.235901917,-6.998735908],[-44.207873896,-6.966570886],[-44.201426275,-6.932515848],[-44.17603545,-6.927908141],[-44.173735457,-6.889276812],[-44.139172706,-6.864107225],[-44.125123923,-6.835585236],[-44.104400957,-6.856546987],[-44.098709838,-6.839943666],[-44.114009027,-6.80346036],[-44.088874167,-6.803301226],[-44.076987407,-6.821126045],[-44.061728768,-6.81337486],[-44.053370721,-6.768308814],[-43.987733648,-6.757277931],[-43.961209708,-6.741898423],[-43.932371578,-6.771995748],[-43.913794312,-6.75266152],[-43.879918023,-6.757782388],[-43.853760863,-6.735611705],[-43.808185924,-6.720272969],[-43.795063705,-6.702071782],[-43.774843159,-6.71493656],[-43.760735215,-6.702437553],[-43.714990082,-6.69873329],[-43.642874413,-6.7165511],[-43.584375636,-6.757484302],[-43.561335214,-6.74936551],[-43.541496455,-6.789991899],[-43.50688906,-6.800405332],[-43.481954629,-6.835097773],[-43.45776267,-6.846594947],[-43.444360365,-6.838611788],[-43.420038135,-6.843834108],[-43.390970797,-6.834492715],[-43.387872746,-6.817657442],[-43.364089681,-6.819310935],[-43.348984575,-6.798077215],[-43.278725315,-6.796616209],[-43.244694955,-6.76635183],[-43.17844892,-6.766722018],[-43.146028443,-6.78310085],[-43.105111908,-6.770747856],[-43.082112351,-6.748081033],[-43.046865498,-6.761459909],[-43.011087386,-6.759189922],[-42.919775113,-6.670309361],[-42.906721311,-6.601678888],[-42.884755371,-6.572626534],[-42.889443681,-6.538506887],[-42.871225939,-6.512076838],[-42.886945074,-6.506957054],[-42.866757282,-6.482437206],[-42.877753652,-6.417867613],[-42.85730171,-6.389447733],[-42.852365044,-6.359108262],[-42.829332891,-6.33742136],[-42.837080594,-6.32535235],[-42.860189735,-6.330544275],[-42.847002471,-6.282493587],[-42.865053072,-6.236065852],[-42.968585995,-6.178251737],[-42.985080999,-6.12402716],[-43.044916573,-6.10511933],[-43.075002039,-6.054707604],[-43.075389969,-6.040278276],[-43.056200868,-6.027328756],[-43.047945069,-6.002211018],[-43.078643282,-5.96713447],[-43.100254658,-5.902327935],[-43.076556986,-5.867083944],[-43.09727619,-5.828778443],[-43.101278954,-5.756108182],[-43.096003731,-5.742132168],[-43.076779118,-5.735106384],[-43.089203127,-5.678521412],[-43.082451427,-5.645626195],[-43.099144631,-5.630281876],[-43.085558309,-5.602099144],[-43.031785105,-5.588861694],[-42.995252687,-5.506943109],[-42.974307839,-5.485895542],[-42.96692379,-5.449478368],[-42.929507227,-5.437430839],[-42.907999427,-5.392263005],[-42.881445901,-5.38958377],[-42.864893057,-5.368035792],[-42.824623083,-5.345643723],[-42.811364654,-5.284769131],[-42.828667377,-5.239930072],[-42.797946148,-5.183216673],[-42.85816676,-4.989228654],[-42.854624965,-4.936113904],[-42.896281689,-4.887905159],[-42.897507879,-4.842692352],[-42.939224969,-4.809237128],[-42.951358003,-4.780173398],[-42.920274159,-4.735352416],[-42.953714016,-4.685698247],[-42.913004269,-4.647433516],[-42.869078355,-4.572276796],[-42.87471911,-4.535624352],[-42.84936066,-4.482599316],[-42.876404087,-4.464044924],[-42.872035562,-4.428558457],[-42.88007703,-4.417091996],[-42.931338539,-4.381759078],[-42.961778233,-4.37938382],[-42.962278245,-4.334521576],[-42.982583978,-4.297941935],[-42.989193442,-4.234052023],[-42.936175488,-4.161761528],[-42.888177165,-4.155605059],[-42.903057093,-4.124346029],[-42.862935093,-4.092868796],[-42.823645393,-3.992197006],[-42.797915779,-3.996608871],[-42.78661438,-3.95918601],[-42.726202498,-3.910005785],[-42.721166079,-3.875398424],[-42.668985332,-3.792354425],[-42.683781772,-3.766085555],[-42.668815603,-3.7357266],[-42.683412925,-3.701158486],[-42.67791394,-3.677442576],[-42.624635206,-3.626282943],[-42.609730429,-3.586129713],[-42.567725903,-3.566297393],[-42.533326506,-3.519131167],[-42.529551011,-3.492495873],[-42.506552098,-3.478814349],[-42.498360309,-3.447732431],[-42.487333495,-3.448912329],[-42.483278854,-3.476487387],[-42.461431059,-3.486009618],[-42.432273392,-3.454609174],[-42.404942078,-3.475529024],[-42.392658588,-3.447581553],[-42.366186192,-3.452739694],[-42.330805808,-3.433860971],[-42.295423596,-3.453412656],[-42.242923784,-3.433034964],[-42.202563042,-3.428815222],[-42.20437465,-3.435766852],[-42.195649166,-3.400267064],[-42.152192445,-3.387474469],[-42.142471951,-3.359737096],[-42.123661765,-3.352537899],[-42.123719652,-3.323108628],[-42.096320475,-3.306434977],[-42.10410009,-3.293285801],[-42.132573383,-3.290065719],[-42.127389599,-3.270942098],[-42.010304045,-3.246315433],[-41.974436175,-3.213172554],[-41.964452339,-3.178984601],[-41.939714647,-3.188270263],[-41.92274647,-3.107929145],[-41.891245391,-3.091878853],[-41.861652889,-3.047129201],[-41.830740415,-3.031776025],[-41.795884381,-2.96557046],[-41.805162116,-2.940175035],[-41.846458932,-2.906952868],[-41.865489606,-2.874879266],[-41.862683691,-2.83181959],[-41.84111729,-2.818535786],[-41.849045634,-2.773515917],[-41.826010208,-2.757267447],[-41.807247502,-2.730040289],[-41.910277921,-2.718943811],[-41.983790097,-2.723177847],[-42.014016027,-2.712643554],[-42.016511696,-2.737577806],[-42.03135049,-2.739620682],[-42.070152358,-2.687152062],[-42.128354054,-2.695223736],[-42.212771276,-2.68712539],[-42.229487802,-2.696494721],[-42.25691503,-2.675737964],[-42.262729459,-2.727861304],[-42.252630495,-2.738089152],[-42.263555788,-2.75790382],[-42.338606357,-2.749150826],[-42.36869759,-2.714043568],[-42.493860305,-2.704928827],[-42.504244443,-2.678120778],[-42.587355395,-2.669004304],[-42.722711856,-2.556238869],[-42.74898084,-2.560733352],[-42.763197025,-2.545455122],[-42.825291529,-2.544723168],[-43.200872492,-2.372946601],[-43.317492882,-2.337699686],[-43.441426902,-2.341698158],[-43.478508389,-2.366915745],[-43.484103836,-2.383499033],[-43.452095322,-2.442600793],[-43.461479343,-2.486344014],[-43.508677774,-2.476115133],[-43.520754382,-2.456717297],[-43.511406707,-2.441321007],[-43.516076388,-2.424519374],[-43.528455259,-2.418720594],[-43.552768165,-2.44330062],[-43.558088484,-2.479887392],[-43.58055134,-2.507051245],[-43.598844182,-2.499354195],[-43.57175875,-2.476294571],[-43.57979433,-2.458642806],[-43.621965612,-2.510199337],[-43.647984271,-2.495975323],[-43.651598962,-2.481822024],[-43.692510977,-2.520543256],[-43.703150116,-2.509030169],[-43.695453375,-2.484348676],[-43.709659491,-2.48738768],[-43.716956812,-2.475883578],[-43.767823599,-2.493908137],[-43.775924518,-2.472700053],[-43.760093992,-2.465873209],[-43.732141414,-2.42552365],[-43.71046202,-2.427163915],[-43.687587101,-2.397653207],[-43.645206925,-2.402716406],[-43.623588088,-2.303110609],[-43.593561197,-2.287231129],[-43.60408615,-2.257691839],[-43.627210474,-2.251233664],[-43.720358898,-2.291390079],[-43.721863316,-2.322054324],[-43.739594044,-2.35034984],[-43.725176846,-2.367992435],[-43.726800321,-2.386468366],[-43.759962518,-2.417388049],[-43.808417345,-2.438397534],[-43.791599659,-2.394082956],[-43.800464541,-2.390251087],[-43.838113055,-2.416656162],[-43.831493544,-2.440156864],[-43.842158946,-2.448654205],[-43.850150196,-2.510036981],[-43.876322629,-2.518305299],[-43.89368001,-2.556461339],[-43.931219526,-2.561622269],[-43.956543723,-2.621532027],[-44.022575174,-2.65260693],[-44.054248594,-2.711301519],[-44.094912926,-2.753250035],[-44.110864986,-2.747239145],[-44.136403906,-2.76644549],[-44.191674792,-2.764570816],[-44.24143461,-2.780508248],[-44.260879763,-2.774716006],[-44.26603848,-2.757982022],[-44.249571715,-2.730321838],[-44.222259487,-2.726324993],[-44.137586776,-2.68163598],[-44.131791079,-2.656321897],[-44.10569318,-2.629244785],[-44.092811531,-2.574743993],[-44.081451208,-2.56255119],[-44.036063489,-2.556544065],[-44.023860507,-2.508292858],[-44.052652511,-2.468807708],[-44.045771179,-2.453520746],[-44.023828096,-2.448725193],[-44.030837487,-2.407015288],[-44.094602917,-2.406604515],[-44.151953575,-2.434349251],[-44.174406799,-2.458377658],[-44.225925463,-2.476951826],[-44.304569017,-2.487506015],[-44.320324188,-2.502850677],[-44.307007703,-2.517423631],[-44.309330936,-2.538934736],[-44.317590584,-2.540368902],[-44.320835479,-2.52718335],[-44.348926423,-2.526942047],[-44.357943091,-2.554269211],[-44.377739942,-2.565760438],[-44.35409185,-2.603197197],[-44.380429243,-2.668177985],[-44.391706281,-2.72053829],[-44.386269979,-2.748658871],[-44.409168762,-2.792483175],[-44.407024973,-2.893994584],[-44.424817549,-2.943933927],[-44.453740692,-2.98727819],[-44.506951749,-3.032825511],[-44.549755249,-3.045204359],[-44.604014914,-3.0377687],[-44.665508163,-3.010878112],[-44.679448106,-2.979084274],[-44.678617569,-2.915339356],[-44.650676275,-2.891467579],[-44.63268478,-2.854799094],[-44.651607111,-2.807456068],[-44.6238064,-2.738932239],[-44.626804327,-2.702679429],[-44.584754478,-2.657153533],[-44.534581867,-2.527683],[-44.512187099,-2.535187182],[-44.490225753,-2.521728532],[-44.475997154,-2.485047626],[-44.442941425,-2.457515914],[-44.458165006,-2.434094058],[-44.496779595,-2.435260462],[-44.498447325,-2.425880622],[-44.477889539,-2.411201143],[-44.407999086,-2.409021427],[-44.406850597,-2.418353832],[-44.387976322,-2.40888681],[-44.372358467,-2.380737815],[-44.379538656,-2.355487573],[-44.357905047,-2.336858049],[-44.377048338,-2.281493383],[-44.391163588,-2.275734612],[-44.384478486,-2.26765846],[-44.398463117,-2.214385774],[-44.432876036,-2.166348739],[-44.463777654,-2.144297921],[-44.5301359,-2.159864051],[-44.542962834,-2.195558299],[-44.616098844,-2.257970113],[-44.627592965,-2.290897282],[-44.650752463,-2.295217797],[-44.682080443,-2.272115383],[-44.683672947,-2.256142697],[-44.634123655,-2.228541187],[-44.594997068,-2.181614672],[-44.579804164,-2.144485884],[-44.588308028,-2.134639253],[-44.566719026,-2.125626278],[-44.55245682,-2.089017416],[-44.485294981,-2.042741051],[-44.501663391,-2.023596953],[-44.532498392,-2.036258212],[-44.57599431,-2.024143544],[-44.515566703,-2.012726533],[-44.481253735,-1.986899719],[-44.511340678,-1.958140937],[-44.489180461,-1.957058776],[-44.514567192,-1.885729587],[-44.553506135,-1.885033979],[-44.533279752,-1.822754221],[-44.544336292,-1.819876934],[-44.552381984,-1.838789701],[-44.56460475,-1.835325614],[-44.564039162,-1.803581393],[-44.59066528,-1.782154557],[-44.573362365,-1.775195392],[-44.617704497,-1.760821368],[-44.601065939,-1.739707485],[-44.652522495,-1.715400625],[-44.65867352,-1.722879149],[-44.646049921,-1.765140503],[-44.703183751,-1.768463274],[-44.714893379,-1.790317079],[-44.720320115,-1.779851686],[-44.757223448,-1.789355811],[-44.709065796,-1.735755912],[-44.704031062,-1.740974259],[-44.700915797,-1.72624357],[-44.716472259,-1.713325696],[-44.737832279,-1.722018014],[-44.76273855,-1.704590093],[-44.785236023,-1.713257045],[-44.799795983,-1.704293091],[-44.753205156,-1.667832876],[-44.74677722,-1.650732654],[-44.675001819,-1.641374348],[-44.660964594,-1.661975848],[-44.6363315,-1.616559401],[-44.657098535,-1.587750655],[-44.683679941,-1.565604192],[-44.696690554,-1.582013257],[-44.708892617,-1.580615181],[-44.708239734,-1.551693341],[-44.763494801,-1.594736409],[-44.769342539,-1.56113994],[-44.778816472,-1.578447153],[-44.802686858,-1.589438618],[-44.835704613,-1.572940949],[-44.854692563,-1.618028482],[-44.8717494,-1.601334404],[-44.90579936,-1.604665713],[-44.918265609,-1.539039376],[-44.900035643,-1.535283115],[-44.894854822,-1.511173119],[-44.872883582,-1.489064267],[-44.885108831,-1.477908666],[-44.843905905,-1.48886106],[-44.830547019,-1.434627995],[-44.860448224,-1.411296032],[-44.886352372,-1.420129852],[-44.886835523,-1.442088853],[-44.920113226,-1.462013728],[-44.937123468,-1.489873462],[-44.954871223,-1.49128883],[-44.948680754,-1.481796393],[-44.969196122,-1.477883288],[-44.973112431,-1.502523573],[-44.94819302,-1.538405071],[-44.954693912,-1.56082431],[-44.978709943,-1.524586819],[-45.007177946,-1.531759128],[-45.007592265,-1.520983777],[-44.989778243,-1.511044561],[-45.006489192,-1.486129588],[-45.048893785,-1.490351276],[-45.096709424,-1.455464557],[-45.10319299,-1.473129227],[-45.132490051,-1.484785093],[-45.152574582,-1.470365121],[-45.175120815,-1.495361509],[-45.198023675,-1.48842501],[-45.212859859,-1.531577573],[-45.260919639,-1.596081476],[-45.334755004,-1.594314806],[-45.343469126,-1.586794077],[-45.334055213,-1.564228567],[-45.319551517,-1.557243414],[-45.308447749,-1.496810837],[-45.336786132,-1.477223998],[-45.388205043,-1.472017013],[-45.300397084,-1.437635107],[-45.299649042,-1.398356346],[-45.313752878,-1.372960789],[-45.305807097,-1.335416006],[-45.338467875,-1.314836555],[-45.360381776,-1.317375284],[-45.366013043,-1.327762186],[-45.34068846,-1.352016926],[-45.357562816,-1.346014188],[-45.37641832,-1.366739774],[-45.368687808,-1.380790032],[-45.378927785,-1.389864438],[-45.370382921,-1.39553059],[-45.406239879,-1.421464826],[-45.424525833,-1.419171635],[-45.455543765,-1.452147885],[-45.46382799,-1.477114806],[-45.484020653,-1.477812719],[-45.486807202,-1.419791402],[-45.474976,-1.372007232],[-45.421676393,-1.353053087],[-45.407493427,-1.3247541],[-45.411229407,-1.300438582],[-45.455931815,-1.296522546],[-45.460603045,-1.306423616],[-45.446052849,-1.311802265],[-45.475921404,-1.32483821],[-45.512441964,-1.378086805],[-45.526785453,-1.358769574],[-45.514525766,-1.307077559],[-45.544992477,-1.301377753],[-45.548937059,-1.276382991],[-45.592106057,-1.302437192],[-45.598993688,-1.299584326],[-45.585151383,-1.274609583],[-45.593707571,-1.266720418],[-45.636787177,-1.281191777],[-45.633494005,-1.245731461],[-45.643471077,-1.222978137],[-45.636409165,-1.192533538],[-45.617812495,-1.180440006],[-45.613566435,-1.162936917],[-45.629887725,-1.123628985],[-45.648062533,-1.236972217],[-45.689899303,-1.273601418],[-45.716453448,-1.260233367],[-45.738213395,-1.22012979],[-45.732987645,-1.199603426],[-45.690908119,-1.148667258],[-45.720928598,-1.110008597],[-45.768167042,-1.198982362],[-45.799642704,-1.179916854],[-45.802123906,-1.161273088],[-45.829008495,-1.176626524],[-45.8263332,-1.203630681],[-45.862774473,-1.212663608],[-45.862262455,-1.181187182],[-45.874708389,-1.19276595],[-45.868420484,-1.171828324],[-45.883866123,-1.17840093],[-45.874676766,-1.149899903],[-45.905953349,-1.171861297],[-45.912074861,-1.166341303],[-45.864702671,-1.130653901],[-45.864947926,-1.108321219],[-45.850183799,-1.101985178],[-45.844939903,-1.06927286],[-45.86056102,-1.049709522],[-45.871549577,-1.052530608],[-45.87039198,-1.073441545],[-45.886917883,-1.081834785],[-45.896954814,-1.118216772],[-45.94725267,-1.202377989],[-45.957763063,-1.195137169],[-45.951396279,-1.143518643],[-45.964251224,-1.139705611],[-45.96165805,-1.111688578],[-45.983661961,-1.11140256],[-45.967826063,-1.087221395],[-45.984451798,-1.065975513],[-45.964387756,-1.059766651],[-45.978345599,-1.049328121],[-45.995990465,-1.054333056],[-46.003199775,-1.076963913],[-46.019911342,-1.082228907],[-46.046061631,-1.121140796],[-46.038508456,-1.172999362],[-46.056355075,-1.131582154],[-46.06642071,-1.162468421],[-46.067971124,-1.150389308],[-46.075038809,-1.160998426],[-46.077082436,-1.19624309],[-46.104113533,-1.201966571]]],[[[-44.966202099,-1.271137242],[-44.986566105,-1.266146484],[-45.001724773,-1.29203503],[-44.979033067,-1.31129057],[-44.981607349,-1.320515201],[-45.030842111,-1.321200974],[-45.033861985,-1.338029267],[-45.014070275,-1.34945407],[-45.021409255,-1.384019067],[-45.00533564,-1.400820383],[-44.947239264,-1.378943133],[-44.916440827,-1.34437291],[-44.894481537,-1.337681132],[-44.892547233,-1.349525032],[-44.866923374,-1.328744723],[-44.872629291,-1.292817208],[-44.885217425,-1.281064804],[-44.929004102,-1.266771949],[-44.966202099,-1.271137242]]],[[[-45.109030559,-1.468994665],[-45.102397566,-1.460307213],[-45.110591901,-1.421901063],[-45.133732709,-1.463864793],[-45.109030559,-1.468994665]]],[[[-45.097394825,-1.385552388],[-45.099422621,-1.371611242],[-45.114906595,-1.363099474],[-45.126804658,-1.38544017],[-45.111187172,-1.412829734],[-45.097394825,-1.385552388]]],[[[-45.091966961,-1.409265388],[-45.071723033,-1.37340917],[-45.081862785,-1.377283417],[-45.101052161,-1.433028973],[-45.091966961,-1.409265388]]],[[[-45.071945655,-1.443843838],[-45.0788692,-1.427853882],[-45.084892006,-1.442478994],[-45.07492792,-1.45963201],[-45.071945655,-1.443843838]]],[[[-45.41113732,-1.418312789],[-45.40894937,-1.399143331],[-45.420301842,-1.40755192],[-45.41113732,-1.418312789]]],[[[-45.088548333,-1.443901977],[-45.087853841,-1.422420093],[-45.096816757,-1.435005902],[-45.088548333,-1.443901977]]]]},"properties":{"CD_UF":21,"NM_UF":"Maranhão","SIGLA_UF":"MA","NM_REGIAO":"Nordeste","color":"blue"}},{"type":"Feature","geometry":{"type":"Polygon","coordinates":[[[-41.826010208,-2.757267447],[-41.849045634,-2.773515917],[-41.84111729,-2.818535786],[-41.862683691,-2.83181959],[-41.865489606,-2.874879266],[-41.846458932,-2.906952868],[-41.805162116,-2.940175035],[-41.795884381,-2.96557046],[-41.830740415,-3.031776025],[-41.861652889,-3.047129201],[-41.891245391,-3.091878853],[-41.92274647,-3.107929145],[-41.939714647,-3.188270263],[-41.964452339,-3.178984601],[-41.974436175,-3.213172554],[-42.010304045,-3.246315433],[-42.127389599,-3.270942098],[-42.132573383,-3.290065719],[-42.10410009,-3.293285801],[-42.096320475,-3.306434977],[-42.123719652,-3.323108628],[-42.123661765,-3.352537899],[-42.142471951,-3.359737096],[-42.152192445,-3.387474469],[-42.195649166,-3.400267064],[-42.20437465,-3.435766852],[-42.202563042,-3.428815222],[-42.242923784,-3.433034964],[-42.295423596,-3.453412656],[-42.330805808,-3.433860971],[-42.366186192,-3.452739694],[-42.392658588,-3.447581553],[-42.404942078,-3.475529024],[-42.432273392,-3.454609174],[-42.461431059,-3.486009618],[-42.483278854,-3.476487387],[-42.487333495,-3.448912329],[-42.498360309,-3.447732431],[-42.506552098,-3.478814349],[-42.529551011,-3.492495873],[-42.533326506,-3.519131167],[-42.567725903,-3.566297393],[-42.609730429,-3.586129713],[-42.624635206,-3.626282943],[-42.67791394,-3.677442576],[-42.683412925,-3.701158486],[-42.668815603,-3.7357266],[-42.683781772,-3.766085555],[-42.668985332,-3.792354425],[-42.721166079,-3.875398424],[-42.726202498,-3.910005785],[-42.78661438,-3.95918601],[-42.797915779,-3.996608871],[-42.823645393,-3.992197006],[-42.862935093,-4.092868796],[-42.903057093,-4.124346029],[-42.888177165,-4.155605059],[-42.936175488,-4.161761528],[-42.989193442,-4.234052023],[-42.982583978,-4.297941935],[-42.962278245,-4.334521576],[-42.961778233,-4.37938382],[-42.931338539,-4.381759078],[-42.88007703,-4.417091996],[-42.872035562,-4.428558457],[-42.876404087,-4.464044924],[-42.84936066,-4.482599316],[-42.87471911,-4.535624352],[-42.869078355,-4.572276796],[-42.913004269,-4.647433516],[-42.953714016,-4.685698247],[-42.920274159,-4.735352416],[-42.951358003,-4.780173398],[-42.939224969,-4.809237128],[-42.897507879,-4.842692352],[-42.896281689,-4.887905159],[-42.854624965,-4.936113904],[-42.85816676,-4.989228654],[-42.797946148,-5.183216673],[-42.828667377,-5.239930072],[-42.811364654,-5.284769131],[-42.824623083,-5.345643723],[-42.864893057,-5.368035792],[-42.881445901,-5.38958377],[-42.907999427,-5.392263005],[-42.929507227,-5.437430839],[-42.96692379,-5.449478368],[-42.974307839,-5.485895542],[-42.995252687,-5.506943109],[-43.031785105,-5.588861694],[-43.085558309,-5.602099144],[-43.099144631,-5.630281876],[-43.082451427,-5.645626195],[-43.089203127,-5.678521412],[-43.076779118,-5.735106384],[-43.096003731,-5.742132168],[-43.101278954,-5.756108182],[-43.09727619,-5.828778443],[-43.076556986,-5.867083944],[-43.100254658,-5.902327935],[-43.078643282,-5.96713447],[-43.047945069,-6.002211018],[-43.056200868,-6.027328756],[-43.075389969,-6.040278276],[-43.075002039,-6.054707604],[-43.044916573,-6.10511933],[-42.985080999,-6.12402716],[-42.968585995,-6.178251737],[-42.865053072,-6.236065852],[-42.847002471,-6.282493587],[-42.860189735,-6.330544275],[-42.837080594,-6.32535235],[-42.829332891,-6.33742136],[-42.852365044,-6.359108262],[-42.85730171,-6.389447733],[-42.877753652,-6.417867613],[-42.866757282,-6.482437206],[-42.886945074,-6.506957054],[-42.871225939,-6.512076838],[-42.889443681,-6.538506887],[-42.884755371,-6.572626534],[-42.906721311,-6.601678888],[-42.919775113,-6.670309361],[-43.011087386,-6.759189922],[-43.046865498,-6.761459909],[-43.082112351,-6.748081033],[-43.105111908,-6.770747856],[-43.146028443,-6.78310085],[-43.17844892,-6.766722018],[-43.244694955,-6.76635183],[-43.278725315,-6.796616209],[-43.348984575,-6.798077215],[-43.364089681,-6.819310935],[-43.387872746,-6.817657442],[-43.390970797,-6.834492715],[-43.420038135,-6.843834108],[-43.444360365,-6.838611788],[-43.45776267,-6.846594947],[-43.481954629,-6.835097773],[-43.50688906,-6.800405332],[-43.541496455,-6.789991899],[-43.561335214,-6.74936551],[-43.584375636,-6.757484302],[-43.642874413,-6.7165511],[-43.714990082,-6.69873329],[-43.760735215,-6.702437553],[-43.774843159,-6.71493656],[-43.795063705,-6.702071782],[-43.808185924,-6.720272969],[-43.853760863,-6.735611705],[-43.879918023,-6.757782388],[-43.913794312,-6.75266152],[-43.932371578,-6.771995748],[-43.961209708,-6.741898423],[-43.987733648,-6.757277931],[-44.053370721,-6.768308814],[-44.061728768,-6.81337486],[-44.076987407,-6.821126045],[-44.088874167,-6.803301226],[-44.114009027,-6.80346036],[-44.098709838,-6.839943666],[-44.104400957,-6.856546987],[-44.125123923,-6.835585236],[-44.139172706,-6.864107225],[-44.173735457,-6.889276812],[-44.17603545,-6.927908141],[-44.201426275,-6.932515848],[-44.207873896,-6.966570886],[-44.235901917,-6.998735908],[-44.261981342,-6.998722971],[-44.279653981,-7.04226131],[-44.27446132,-7.070994941],[-44.306200357,-7.117170609],[-44.333048515,-7.108728184],[-44.387055335,-7.120935011],[-44.500840725,-7.184731772],[-44.52560474,-7.222155685],[-44.563592382,-7.226950981],[-44.617228076,-7.308646191],[-44.663352242,-7.331806145],[-44.687978013,-7.394532644],[-44.729892327,-7.391040365],[-44.742055053,-7.361832848],[-44.780956326,-7.378220855],[-44.816732839,-7.361205],[-44.822488799,-7.377194012],[-44.848489533,-7.386339221],[-44.868943552,-7.422286338],[-44.901396663,-7.426034596],[-44.926920809,-7.471620354],[-44.988798682,-7.482335272],[-45.047183781,-7.512581629],[-45.084397387,-7.502296293],[-45.137158883,-7.521542463],[-45.154569384,-7.512762654],[-45.218578016,-7.568314304],[-45.233907656,-7.549064747],[-45.261366691,-7.570851563],[-45.331967216,-7.577031937],[-45.373643385,-7.618784621],[-45.394076513,-7.613011608],[-45.399033821,-7.640044514],[-45.432747261,-7.661501681],[-45.437650702,-7.67779596],[-45.458546423,-7.672376416],[-45.449409797,-7.685673117],[-45.468912548,-7.689131488],[-45.468108062,-7.713217525],[-45.486897828,-7.72902715],[-45.482243004,-7.751353533],[-45.496072812,-7.748015244],[-45.484702204,-7.763653144],[-45.489944966,-7.786534385],[-45.500642518,-7.785642643],[-45.524967264,-7.856932067],[-45.540375004,-7.864697817],[-45.520844984,-7.888077833],[-45.543016941,-7.897707996],[-45.523630378,-7.912190764],[-45.54387954,-7.920963107],[-45.556149784,-7.954322616],[-45.545079969,-7.960717475],[-45.567289798,-7.993599949],[-45.549835132,-8.014490183],[-45.576287224,-8.029090911],[-45.561432683,-8.047901072],[-45.584450486,-8.096611282],[-45.575108326,-8.113954092],[-45.586589751,-8.136573098],[-45.5814678,-8.156043974],[-45.611132741,-8.18698785],[-45.608140289,-8.204952635],[-45.661555417,-8.250020514],[-45.687535478,-8.355550201],[-45.703495499,-8.368502061],[-45.703582628,-8.38744758],[-45.721568898,-8.394390449],[-45.742530875,-8.447957051],[-45.746007184,-8.493700602],[-45.738462479,-8.501174911],[-45.756828102,-8.527749376],[-45.753522965,-8.542257922],[-45.766439537,-8.569192099],[-45.793778707,-8.584400534],[-45.765637157,-8.609577232],[-45.797474738,-8.613034534],[-45.815546664,-8.633226329],[-45.821032913,-8.649555177],[-45.81161583,-8.656080147],[-45.839947647,-8.715278077],[-45.864619811,-8.715883373],[-45.86332657,-8.729805914],[-45.889346606,-8.739656087],[-45.891614151,-8.762791466],[-45.90762531,-8.758668533],[-45.938306317,-8.782814889],[-45.960766247,-8.818880285],[-45.945529532,-8.84037734],[-45.957330447,-8.840518158],[-45.971547395,-8.862405212],[-45.967616967,-8.87589081],[-45.980067085,-8.884070695],[-45.994294838,-8.926865336],[-45.984208894,-8.962548941],[-45.943461935,-9.015314769],[-45.932183517,-9.087827219],[-45.923130511,-9.090312213],[-45.928077202,-9.137916719],[-45.897512707,-9.184311573],[-45.905657286,-9.1911727],[-45.89593658,-9.281525353],[-45.907064752,-9.298015054],[-45.893677298,-9.342180857],[-45.863210192,-9.359154558],[-45.847136776,-9.356376654],[-45.824164279,-9.374945834],[-45.797841493,-9.417252037],[-45.801334734,-9.435050405],[-45.783143774,-9.479776175],[-45.821703174,-9.519435855],[-45.8414231,-9.562302242],[-45.836586053,-9.602288334],[-45.81995346,-9.618357706],[-45.838019353,-9.696456895],[-45.820353739,-9.74012483],[-45.821420603,-9.773127066],[-45.845731993,-9.808565214],[-45.86627766,-9.870719022],[-45.842286152,-9.941557878],[-45.880196063,-10.058593978],[-45.869936252,-10.069292034],[-45.877344512,-10.10658648],[-45.900021347,-10.152768622],[-45.94561901,-10.196442471],[-45.95607353,-10.221077474],[-45.946265269,-10.258549948],[-45.973947091,-10.248369919],[-45.996248054,-10.250314766],[-46.004051456,-10.261658468],[-46.012423289,-10.250696103],[-46.028206791,-10.277103297],[-45.999871075,-10.296679865],[-45.971114919,-10.358939315],[-45.910936935,-10.371088635],[-45.887171372,-10.3404619],[-45.915631821,-10.312664538],[-45.896728459,-10.264290209],[-45.870760212,-10.25002882],[-45.793743319,-10.267672353],[-45.760694305,-10.250618948],[-45.733187809,-10.227175312],[-45.726821654,-10.207103334],[-45.734996988,-10.172165285],[-45.723483949,-10.155412708],[-45.684719475,-10.153315599],[-45.603176094,-10.107982175],[-45.567456406,-10.139522509],[-45.571316296,-10.18688814],[-45.562520395,-10.210851367],[-45.526186658,-10.236927631],[-45.514360556,-10.289836599],[-45.484651794,-10.304897989],[-45.430322519,-10.35946302],[-45.424496615,-10.426490213],[-45.39599431,-10.445025185],[-45.400268858,-10.463074349],[-45.447256347,-10.507423014],[-45.438059546,-10.52725264],[-45.447129894,-10.558789106],[-45.432425979,-10.630555159],[-45.385215971,-10.651632599],[-45.358218967,-10.732207539],[-45.322373623,-10.760265149],[-45.268466032,-10.77622977],[-45.248051885,-10.821967435],[-45.21922321,-10.817376063],[-45.205129534,-10.832927407],[-45.105296251,-10.846820035],[-45.073235746,-10.840422565],[-45.016597141,-10.884599111],[-44.976834374,-10.889343085],[-44.928425703,-10.92794713],[-44.859662559,-10.883179256],[-44.844298933,-10.900032753],[-44.80832915,-10.866149483],[-44.810323084,-10.846584247],[-44.788061917,-10.808521576],[-44.75892567,-10.804846132],[-44.746086758,-10.77758032],[-44.714574258,-10.761725117],[-44.687211243,-10.769205138],[-44.667684713,-10.760056571],[-44.666621701,-10.682342166],[-44.618476037,-10.671067145],[-44.584904372,-10.629350885],[-44.551078356,-10.628580796],[-44.522265268,-10.649804102],[-44.500505153,-10.649701881],[-44.476736715,-10.639304558],[-44.456311098,-10.608099708],[-44.398073667,-10.605878105],[-44.336842856,-10.548535817],[-44.306098936,-10.565535817],[-44.264019812,-10.624669987],[-44.208647457,-10.615324178],[-44.149177917,-10.643210772],[-44.128288914,-10.631487334],[-44.1106216,-10.597196047],[-44.072113671,-10.579927657],[-44.051010389,-10.506238567],[-44.025843686,-10.475470727],[-44.035866716,-10.435425575],[-44.023540418,-10.408200383],[-44.002446705,-10.407548218],[-43.97277499,-10.432645467],[-43.936734821,-10.436130286],[-43.916229328,-10.42671867],[-43.914793323,-10.384154912],[-43.838291908,-10.304626032],[-43.837265067,-10.250068229],[-43.779088591,-10.180468396],[-43.766034458,-10.080057074],[-43.69291495,-10.077395407],[-43.690281484,-10.044635129],[-43.669480576,-10.03075517],[-43.662131407,-10.009544197],[-43.666343889,-9.98954025],[-43.702952665,-9.966112531],[-43.690454011,-9.929499204],[-43.709035343,-9.913219513],[-43.694622513,-9.891251796],[-43.677448483,-9.886527845],[-43.65324499,-9.839055303],[-43.693460955,-9.805257687],[-43.717817793,-9.802421782],[-43.784921816,-9.762385012],[-43.797260283,-9.696497344],[-43.841952224,-9.637427579],[-43.833978019,-9.617929696],[-43.84265119,-9.612669819],[-43.851350939,-9.552129231],[-43.778290482,-9.448700904],[-43.671130601,-9.408483019],[-43.621632603,-9.371537737],[-43.572823685,-9.316245381],[-43.531131103,-9.304191836],[-43.485458227,-9.265286075],[-43.451782157,-9.262262868],[-43.422749413,-9.277611093],[-43.361321625,-9.364411933],[-43.329613427,-9.371816729],[-43.2787692,-9.42457468],[-43.266669314,-9.411905927],[-43.214290098,-9.399648257],[-43.191698953,-9.420431332],[-43.173928472,-9.411223868],[-43.158626424,-9.377036487],[-43.133164072,-9.387282663],[-43.119619224,-9.371897958],[-43.079832155,-9.399109035],[-43.060728424,-9.395448024],[-43.05694324,-9.419135448],[-42.986829735,-9.401607168],[-42.957115298,-9.432412499],[-42.962141052,-9.469817571],[-42.946248823,-9.518413112],[-42.904016347,-9.526754162],[-42.873301274,-9.563868],[-42.837138714,-9.550371902],[-42.820552803,-9.619230414],[-42.769957195,-9.619182114],[-42.757749083,-9.589280276],[-42.716895276,-9.556278744],[-42.719881226,-9.530688359],[-42.679917393,-9.5491491],[-42.621720597,-9.541337479],[-42.588631863,-9.497350753],[-42.522272447,-9.503026988],[-42.493091776,-9.494900446],[-42.489068876,-9.462037224],[-42.440584184,-9.456171189],[-42.422986575,-9.413693031],[-42.359524583,-9.377613219],[-42.357048982,-9.352564466],[-42.316076568,-9.316612336],[-42.268912726,-9.310446787],[-42.230741201,-9.283431499],[-42.206435416,-9.292781492],[-42.101272526,-9.28157155],[-42.066585656,-9.255985971],[-42.024677588,-9.249759697],[-41.999905269,-9.265972176],[-41.972266227,-9.248638136],[-41.91793312,-9.278466209],[-41.870520575,-9.23743143],[-41.837965769,-9.242272043],[-41.800070338,-9.148026601],[-41.735184099,-9.094699796],[-41.726482949,-9.016360883],[-41.680453684,-9.012282253],[-41.669403857,-8.990079081],[-41.628997816,-8.984889982],[-41.605794729,-8.957403877],[-41.570056646,-8.955029466],[-41.565266766,-8.970320234],[-41.545795871,-8.961675945],[-41.54485305,-8.937954266],[-41.507437189,-8.892440913],[-41.502734686,-8.864066022],[-41.434684076,-8.799096012],[-41.424266706,-8.802555356],[-41.383770094,-8.709488751],[-41.358336184,-8.707620178],[-41.314261552,-8.696102326],[-41.287434022,-8.660839068],[-41.251318339,-8.661608643],[-41.213542855,-8.644155529],[-41.212288361,-8.601820273],[-41.168745879,-8.583090562],[-41.148376817,-8.533029255],[-41.126732859,-8.541955864],[-41.095584023,-8.518532965],[-41.078926971,-8.472503235],[-41.051098569,-8.480473778],[-41.043717841,-8.436656714],[-41.007379832,-8.420929114],[-41.000675559,-8.400726035],[-40.97854501,-8.398650712],[-40.925149037,-8.446326065],[-40.90153545,-8.421627005],[-40.90761549,-8.39898718],[-40.889870384,-8.386749868],[-40.893472305,-8.35731014],[-40.872523038,-8.357410127],[-40.858591277,-8.379610768],[-40.836565979,-8.380799086],[-40.81931871,-8.362357268],[-40.819509156,-8.321908925],[-40.792787744,-8.3200313],[-40.779879761,-8.301932713],[-40.78248199,-8.253303997],[-40.707255784,-8.223493553],[-40.666478204,-8.161589428],[-40.643566118,-8.157536812],[-40.63395119,-8.139448789],[-40.601317945,-8.150170464],[-40.589698422,-8.138808338],[-40.603123171,-8.09533039],[-40.544222057,-7.964597074],[-40.538124011,-7.856937305],[-40.559093525,-7.814845992],[-40.645166515,-7.786798963],[-40.672072316,-7.764829005],[-40.671864334,-7.735605849],[-40.633758331,-7.696861828],[-40.62198973,-7.651359868],[-40.636734999,-7.608517188],[-40.694080597,-7.538718916],[-40.715536484,-7.484437275],[-40.701201427,-7.456356333],[-40.665705353,-7.450945568],[-40.652323226,-7.433342165],[-40.548463713,-7.392691466],[-40.541508194,-7.332269119],[-40.523723229,-7.318450456],[-40.511631335,-7.299430612],[-40.513561124,-7.23970331],[-40.48436973,-7.133198699],[-40.48973931,-7.118690143],[-40.427717671,-7.033881108],[-40.438684639,-7.016459401],[-40.40624947,-7.005326607],[-40.429870227,-6.993343141],[-40.430179034,-6.867816186],[-40.370509762,-6.80307042],[-40.388790286,-6.796998679],[-40.432166582,-6.812977597],[-40.476926288,-6.732831675],[-40.60220707,-6.716011771],[-40.649139557,-6.678829369],[-40.71018276,-6.676129548],[-40.731465567,-6.656968037],[-40.722002577,-6.617682814],[-40.74585205,-6.565546783],[-40.792122324,-6.512861081],[-40.805154702,-6.393131591],[-40.779600058,-6.346616345],[-40.782863293,-6.313374499],[-40.852224159,-6.224220461],[-40.845738546,-6.134995005],[-40.872845823,-6.056627587],[-40.907547512,-6.044661638],[-40.873634411,-5.966758136],[-40.88021604,-5.91766724],[-40.897519319,-5.901297429],[-40.913541338,-5.726746267],[-40.938769291,-5.673340589],[-40.911232903,-5.6565588],[-40.901052273,-5.615909153],[-40.936454559,-5.526387997],[-40.916192454,-5.463821456],[-40.943803418,-5.423586336],[-40.911549383,-5.407376638],[-40.936103206,-5.365967513],[-40.912124914,-5.314204095],[-40.926907648,-5.296966744],[-40.924243327,-5.274837198],[-40.911713068,-5.266653469],[-40.942230164,-5.240474554],[-40.922028033,-5.226451104],[-40.931998861,-5.201263655],[-40.92560737,-5.176853369],[-40.964630928,-5.150083491],[-40.982462387,-5.153522723],[-41.03400102,-5.091064182],[-41.053802664,-5.103193818],[-41.081303074,-5.090072898],[-41.097005183,-5.053148494],[-41.132019168,-5.048571322],[-41.120186246,-5.02109548],[-41.137522404,-4.984967598],[-41.150921982,-4.992110482],[-41.189009957,-4.940618773],[-41.19855242,-4.937454882],[-41.203791058,-4.949749302],[-41.221366635,-4.938229815],[-41.234927977,-4.905744372],[-41.228103177,-4.890987781],[-41.249573827,-4.869690197],[-41.239445305,-4.854538538],[-41.241818431,-4.822141675],[-41.208015409,-4.776768432],[-41.250338111,-4.756627443],[-41.173852601,-4.666942884],[-41.229330702,-4.620094988],[-41.221215101,-4.578936224],[-41.242260378,-4.569946726],[-41.221530343,-4.567491271],[-41.190776015,-4.515528989],[-41.160011403,-4.381497266],[-41.120171336,-4.330566697],[-41.135904849,-4.233511296],[-41.090885602,-4.170331832],[-41.11832949,-4.165224053],[-41.143139912,-4.124233692],[-41.114282417,-4.040564652],[-41.171814718,-4.032477621],[-41.185523673,-4.017219048],[-41.256726865,-4.034848614],[-41.238828908,-4.015404982],[-41.249239968,-3.989869697],[-41.220239523,-3.94150552],[-41.228913385,-3.911729833],[-41.267757122,-3.861849927],[-41.276856261,-3.825621133],[-41.300814146,-3.826298902],[-41.254122852,-3.775041419],[-41.258518949,-3.732775511],[-41.238280463,-3.715768561],[-41.290801575,-3.689688996],[-41.341747756,-3.680772602],[-41.331315461,-3.624684324],[-41.3449041,-3.58873895],[-41.371313107,-3.572627187],[-41.364661445,-3.557998581],[-41.336869335,-3.553893563],[-41.324174074,-3.50336882],[-41.303029957,-3.492182595],[-41.319738983,-3.484086947],[-41.324049276,-3.385924077],[-41.346785843,-3.385526026],[-41.386990607,-3.409298391],[-41.399086164,-3.363586971],[-41.423518009,-3.368006522],[-41.32248513,-3.179792787],[-41.327537134,-3.159967753],[-41.31882427,-3.144818501],[-41.285136531,-3.113694386],[-41.285058137,-3.101507349],[-41.255765734,-3.087583799],[-41.261349339,-3.050059839],[-41.248131325,-3.025891458],[-41.270782747,-2.971245934],[-41.320107635,-2.957099856],[-41.32268131,-2.921319574],[-41.340349561,-2.927439202],[-41.397878592,-2.904091989],[-41.420955699,-2.909785793],[-41.478361304,-2.896020038],[-41.512453048,-2.911748945],[-41.557653029,-2.897370245],[-41.594388331,-2.90417076],[-41.632272959,-2.884368326],[-41.728864141,-2.803204166],[-41.751427904,-2.80064025],[-41.793057312,-2.750607458],[-41.826010208,-2.757267447]]]},"properties":{"CD_UF":22,"NM_UF":"Piauí","SIGLA_UF":"PI","NM_REGIAO":"Nordeste","color":"blue"}},{"type":"Feature","geometry":{"type":"Polygon","coordinates":[[[-41.32268131,-2.921319574],[-41.320107635,-2.957099856],[-41.270782747,-2.971245934],[-41.248131325,-3.025891458],[-41.261349339,-3.050059839],[-41.255765734,-3.087583799],[-41.285058137,-3.101507349],[-41.285136531,-3.113694386],[-41.31882427,-3.144818501],[-41.327537134,-3.159967753],[-41.32248513,-3.179792787],[-41.423518009,-3.368006522],[-41.399086164,-3.363586971],[-41.386990607,-3.409298391],[-41.346785843,-3.385526026],[-41.324049276,-3.385924077],[-41.319738983,-3.484086947],[-41.303029957,-3.492182595],[-41.324174074,-3.50336882],[-41.336869335,-3.553893563],[-41.364661445,-3.557998581],[-41.371313107,-3.572627187],[-41.3449041,-3.58873895],[-41.331315461,-3.624684324],[-41.341747756,-3.680772602],[-41.290801575,-3.689688996],[-41.238280463,-3.715768561],[-41.258518949,-3.732775511],[-41.254122852,-3.775041419],[-41.300814146,-3.826298902],[-41.276856261,-3.825621133],[-41.267757122,-3.861849927],[-41.228913385,-3.911729833],[-41.220239523,-3.94150552],[-41.249239968,-3.989869697],[-41.238828908,-4.015404982],[-41.256726865,-4.034848614],[-41.185523673,-4.017219048],[-41.171814718,-4.032477621],[-41.114282417,-4.040564652],[-41.143139912,-4.124233692],[-41.11832949,-4.165224053],[-41.090885602,-4.170331832],[-41.135904849,-4.233511296],[-41.120171336,-4.330566697],[-41.160011403,-4.381497266],[-41.190776015,-4.515528989],[-41.221530343,-4.567491271],[-41.242260378,-4.569946726],[-41.221215101,-4.578936224],[-41.229330702,-4.620094988],[-41.173852601,-4.666942884],[-41.250338111,-4.756627443],[-41.208015409,-4.776768432],[-41.241818431,-4.822141675],[-41.239445305,-4.854538538],[-41.249573827,-4.869690197],[-41.228103177,-4.890987781],[-41.234927977,-4.905744372],[-41.221366635,-4.938229815],[-41.203791058,-4.949749302],[-41.19855242,-4.937454882],[-41.189009957,-4.940618773],[-41.150921982,-4.992110482],[-41.137522404,-4.984967598],[-41.120186246,-5.02109548],[-41.132019168,-5.048571322],[-41.097005183,-5.053148494],[-41.081303074,-5.090072898],[-41.053802664,-5.103193818],[-41.03400102,-5.091064182],[-40.982462387,-5.153522723],[-40.964630928,-5.150083491],[-40.92560737,-5.176853369],[-40.931998861,-5.201263655],[-40.922028033,-5.226451104],[-40.942230164,-5.240474554],[-40.911713068,-5.266653469],[-40.924243327,-5.274837198],[-40.926907648,-5.296966744],[-40.912124914,-5.314204095],[-40.936103206,-5.365967513],[-40.911549383,-5.407376638],[-40.943803418,-5.423586336],[-40.916192454,-5.463821456],[-40.936454559,-5.526387997],[-40.901052273,-5.615909153],[-40.911232903,-5.6565588],[-40.938769291,-5.673340589],[-40.913541338,-5.726746267],[-40.897519319,-5.901297429],[-40.88021604,-5.91766724],[-40.873634411,-5.966758136],[-40.907547512,-6.044661638],[-40.872845823,-6.056627587],[-40.845738546,-6.134995005],[-40.852224159,-6.224220461],[-40.782863293,-6.313374499],[-40.779600058,-6.346616345],[-40.805154702,-6.393131591],[-40.792122324,-6.512861081],[-40.74585205,-6.565546783],[-40.722002577,-6.617682814],[-40.731465567,-6.656968037],[-40.71018276,-6.676129548],[-40.649139557,-6.678829369],[-40.60220707,-6.716011771],[-40.476926288,-6.732831675],[-40.432166582,-6.812977597],[-40.388790286,-6.796998679],[-40.370509762,-6.80307042],[-40.430179034,-6.867816186],[-40.429870227,-6.993343141],[-40.40624947,-7.005326607],[-40.438684639,-7.016459401],[-40.427717671,-7.033881108],[-40.48973931,-7.118690143],[-40.48436973,-7.133198699],[-40.513561124,-7.23970331],[-40.511631335,-7.299430612],[-40.523723229,-7.318450456],[-40.433591707,-7.367178228],[-40.393878139,-7.368168386],[-40.360983897,-7.3556007],[-40.31856316,-7.303340396],[-40.262995607,-7.301020939],[-40.195684671,-7.358148691],[-40.127754321,-7.38191499],[-40.087454495,-7.383093067],[-40.000707028,-7.37447834],[-39.926344968,-7.340998906],[-39.886281706,-7.339309974],[-39.857696806,-7.325428692],[-39.741322101,-7.326816613],[-39.706188883,-7.337761187],[-39.65308842,-7.372262174],[-39.628907181,-7.425628511],[-39.571590504,-7.429831283],[-39.548425348,-7.483133298],[-39.502360546,-7.464148442],[-39.460747612,-7.471218999],[-39.457305801,-7.506182959],[-39.485164215,-7.534449022],[-39.471680839,-7.575800614],[-39.434933473,-7.573722844],[-39.419656147,-7.604412279],[-39.37609497,-7.611772363],[-39.305566452,-7.665931625],[-39.270321408,-7.659897315],[-39.249740353,-7.683544576],[-39.252564871,-7.704930899],[-39.208335246,-7.689480338],[-39.171001361,-7.715240282],[-39.135640874,-7.723375096],[-39.100333262,-7.775707696],[-39.091297788,-7.858182471],[-39.053755678,-7.819304639],[-39.02639314,-7.824635072],[-39.016370336,-7.812180708],[-39.001408643,-7.840126081],[-38.96285947,-7.844816397],[-38.964940357,-7.829828497],[-38.939965104,-7.7951057],[-38.93957806,-7.758772627],[-38.916110851,-7.758538126],[-38.915577688,-7.744487106],[-38.881397547,-7.747432296],[-38.868851653,-7.711179764],[-38.828109322,-7.719614471],[-38.815023921,-7.697390789],[-38.819689922,-7.66482773],[-38.790747785,-7.671149663],[-38.763912698,-7.656401159],[-38.742802042,-7.660322],[-38.737215786,-7.634932121],[-38.715112949,-7.621919511],[-38.711025001,-7.586633956],[-38.655325094,-7.56554299],[-38.654657758,-7.522221854],[-38.63056542,-7.483952214],[-38.646257294,-7.462718067],[-38.603328036,-7.457591973],[-38.605803111,-7.444574508],[-38.585300803,-7.434815051],[-38.584497529,-7.416350993],[-38.595329153,-7.411481221],[-38.534586876,-7.293793047],[-38.542145412,-7.265901576],[-38.553829059,-7.259996241],[-38.551962103,-7.243478476],[-38.595113023,-7.246528922],[-38.615367995,-7.230185804],[-38.624802786,-7.191320609],[-38.654781811,-7.183227664],[-38.687829987,-7.190161169],[-38.676582372,-7.169198224],[-38.68519375,-7.161343973],[-38.675293014,-7.155721868],[-38.677415281,-7.130935195],[-38.65640591,-7.092425787],[-38.677242018,-7.067102465],[-38.669849027,-7.047704612],[-38.765107309,-6.993225381],[-38.742250387,-6.974278527],[-38.765603428,-6.949465458],[-38.75524345,-6.939126118],[-38.764163229,-6.909264601],[-38.675416879,-6.861829406],[-38.67293501,-6.836143089],[-38.636350177,-6.804727336],[-38.638898675,-6.792292122],[-38.616921297,-6.793298924],[-38.613927763,-6.782437401],[-38.652680249,-6.75976415],[-38.673150451,-6.697221206],[-38.646406091,-6.662426446],[-38.656787504,-6.636601752],[-38.62916036,-6.604582449],[-38.642853396,-6.581177691],[-38.607084545,-6.529514828],[-38.61611152,-6.528145234],[-38.612288204,-6.513191323],[-38.575777123,-6.477965117],[-38.554265385,-6.432763068],[-38.517909342,-6.408731717],[-38.529399886,-6.392889993],[-38.57196839,-6.404106645],[-38.601801542,-6.391711042],[-38.592466291,-6.378246146],[-38.573108052,-6.374918362],[-38.577103072,-6.364243541],[-38.562505941,-6.355651694],[-38.58154229,-6.331046075],[-38.566022685,-6.302588665],[-38.579545663,-6.279626404],[-38.528347977,-6.239176228],[-38.519711764,-6.223037558],[-38.529285906,-6.213740396],[-38.527203937,-6.19337798],[-38.501325272,-6.190947071],[-38.475485315,-6.157040296],[-38.4620852,-6.112321006],[-38.440771172,-6.096874324],[-38.447316578,-6.085277722],[-38.413187059,-6.058320826],[-38.382977134,-6.052334625],[-38.385691604,-6.064679242],[-38.366214792,-6.088298066],[-38.347364381,-6.080701588],[-38.346782994,-6.067277271],[-38.336759919,-6.080397316],[-38.303775273,-6.086522665],[-38.259183792,-6.053780017],[-38.244503615,-5.99945745],[-38.20601561,-5.964347758],[-38.16479231,-5.946531982],[-38.164060487,-5.927462797],[-38.124937346,-5.887612097],[-38.114360976,-5.82225544],[-38.046884184,-5.732942048],[-38.073242573,-5.723571131],[-38.088236263,-5.73003771],[-38.081985407,-5.670122727],[-38.034269696,-5.637152784],[-37.99003715,-5.555797929],[-37.948056476,-5.534644864],[-37.932634343,-5.50310771],[-37.901577269,-5.49979238],[-37.886484643,-5.443829633],[-37.860481642,-5.406685692],[-37.857657436,-5.356723665],[-37.783109867,-5.294815547],[-37.790028912,-5.21094032],[-37.764955606,-5.139616172],[-37.733422468,-5.100641186],[-37.725089352,-5.070624277],[-37.677620365,-5.054085668],[-37.640338093,-4.926404373],[-37.252658644,-4.831390316],[-37.284589752,-4.745872836],[-37.328215028,-4.698406257],[-37.471322265,-4.650837668],[-37.497812576,-4.6269612],[-37.542974812,-4.644710536],[-37.595321094,-4.623074661],[-37.716452354,-4.511837483],[-37.754247551,-4.437087245],[-37.769482738,-4.426387682],[-37.770094398,-4.401270712],[-37.809989011,-4.398635067],[-37.854165743,-4.379497567],[-38.043747674,-4.219221188],[-38.115967301,-4.14800043],[-38.27286212,-3.944675453],[-38.318553054,-3.926196962],[-38.360322999,-3.884856406],[-38.435821536,-3.770570486],[-38.460302515,-3.705064021],[-38.482500295,-3.698732541],[-38.472882146,-3.706242675],[-38.483184766,-3.709898972],[-38.476215197,-3.719321526],[-38.495851677,-3.725033732],[-38.510826461,-3.713444459],[-38.539363628,-3.716368893],[-38.581131059,-3.69213054],[-38.652404674,-3.682156009],[-38.701754749,-3.638359895],[-38.762423509,-3.605917396],[-38.812258749,-3.542126919],[-38.847813276,-3.542842042],[-38.89163987,-3.505923303],[-38.911174003,-3.50262209],[-38.939809739,-3.448979659],[-38.984427268,-3.403312157],[-39.006837653,-3.396849055],[-39.048747872,-3.412574258],[-39.074201706,-3.401394469],[-39.112737895,-3.347114731],[-39.159240538,-3.332464309],[-39.250150594,-3.223168157],[-39.313044335,-3.206071103],[-39.353354875,-3.174306085],[-39.381822194,-3.183578567],[-39.421425759,-3.154784991],[-39.462687884,-3.143796897],[-39.54988332,-3.079132777],[-39.594326501,-3.067981039],[-39.619826845,-3.02598337],[-39.656395947,-3.0234964],[-39.687431317,-2.996618633],[-39.719043862,-2.998252778],[-39.907789457,-2.873133052],[-39.925153296,-2.87058102],[-39.885058985,-2.89095704],[-39.994625245,-2.839547029],[-39.9838694,-2.848370821],[-40.058000638,-2.83420905],[-40.077728266,-2.840917481],[-40.126232737,-2.82354149],[-40.13987618,-2.826785654],[-40.132849478,-2.829521204],[-40.14377711,-2.84017696],[-40.185333868,-2.811680593],[-40.429496199,-2.811101049],[-40.497958827,-2.784323465],[-40.520137672,-2.791000872],[-40.537126314,-2.81948831],[-40.595280976,-2.838541185],[-40.588470856,-2.845971119],[-40.599967383,-2.848497192],[-40.611123509,-2.841237222],[-40.760380752,-2.848808609],[-40.844784488,-2.885854084],[-40.863116005,-2.856237751],[-40.905828812,-2.858939725],[-40.914510583,-2.872879963],[-40.955468343,-2.872028873],[-41.010314925,-2.891449083],[-41.10815491,-2.890089462],[-41.101714053,-2.900947979],[-41.116032087,-2.884871967],[-41.128994583,-2.892629379],[-41.260561634,-2.883613892],[-41.32268131,-2.921319574]]]},"properties":{"CD_UF":23,"NM_UF":"Ceará","SIGLA_UF":"CE","NM_REGIAO":"Nordeste","color":"blue"}},{"type":"Feature","geometry":{"type":"Polygon","coordinates":[[[-37.252658644,-4.831390316],[-37.640338093,-4.926404373],[-37.677620365,-5.054085668],[-37.725089352,-5.070624277],[-37.733422468,-5.100641186],[-37.764955606,-5.139616172],[-37.790028912,-5.21094032],[-37.783109867,-5.294815547],[-37.857657436,-5.356723665],[-37.860481642,-5.406685692],[-37.886484643,-5.443829633],[-37.901577269,-5.49979238],[-37.932634343,-5.50310771],[-37.948056476,-5.534644864],[-37.99003715,-5.555797929],[-38.034269696,-5.637152784],[-38.081985407,-5.670122727],[-38.088236263,-5.73003771],[-38.073242573,-5.723571131],[-38.046884184,-5.732942048],[-38.114360976,-5.82225544],[-38.124937346,-5.887612097],[-38.164060487,-5.927462797],[-38.16479231,-5.946531982],[-38.20601561,-5.964347758],[-38.244503615,-5.99945745],[-38.259183792,-6.053780017],[-38.303775273,-6.086522665],[-38.336759919,-6.080397316],[-38.346782994,-6.067277271],[-38.347364381,-6.080701588],[-38.366214792,-6.088298066],[-38.385691604,-6.064679242],[-38.382977134,-6.052334625],[-38.413187059,-6.058320826],[-38.447316578,-6.085277722],[-38.440771172,-6.096874324],[-38.4620852,-6.112321006],[-38.475485315,-6.157040296],[-38.501325272,-6.190947071],[-38.527203937,-6.19337798],[-38.529285906,-6.213740396],[-38.519711764,-6.223037558],[-38.528347977,-6.239176228],[-38.579545663,-6.279626404],[-38.566022685,-6.302588665],[-38.58154229,-6.331046075],[-38.562505941,-6.355651694],[-38.532623015,-6.341706203],[-38.505421198,-6.356509122],[-38.458386491,-6.330213551],[-38.489754568,-6.363448249],[-38.485061393,-6.399419305],[-38.452063662,-6.392489274],[-38.426041192,-6.414123832],[-38.399319415,-6.409792458],[-38.375119435,-6.437379165],[-38.373663011,-6.455780972],[-38.330702878,-6.45891331],[-38.288719843,-6.505617309],[-38.23922886,-6.4802973],[-38.187454469,-6.49918563],[-38.147882172,-6.491487567],[-38.135517576,-6.518476123],[-38.117057391,-6.522668524],[-38.049711314,-6.441049985],[-38.03701278,-6.457054597],[-38.040644466,-6.47304361],[-38.012946639,-6.468853508],[-38.01369573,-6.427427275],[-37.979084189,-6.426693203],[-37.955395622,-6.398208318],[-37.945437459,-6.422620064],[-37.926051438,-6.421137847],[-37.886249542,-6.397000605],[-37.888224675,-6.364369488],[-37.859827505,-6.374877329],[-37.841531033,-6.363030715],[-37.834259991,-6.342385375],[-37.842520987,-6.32999149],[-37.814754977,-6.315143167],[-37.82403012,-6.306033677],[-37.812123941,-6.292726841],[-37.757662517,-6.290772175],[-37.771421933,-6.273065146],[-37.760516356,-6.254090611],[-37.776613218,-6.245874916],[-37.761644641,-6.236288794],[-37.775616504,-6.231343543],[-37.753079436,-6.21442975],[-37.742373876,-6.188975422],[-37.707524225,-6.176855433],[-37.695880489,-6.187286582],[-37.646711932,-6.189392303],[-37.569620459,-6.155438744],[-37.539994959,-6.165930313],[-37.536350781,-6.152835981],[-37.45894743,-6.145002225],[-37.445693081,-6.112201411],[-37.393631925,-6.109387652],[-37.382338786,-6.08555378],[-37.354434164,-6.086485947],[-37.298009618,-6.049554451],[-37.272477357,-6.055702518],[-37.253794815,-6.026568858],[-37.231860241,-6.027594928],[-37.222687222,-6.042148094],[-37.173931306,-6.048015861],[-37.166786214,-6.108645481],[-37.175096076,-6.142183056],[-37.15692297,-6.15248823],[-37.174221023,-6.180103617],[-37.192943941,-6.183079772],[-37.201581323,-6.205703989],[-37.251527379,-6.226458279],[-37.270552478,-6.251714376],[-37.274726523,-6.281426124],[-37.316975565,-6.278665461],[-37.330424407,-6.306327607],[-37.36652789,-6.325582712],[-37.397161218,-6.405063149],[-37.381243643,-6.43710938],[-37.396891399,-6.51420738],[-37.415709619,-6.531880108],[-37.464724524,-6.532663686],[-37.482357396,-6.547710934],[-37.47721587,-6.641910813],[-37.466190907,-6.659959528],[-37.484699542,-6.710037374],[-37.407334101,-6.697195366],[-37.342712914,-6.701246403],[-37.314298924,-6.68897443],[-37.283715994,-6.693914827],[-37.290167258,-6.713043916],[-37.263920789,-6.732170006],[-37.273949285,-6.766790374],[-37.257326769,-6.780395858],[-37.255143909,-6.811061488],[-37.223237838,-6.825389575],[-37.190671875,-6.825365685],[-37.153707738,-6.799789214],[-37.128935761,-6.765976989],[-37.059423229,-6.749425039],[-36.99983354,-6.707712876],[-36.977621762,-6.721855206],[-36.970708213,-6.768299124],[-36.952662815,-6.775153097],[-36.957135468,-6.790478197],[-36.903428435,-6.753614785],[-36.835029624,-6.731070935],[-36.77272871,-6.787065161],[-36.769465081,-6.838748053],[-36.730517636,-6.835439972],[-36.766543916,-6.93586763],[-36.744112599,-6.967773676],[-36.718553882,-6.982734812],[-36.687218136,-6.92596269],[-36.609794162,-6.936837084],[-36.567939738,-6.87479656],[-36.569795176,-6.848008298],[-36.544346384,-6.842958676],[-36.506937806,-6.813005377],[-36.50256077,-6.757624678],[-36.544204455,-6.731203504],[-36.558880381,-6.709107492],[-36.521014589,-6.613159708],[-36.524542733,-6.599653262],[-36.507959952,-6.595450823],[-36.473480615,-6.614406689],[-36.460517975,-6.634393626],[-36.435858141,-6.625877964],[-36.444390285,-6.558319602],[-36.475621763,-6.544934011],[-36.482630476,-6.519538005],[-36.525846797,-6.501161337],[-36.530971554,-6.452071557],[-36.499848628,-6.358164928],[-36.430306047,-6.362255018],[-36.394561408,-6.293974776],[-36.357576744,-6.309987262],[-36.303523881,-6.283033733],[-36.279872701,-6.308861519],[-36.276747453,-6.340430468],[-36.298813129,-6.376540575],[-36.29596945,-6.393231888],[-36.251162869,-6.404423479],[-36.249772072,-6.437359913],[-36.110188999,-6.429180656],[-36.077720625,-6.405090633],[-36.013284873,-6.455040944],[-36.005348381,-6.481053307],[-35.97764729,-6.488905789],[-35.763356115,-6.48219197],[-35.711256337,-6.471094095],[-35.681972997,-6.447928349],[-35.66016426,-6.445278719],[-35.600188123,-6.460610585],[-35.58053237,-6.487111425],[-35.561668125,-6.492644766],[-35.525296489,-6.476097763],[-35.477139349,-6.486852284],[-35.460045959,-6.476778365],[-35.400749126,-6.491603225],[-35.330772859,-6.544341413],[-35.2745652,-6.543877799],[-35.232348371,-6.531776563],[-35.222880627,-6.516134385],[-35.203056315,-6.547854462],[-35.170298851,-6.558392642],[-35.145443479,-6.55270971],[-35.098083721,-6.4977575],[-35.057732123,-6.527791199],[-35.028540917,-6.505522615],[-34.968457928,-6.487199868],[-34.970821296,-6.437349003],[-34.990772373,-6.371873117],[-35.015146471,-6.369401006],[-35.027202053,-6.35099065],[-35.035979128,-6.235398143],[-35.071289337,-6.221709035],[-35.082669542,-6.188810087],[-35.094963761,-6.182447453],[-35.106229812,-6.006917175],[-35.128613658,-5.967497636],[-35.148896921,-5.958155158],[-35.153817387,-5.883122072],[-35.169088488,-5.88194458],[-35.178812381,-5.866364191],[-35.179242372,-5.798971426],[-35.203531573,-5.747281791],[-35.192201393,-5.700594075],[-35.216187281,-5.676380611],[-35.21449882,-5.63002533],[-35.225411651,-5.622461385],[-35.226191353,-5.581045065],[-35.248402027,-5.546107375],[-35.259584304,-5.481713782],[-35.288002448,-5.460560217],[-35.292411922,-5.426675084],[-35.30856072,-5.413811795],[-35.31941163,-5.377830308],[-35.334737703,-5.379713702],[-35.351096781,-5.362468658],[-35.367424682,-5.292978366],[-35.395479888,-5.245964931],[-35.458947345,-5.197032283],[-35.488172993,-5.157937279],[-35.617551563,-5.113794898],[-35.638976824,-5.119531769],[-35.785240843,-5.075011037],[-35.879162126,-5.068008323],[-35.979081632,-5.041553561],[-36.039436328,-5.05139639],[-36.125489825,-5.091471024],[-36.160541723,-5.096545308],[-36.290235772,-5.087687664],[-36.308760868,-5.102401714],[-36.331153299,-5.087112376],[-36.384128336,-5.087611851],[-36.449230244,-5.066443877],[-36.503180477,-5.061798725],[-36.534440566,-5.071159537],[-36.544038514,-5.088893959],[-36.610409307,-5.078442136],[-36.613396093,-5.094333563],[-36.688662152,-5.088301009],[-36.797045997,-5.038770556],[-36.878147003,-4.95069913],[-36.918831277,-4.94651928],[-36.960339085,-4.91847792],[-37.037255427,-4.949871229],[-37.105255889,-4.922252261],[-37.143881824,-4.936303094],[-37.141634247,-4.949793067],[-37.153141377,-4.948106242],[-37.20965373,-4.895364965],[-37.252658644,-4.831390316]]]},"properties":{"CD_UF":24,"NM_UF":"Rio Grande do Norte","SIGLA_UF":"RN","NM_REGIAO":"Nordeste","color":"blue"}},{"type":"Feature","geometry":{"type":"MultiPolygon","coordinates":[[[[-38.562505941,-6.355651694],[-38.577103072,-6.364243541],[-38.573108052,-6.374918362],[-38.592466291,-6.378246146],[-38.601801542,-6.391711042],[-38.57196839,-6.404106645],[-38.529399886,-6.392889993],[-38.517909342,-6.408731717],[-38.554265385,-6.432763068],[-38.575777123,-6.477965117],[-38.612288204,-6.513191323],[-38.61611152,-6.528145234],[-38.607084545,-6.529514828],[-38.642853396,-6.581177691],[-38.62916036,-6.604582449],[-38.656787504,-6.636601752],[-38.646406091,-6.662426446],[-38.673150451,-6.697221206],[-38.652680249,-6.75976415],[-38.613927763,-6.782437401],[-38.616921297,-6.793298924],[-38.638898675,-6.792292122],[-38.636350177,-6.804727336],[-38.67293501,-6.836143089],[-38.675416879,-6.861829406],[-38.764163229,-6.909264601],[-38.75524345,-6.939126118],[-38.765603428,-6.949465458],[-38.742250387,-6.974278527],[-38.765107309,-6.993225381],[-38.669849027,-7.047704612],[-38.677242018,-7.067102465],[-38.65640591,-7.092425787],[-38.677415281,-7.130935195],[-38.675293014,-7.155721868],[-38.68519375,-7.161343973],[-38.676582372,-7.169198224],[-38.687829987,-7.190161169],[-38.654781811,-7.183227664],[-38.624802786,-7.191320609],[-38.615367995,-7.230185804],[-38.595113023,-7.246528922],[-38.551962103,-7.243478476],[-38.553829059,-7.259996241],[-38.542145412,-7.265901576],[-38.534586876,-7.293793047],[-38.595329153,-7.411481221],[-38.584497529,-7.416350993],[-38.585300803,-7.434815051],[-38.605803111,-7.444574508],[-38.603328036,-7.457591973],[-38.646257294,-7.462718067],[-38.63056542,-7.483952214],[-38.654657758,-7.522221854],[-38.655325094,-7.56554299],[-38.711025001,-7.586633956],[-38.715112949,-7.621919511],[-38.642083924,-7.67763663],[-38.589957432,-7.755681465],[-38.579030401,-7.746599929],[-38.560129566,-7.757092123],[-38.500548695,-7.751482148],[-38.490519933,-7.734661551],[-38.463975698,-7.730892147],[-38.455017717,-7.717581409],[-38.409507847,-7.730493283],[-38.403930934,-7.714442539],[-38.370937042,-7.698415258],[-38.357495875,-7.677161912],[-38.344691545,-7.694996723],[-38.320773025,-7.697958982],[-38.312029692,-7.716313307],[-38.315882148,-7.728472948],[-38.302157348,-7.745204359],[-38.31675985,-7.764607494],[-38.299817234,-7.763195614],[-38.302524324,-7.791501232],[-38.285707432,-7.830922381],[-38.238570689,-7.830726117],[-38.164218992,-7.7799088],[-38.139196311,-7.786238082],[-38.116178151,-7.822560183],[-38.077069438,-7.830579562],[-38.065350005,-7.819747763],[-38.075263315,-7.782418677],[-38.051872284,-7.758024882],[-38.029915448,-7.749835289],[-38.003970955,-7.778986408],[-37.970599838,-7.777576901],[-37.923934897,-7.715111921],[-37.894334878,-7.71362585],[-37.902746924,-7.694737248],[-37.880596709,-7.683650056],[-37.857158855,-7.651968882],[-37.81003952,-7.643891811],[-37.801528931,-7.626305103],[-37.785827637,-7.625798225],[-37.760974531,-7.666810504],[-37.750647958,-7.662889425],[-37.740367959,-7.636085274],[-37.755847747,-7.619521833],[-37.728731947,-7.579730384],[-37.707567709,-7.571722967],[-37.706505731,-7.550583781],[-37.682150919,-7.548376043],[-37.659529411,-7.523137357],[-37.630378124,-7.532511022],[-37.609770781,-7.508030828],[-37.533066898,-7.472953232],[-37.515639837,-7.427557451],[-37.486957852,-7.395054463],[-37.496038045,-7.364822269],[-37.428762635,-7.352567716],[-37.415474878,-7.361719477],[-37.385713734,-7.356693827],[-37.349511778,-7.337028508],[-37.357008236,-7.320989056],[-37.330585745,-7.288283505],[-37.234178764,-7.273886873],[-37.176924955,-7.309552489],[-37.165341412,-7.336595287],[-37.085622683,-7.358256356],[-37.06741314,-7.383379997],[-37.049988179,-7.37758845],[-37.025623399,-7.386044158],[-37.012971206,-7.404288733],[-37.025978066,-7.422462825],[-37.014508176,-7.430368146],[-37.021225843,-7.440196955],[-36.984225594,-7.482261692],[-37.003253267,-7.49638848],[-37.010561662,-7.48955704],[-37.087454858,-7.518335637],[-37.163569377,-7.574714881],[-37.197946188,-7.6352979],[-37.140003055,-7.741934014],[-37.151950733,-7.779844203],[-37.17066807,-7.8002297],[-37.191538539,-7.791169425],[-37.24365613,-7.819001767],[-37.228105426,-7.821153515],[-37.222092905,-7.842250018],[-37.247150251,-7.846803935],[-37.244648,-7.874900033],[-37.287394449,-7.903876464],[-37.322172533,-7.910502037],[-37.307984248,-7.914986344],[-37.308976363,-7.934176242],[-37.349903668,-7.946644455],[-37.357368463,-7.974955982],[-37.339784629,-7.979804511],[-37.295575481,-7.964920955],[-37.219588775,-7.972793435],[-37.220894107,-7.959855432],[-37.20791994,-7.951866133],[-37.192675588,-7.960598181],[-37.193394608,-7.982866729],[-37.160418939,-7.997152918],[-37.150337825,-8.015263769],[-37.158092428,-8.051224339],[-37.142557824,-8.117944798],[-37.163616031,-8.165761852],[-37.118260062,-8.175351881],[-37.122914846,-8.209066411],[-37.100428483,-8.233706839],[-37.080895352,-8.221891481],[-37.067417651,-8.230102476],[-37.080620413,-8.24108203],[-37.081203368,-8.266373514],[-37.043333748,-8.264559862],[-37.023037013,-8.288589574],[-36.991156284,-8.302955051],[-36.954629286,-8.29927285],[-36.944946802,-8.275253297],[-36.922998816,-8.269829801],[-36.895950009,-8.240820105],[-36.797395291,-8.190509123],[-36.761569721,-8.196293868],[-36.75014242,-8.175703989],[-36.715781319,-8.167316205],[-36.72281043,-8.150964665],[-36.687035918,-8.155679493],[-36.693862212,-8.140772719],[-36.628612516,-8.111050373],[-36.658682308,-8.079808993],[-36.627851889,-8.055749273],[-36.627851496,-7.986406649],[-36.61187687,-7.947896707],[-36.573482334,-7.957434272],[-36.578199909,-7.915247601],[-36.563878911,-7.900997666],[-36.5336306,-7.902177879],[-36.480136378,-7.924763256],[-36.444109589,-7.915283272],[-36.429695221,-7.886559188],[-36.440383616,-7.878250954],[-36.42905729,-7.86703719],[-36.424047568,-7.815778199],[-36.309131458,-7.806687194],[-36.26133458,-7.832077023],[-36.240012085,-7.817680999],[-36.252000231,-7.792144683],[-36.216634255,-7.764104164],[-36.200958378,-7.78990316],[-36.08093159,-7.779055911],[-36.053872497,-7.801360965],[-36.041992114,-7.793689521],[-35.998220597,-7.813756198],[-35.9699596,-7.7894606],[-35.904414955,-7.792239707],[-35.872118271,-7.749538911],[-35.828499025,-7.751649039],[-35.780577512,-7.738351393],[-35.70007702,-7.691856851],[-35.684113917,-7.707798934],[-35.652233781,-7.696371619],[-35.60966215,-7.653779468],[-35.586598449,-7.650271039],[-35.559563391,-7.661330039],[-35.532811956,-7.65481757],[-35.515070382,-7.643247158],[-35.53168707,-7.621666104],[-35.515193881,-7.585021018],[-35.53096443,-7.59000884],[-35.537272347,-7.580643421],[-35.494312128,-7.482205559],[-35.45036981,-7.453411424],[-35.432603442,-7.472344623],[-35.414605435,-7.471899596],[-35.370548224,-7.441595265],[-35.351103358,-7.440261474],[-35.352355866,-7.422397657],[-35.333517897,-7.422756659],[-35.335020607,-7.406803898],[-35.306957498,-7.40830532],[-35.264393492,-7.379908576],[-35.216741548,-7.380938234],[-35.190741325,-7.397891205],[-35.17206667,-7.38804037],[-35.107964,-7.405526],[-35.070520762,-7.398760993],[-34.985418676,-7.462006738],[-34.9842275,-7.507888276],[-34.960786894,-7.53876605],[-34.932677639,-7.528520134],[-34.913976672,-7.543836482],[-34.888738078,-7.535904404],[-34.870716064,-7.549158485],[-34.858023091,-7.537950455],[-34.833880632,-7.548634372],[-34.825755136,-7.550486162],[-34.809696383,-7.513372213],[-34.814076869,-7.489267922],[-34.803877365,-7.471067926],[-34.810820525,-7.451122171],[-34.794526848,-7.332952721],[-34.805914807,-7.243297092],[-34.793086643,-7.155084508],[-34.818709527,-7.136167763],[-34.832964784,-7.096219925],[-34.82969559,-7.074522398],[-34.84227709,-7.057421616],[-34.825391486,-7.005511624],[-34.828829146,-6.968817242],[-34.843127903,-6.962352579],[-34.834939215,-7.004947442],[-34.865262994,-7.029583126],[-34.873957869,-6.986079273],[-34.854917565,-6.969337954],[-34.866220958,-6.93341885],[-34.853937997,-6.900614864],[-34.879886126,-6.890679455],[-34.897167182,-6.868713791],[-34.918866778,-6.770740517],[-34.940467069,-6.753970993],[-34.927875821,-6.740179228],[-34.930487775,-6.688662915],[-34.951026522,-6.675416588],[-34.961247836,-6.641564487],[-34.968457928,-6.487199868],[-35.028540917,-6.505522615],[-35.057732123,-6.527791199],[-35.098083721,-6.4977575],[-35.145443479,-6.55270971],[-35.170298851,-6.558392642],[-35.203056315,-6.547854462],[-35.222880627,-6.516134385],[-35.232348371,-6.531776563],[-35.2745652,-6.543877799],[-35.330772859,-6.544341413],[-35.400749126,-6.491603225],[-35.460045959,-6.476778365],[-35.477139349,-6.486852284],[-35.525296489,-6.476097763],[-35.561668125,-6.492644766],[-35.58053237,-6.487111425],[-35.600188123,-6.460610585],[-35.66016426,-6.445278719],[-35.681972997,-6.447928349],[-35.711256337,-6.471094095],[-35.763356115,-6.48219197],[-35.97764729,-6.488905789],[-36.005348381,-6.481053307],[-36.013284873,-6.455040944],[-36.077720625,-6.405090633],[-36.110188999,-6.429180656],[-36.249772072,-6.437359913],[-36.251162869,-6.404423479],[-36.29596945,-6.393231888],[-36.298813129,-6.376540575],[-36.276747453,-6.340430468],[-36.279872701,-6.308861519],[-36.303523881,-6.283033733],[-36.357576744,-6.309987262],[-36.394561408,-6.293974776],[-36.430306047,-6.362255018],[-36.499848628,-6.358164928],[-36.530971554,-6.452071557],[-36.525846797,-6.501161337],[-36.482630476,-6.519538005],[-36.475621763,-6.544934011],[-36.444390285,-6.558319602],[-36.435858141,-6.625877964],[-36.460517975,-6.634393626],[-36.473480615,-6.614406689],[-36.507959952,-6.595450823],[-36.524542733,-6.599653262],[-36.521014589,-6.613159708],[-36.558880381,-6.709107492],[-36.544204455,-6.731203504],[-36.50256077,-6.757624678],[-36.506937806,-6.813005377],[-36.544346384,-6.842958676],[-36.569795176,-6.848008298],[-36.567939738,-6.87479656],[-36.609794162,-6.936837084],[-36.687218136,-6.92596269],[-36.718553882,-6.982734812],[-36.744112599,-6.967773676],[-36.766543916,-6.93586763],[-36.730517636,-6.835439972],[-36.769465081,-6.838748053],[-36.77272871,-6.787065161],[-36.835029624,-6.731070935],[-36.903428435,-6.753614785],[-36.957135468,-6.790478197],[-36.952662815,-6.775153097],[-36.970708213,-6.768299124],[-36.977621762,-6.721855206],[-36.99983354,-6.707712876],[-37.059423229,-6.749425039],[-37.128935761,-6.765976989],[-37.153707738,-6.799789214],[-37.190671875,-6.825365685],[-37.223237838,-6.825389575],[-37.255143909,-6.811061488],[-37.257326769,-6.780395858],[-37.273949285,-6.766790374],[-37.263920789,-6.732170006],[-37.290167258,-6.713043916],[-37.283715994,-6.693914827],[-37.314298924,-6.68897443],[-37.342712914,-6.701246403],[-37.407334101,-6.697195366],[-37.484699542,-6.710037374],[-37.466190907,-6.659959528],[-37.47721587,-6.641910813],[-37.482357396,-6.547710934],[-37.464724524,-6.532663686],[-37.415709619,-6.531880108],[-37.396891399,-6.51420738],[-37.381243643,-6.43710938],[-37.397161218,-6.405063149],[-37.36652789,-6.325582712],[-37.330424407,-6.306327607],[-37.316975565,-6.278665461],[-37.274726523,-6.281426124],[-37.270552478,-6.251714376],[-37.251527379,-6.226458279],[-37.201581323,-6.205703989],[-37.192943941,-6.183079772],[-37.174221023,-6.180103617],[-37.15692297,-6.15248823],[-37.175096076,-6.142183056],[-37.166786214,-6.108645481],[-37.173931306,-6.048015861],[-37.222687222,-6.042148094],[-37.231860241,-6.027594928],[-37.253794815,-6.026568858],[-37.272477357,-6.055702518],[-37.298009618,-6.049554451],[-37.354434164,-6.086485947],[-37.382338786,-6.08555378],[-37.393631925,-6.109387652],[-37.445693081,-6.112201411],[-37.45894743,-6.145002225],[-37.536350781,-6.152835981],[-37.539994959,-6.165930313],[-37.569620459,-6.155438744],[-37.646711932,-6.189392303],[-37.695880489,-6.187286582],[-37.707524225,-6.176855433],[-37.742373876,-6.188975422],[-37.753079436,-6.21442975],[-37.775616504,-6.231343543],[-37.761644641,-6.236288794],[-37.776613218,-6.245874916],[-37.760516356,-6.254090611],[-37.771421933,-6.273065146],[-37.757662517,-6.290772175],[-37.812123941,-6.292726841],[-37.82403012,-6.306033677],[-37.814754977,-6.315143167],[-37.842520987,-6.32999149],[-37.834259991,-6.342385375],[-37.841531033,-6.363030715],[-37.859827505,-6.374877329],[-37.888224675,-6.364369488],[-37.886249542,-6.397000605],[-37.926051438,-6.421137847],[-37.945437459,-6.422620064],[-37.955395622,-6.398208318],[-37.979084189,-6.426693203],[-38.01369573,-6.427427275],[-38.012946639,-6.468853508],[-38.040644466,-6.47304361],[-38.03701278,-6.457054597],[-38.049711314,-6.441049985],[-38.117057391,-6.522668524],[-38.135517576,-6.518476123],[-38.147882172,-6.491487567],[-38.187454469,-6.49918563],[-38.23922886,-6.4802973],[-38.288719843,-6.505617309],[-38.330702878,-6.45891331],[-38.373663011,-6.455780972],[-38.375119435,-6.437379165],[-38.399319415,-6.409792458],[-38.426041192,-6.414123832],[-38.452063662,-6.392489274],[-38.485061393,-6.399419305],[-38.489754568,-6.363448249],[-38.458386491,-6.330213551],[-38.505421198,-6.356509122],[-38.532623015,-6.341706203],[-38.562505941,-6.355651694]]],[[[-34.86160036,-6.982399042],[-34.859019483,-7.01534641],[-34.847195039,-6.983808458],[-34.86160036,-6.982399042]]]]},"properties":{"CD_UF":25,"NM_UF":"Paraíba","SIGLA_UF":"PB","NM_REGIAO":"Nordeste","color":"blue"}},{"type":"Feature","geometry":{"type":"MultiPolygon","coordinates":[[[[-34.956837543,-8.378773319],[-34.964896329,-8.372395114],[-34.966009576,-8.387414541],[-34.956837543,-8.378773319]]],[[[-32.409740465,-3.837038564],[-32.476089495,-3.875583153],[-32.457506161,-3.881361241],[-32.435244298,-3.869967592],[-32.424878229,-3.87754471],[-32.425628054,-3.866670284],[-32.391204441,-3.851681925],[-32.394610583,-3.826720125],[-32.409740465,-3.837038564]]],[[[-34.833880632,-7.548634372],[-34.858023091,-7.537950455],[-34.870716064,-7.549158485],[-34.888738078,-7.535904404],[-34.913976672,-7.543836482],[-34.932677639,-7.528520134],[-34.960786894,-7.53876605],[-34.9842275,-7.507888276],[-34.985418676,-7.462006738],[-35.070520762,-7.398760993],[-35.107964,-7.405526],[-35.17206667,-7.38804037],[-35.190741325,-7.397891205],[-35.216741548,-7.380938234],[-35.264393492,-7.379908576],[-35.306957498,-7.40830532],[-35.335020607,-7.406803898],[-35.333517897,-7.422756659],[-35.352355866,-7.422397657],[-35.351103358,-7.440261474],[-35.370548224,-7.441595265],[-35.414605435,-7.471899596],[-35.432603442,-7.472344623],[-35.45036981,-7.453411424],[-35.494312128,-7.482205559],[-35.537272347,-7.580643421],[-35.53096443,-7.59000884],[-35.515193881,-7.585021018],[-35.53168707,-7.621666104],[-35.515070382,-7.643247158],[-35.532811956,-7.65481757],[-35.559563391,-7.661330039],[-35.586598449,-7.650271039],[-35.60966215,-7.653779468],[-35.652233781,-7.696371619],[-35.684113917,-7.707798934],[-35.70007702,-7.691856851],[-35.780577512,-7.738351393],[-35.828499025,-7.751649039],[-35.872118271,-7.749538911],[-35.904414955,-7.792239707],[-35.9699596,-7.7894606],[-35.998220597,-7.813756198],[-36.041992114,-7.793689521],[-36.053872497,-7.801360965],[-36.08093159,-7.779055911],[-36.200958378,-7.78990316],[-36.216634255,-7.764104164],[-36.252000231,-7.792144683],[-36.240012085,-7.817680999],[-36.26133458,-7.832077023],[-36.309131458,-7.806687194],[-36.424047568,-7.815778199],[-36.42905729,-7.86703719],[-36.440383616,-7.878250954],[-36.429695221,-7.886559188],[-36.444109589,-7.915283272],[-36.480136378,-7.924763256],[-36.5336306,-7.902177879],[-36.563878911,-7.900997666],[-36.578199909,-7.915247601],[-36.573482334,-7.957434272],[-36.61187687,-7.947896707],[-36.627851496,-7.986406649],[-36.627851889,-8.055749273],[-36.658682308,-8.079808993],[-36.628612516,-8.111050373],[-36.693862212,-8.140772719],[-36.687035918,-8.155679493],[-36.72281043,-8.150964665],[-36.715781319,-8.167316205],[-36.75014242,-8.175703989],[-36.761569721,-8.196293868],[-36.797395291,-8.190509123],[-36.895950009,-8.240820105],[-36.922998816,-8.269829801],[-36.944946802,-8.275253297],[-36.954629286,-8.29927285],[-36.991156284,-8.302955051],[-37.023037013,-8.288589574],[-37.043333748,-8.264559862],[-37.081203368,-8.266373514],[-37.080620413,-8.24108203],[-37.067417651,-8.230102476],[-37.080895352,-8.221891481],[-37.100428483,-8.233706839],[-37.122914846,-8.209066411],[-37.118260062,-8.175351881],[-37.163616031,-8.165761852],[-37.142557824,-8.117944798],[-37.158092428,-8.051224339],[-37.150337825,-8.015263769],[-37.160418939,-7.997152918],[-37.193394608,-7.982866729],[-37.192675588,-7.960598181],[-37.20791994,-7.951866133],[-37.220894107,-7.959855432],[-37.219588775,-7.972793435],[-37.295575481,-7.964920955],[-37.339784629,-7.979804511],[-37.357368463,-7.974955982],[-37.349903668,-7.946644455],[-37.308976363,-7.934176242],[-37.307984248,-7.914986344],[-37.322172533,-7.910502037],[-37.287394449,-7.903876464],[-37.244648,-7.874900033],[-37.247150251,-7.846803935],[-37.222092905,-7.842250018],[-37.228105426,-7.821153515],[-37.24365613,-7.819001767],[-37.191538539,-7.791169425],[-37.17066807,-7.8002297],[-37.151950733,-7.779844203],[-37.140003055,-7.741934014],[-37.197946188,-7.6352979],[-37.163569377,-7.574714881],[-37.087454858,-7.518335637],[-37.010561662,-7.48955704],[-37.003253267,-7.49638848],[-36.984225594,-7.482261692],[-37.021225843,-7.440196955],[-37.014508176,-7.430368146],[-37.025978066,-7.422462825],[-37.012971206,-7.404288733],[-37.025623399,-7.386044158],[-37.049988179,-7.37758845],[-37.06741314,-7.383379997],[-37.085622683,-7.358256356],[-37.165341412,-7.336595287],[-37.176924955,-7.309552489],[-37.234178764,-7.273886873],[-37.330585745,-7.288283505],[-37.357008236,-7.320989056],[-37.349511778,-7.337028508],[-37.385713734,-7.356693827],[-37.415474878,-7.361719477],[-37.428762635,-7.352567716],[-37.496038045,-7.364822269],[-37.486957852,-7.395054463],[-37.515639837,-7.427557451],[-37.533066898,-7.472953232],[-37.609770781,-7.508030828],[-37.630378124,-7.532511022],[-37.659529411,-7.523137357],[-37.682150919,-7.548376043],[-37.706505731,-7.550583781],[-37.707567709,-7.571722967],[-37.728731947,-7.579730384],[-37.755847747,-7.619521833],[-37.740367959,-7.636085274],[-37.750647958,-7.662889425],[-37.760974531,-7.666810504],[-37.785827637,-7.625798225],[-37.801528931,-7.626305103],[-37.81003952,-7.643891811],[-37.857158855,-7.651968882],[-37.880596709,-7.683650056],[-37.902746924,-7.694737248],[-37.894334878,-7.71362585],[-37.923934897,-7.715111921],[-37.970599838,-7.777576901],[-38.003970955,-7.778986408],[-38.029915448,-7.749835289],[-38.051872284,-7.758024882],[-38.075263315,-7.782418677],[-38.065350005,-7.819747763],[-38.077069438,-7.830579562],[-38.116178151,-7.822560183],[-38.139196311,-7.786238082],[-38.164218992,-7.7799088],[-38.238570689,-7.830726117],[-38.285707432,-7.830922381],[-38.302524324,-7.791501232],[-38.299817234,-7.763195614],[-38.31675985,-7.764607494],[-38.302157348,-7.745204359],[-38.315882148,-7.728472948],[-38.312029692,-7.716313307],[-38.320773025,-7.697958982],[-38.344691545,-7.694996723],[-38.357495875,-7.677161912],[-38.370937042,-7.698415258],[-38.403930934,-7.714442539],[-38.409507847,-7.730493283],[-38.455017717,-7.717581409],[-38.463975698,-7.730892147],[-38.490519933,-7.734661551],[-38.500548695,-7.751482148],[-38.560129566,-7.757092123],[-38.579030401,-7.746599929],[-38.589957432,-7.755681465],[-38.642083924,-7.67763663],[-38.715112949,-7.621919511],[-38.737215786,-7.634932121],[-38.742802042,-7.660322],[-38.763912698,-7.656401159],[-38.790747785,-7.671149663],[-38.819689922,-7.66482773],[-38.815023921,-7.697390789],[-38.828109322,-7.719614471],[-38.868851653,-7.711179764],[-38.881397547,-7.747432296],[-38.915577688,-7.744487106],[-38.916110851,-7.758538126],[-38.93957806,-7.758772627],[-38.939965104,-7.7951057],[-38.964940357,-7.829828497],[-38.96285947,-7.844816397],[-39.001408643,-7.840126081],[-39.016370336,-7.812180708],[-39.02639314,-7.824635072],[-39.053755678,-7.819304639],[-39.091297788,-7.858182471],[-39.100333262,-7.775707696],[-39.135640874,-7.723375096],[-39.171001361,-7.715240282],[-39.208335246,-7.689480338],[-39.252564871,-7.704930899],[-39.249740353,-7.683544576],[-39.270321408,-7.659897315],[-39.305566452,-7.665931625],[-39.37609497,-7.611772363],[-39.419656147,-7.604412279],[-39.434933473,-7.573722844],[-39.471680839,-7.575800614],[-39.485164215,-7.534449022],[-39.457305801,-7.506182959],[-39.460747612,-7.471218999],[-39.502360546,-7.464148442],[-39.548425348,-7.483133298],[-39.571590504,-7.429831283],[-39.628907181,-7.425628511],[-39.65308842,-7.372262174],[-39.706188883,-7.337761187],[-39.741322101,-7.326816613],[-39.857696806,-7.325428692],[-39.886281706,-7.339309974],[-39.926344968,-7.340998906],[-40.000707028,-7.37447834],[-40.087454495,-7.383093067],[-40.127754321,-7.38191499],[-40.195684671,-7.358148691],[-40.262995607,-7.301020939],[-40.31856316,-7.303340396],[-40.360983897,-7.3556007],[-40.393878139,-7.368168386],[-40.433591707,-7.367178228],[-40.523723229,-7.318450456],[-40.541508194,-7.332269119],[-40.548463713,-7.392691466],[-40.652323226,-7.433342165],[-40.665705353,-7.450945568],[-40.701201427,-7.456356333],[-40.715536484,-7.484437275],[-40.694080597,-7.538718916],[-40.636734999,-7.608517188],[-40.62198973,-7.651359868],[-40.633758331,-7.696861828],[-40.671864334,-7.735605849],[-40.672072316,-7.764829005],[-40.645166515,-7.786798963],[-40.559093525,-7.814845992],[-40.538124011,-7.856937305],[-40.544222057,-7.964597074],[-40.603123171,-8.09533039],[-40.589698422,-8.138808338],[-40.601317945,-8.150170464],[-40.63395119,-8.139448789],[-40.643566118,-8.157536812],[-40.666478204,-8.161589428],[-40.707255784,-8.223493553],[-40.78248199,-8.253303997],[-40.779879761,-8.301932713],[-40.792787744,-8.3200313],[-40.819509156,-8.321908925],[-40.81931871,-8.362357268],[-40.836565979,-8.380799086],[-40.858591277,-8.379610768],[-40.872523038,-8.357410127],[-40.893472305,-8.35731014],[-40.889870384,-8.386749868],[-40.90761549,-8.39898718],[-40.90153545,-8.421627005],[-40.925149037,-8.446326065],[-40.97854501,-8.398650712],[-41.000675559,-8.400726035],[-41.007379832,-8.420929114],[-41.043717841,-8.436656714],[-41.051098569,-8.480473778],[-41.078926971,-8.472503235],[-41.095584023,-8.518532965],[-41.126732859,-8.541955864],[-41.148376817,-8.533029255],[-41.168745879,-8.583090562],[-41.212288361,-8.601820273],[-41.213542855,-8.644155529],[-41.251318339,-8.661608643],[-41.287434022,-8.660839068],[-41.314261552,-8.696102326],[-41.358336184,-8.707620178],[-41.334351609,-8.727661532],[-41.281537594,-8.736100378],[-41.260624595,-8.720716501],[-41.238567805,-8.71973116],[-41.226978499,-8.704702091],[-41.112757959,-8.70397409],[-41.126840276,-8.728927351],[-41.124569292,-8.75267356],[-41.101760799,-8.781964296],[-41.036234504,-8.785875895],[-41.024960111,-8.807727363],[-41.031319702,-8.834958376],[-41.021240914,-8.843560916],[-40.979093748,-8.823417084],[-40.95486005,-8.843875131],[-40.919237104,-8.837177042],[-40.851595865,-8.952498959],[-40.851958503,-8.982584879],[-40.808871453,-9.093689453],[-40.756784945,-9.104976913],[-40.757060568,-9.119843068],[-40.709889302,-9.140880974],[-40.685093997,-9.137610158],[-40.667395666,-9.159059199],[-40.670643784,-9.188708241],[-40.694500379,-9.233455571],[-40.680088544,-9.259211748],[-40.685987868,-9.276368184],[-40.70758889,-9.285346333],[-40.720088161,-9.305896697],[-40.739441826,-9.296588727],[-40.756421944,-9.315032259],[-40.737286465,-9.336870766],[-40.742671533,-9.400712882],[-40.764975565,-9.413216386],[-40.759595296,-9.429076297],[-40.776750543,-9.454451428],[-40.722178591,-9.44594854],[-40.620676855,-9.482525464],[-40.555758514,-9.457938112],[-40.529114735,-9.413901646],[-40.497196438,-9.408572357],[-40.467755118,-9.42056813],[-40.423659468,-9.35346501],[-40.391278397,-9.372166825],[-40.356397113,-9.376994263],[-40.335043337,-9.353901724],[-40.336119588,-9.327168682],[-40.307787122,-9.271320672],[-40.286172656,-9.185611404],[-40.294011983,-9.152067786],[-40.286706137,-9.117351845],[-40.255790976,-9.063223433],[-40.22360234,-9.056667549],[-40.165001587,-9.106487775],[-40.12989492,-9.110304606],[-40.065563055,-9.063065193],[-39.996030574,-9.060958201],[-39.958034748,-9.048591559],[-39.873456421,-8.934038718],[-39.902938175,-8.858743593],[-39.892957722,-8.828793992],[-39.822731892,-8.813515768],[-39.788796213,-8.819109594],[-39.747785345,-8.794041012],[-39.693196366,-8.798675741],[-39.67171356,-8.777581462],[-39.691131733,-8.662312925],[-39.606645401,-8.655975417],[-39.518612349,-8.603911063],[-39.476111293,-8.592793203],[-39.452109575,-8.56319915],[-39.435490357,-8.563301843],[-39.4160408,-8.542127928],[-39.379793561,-8.532820571],[-39.342307018,-8.55967709],[-39.284105872,-8.56586795],[-39.267743879,-8.608845789],[-39.24187999,-8.636307387],[-39.245492563,-8.684105868],[-39.228521864,-8.71031532],[-39.180995841,-8.706300862],[-39.16871283,-8.691504457],[-39.143946197,-8.712519071],[-39.037577239,-8.734690863],[-38.991911345,-8.767551877],[-38.977432044,-8.793086674],[-38.951933209,-8.804668247],[-38.86810442,-8.783865384],[-38.796989457,-8.793464422],[-38.706543498,-8.862260617],[-38.689232624,-8.947395586],[-38.653726692,-8.983900039],[-38.630684936,-8.985167252],[-38.610276939,-8.957328345],[-38.603824327,-8.880590641],[-38.570428631,-8.830369086],[-38.541139577,-8.823486706],[-38.480809825,-8.849326122],[-38.469797183,-8.864241143],[-38.47329286,-8.889545679],[-38.519907281,-8.943531334],[-38.48404277,-9.001021726],[-38.449099651,-9.026358847],[-38.408458245,-9.038501285],[-38.356160718,-8.997142035],[-38.323540025,-8.990009185],[-38.296402488,-9.022851443],[-38.289959274,-9.047161837],[-38.325866715,-9.077992613],[-38.304422957,-9.098211151],[-38.321295223,-9.129902995],[-38.287600984,-9.173883922],[-38.280075616,-9.207218948],[-38.28751276,-9.217129296],[-38.237590046,-9.329794524],[-38.203080646,-9.296901596],[-38.173559216,-9.285137777],[-38.143908671,-9.218204694],[-38.092287331,-9.172724978],[-38.06390452,-9.173780518],[-37.978562914,-9.147661993],[-37.971200217,-9.124341776],[-37.905735766,-9.040992759],[-37.880983442,-9.040346789],[-37.879598102,-9.015413862],[-37.839098619,-8.978381218],[-37.825333841,-8.932428261],[-37.833637043,-8.926411768],[-37.820359305,-8.908703779],[-37.824628783,-8.88595727],[-37.75536189,-8.846363685],[-37.671916667,-8.9745],[-37.699830556,-8.984055556],[-37.697933093,-8.991093924],[-37.687071129,-8.987735353],[-37.682152837,-8.997332445],[-37.658087484,-8.985796352],[-37.637666667,-9.003777778],[-37.597051262,-8.969071848],[-37.559779054,-8.971938941],[-37.531065847,-8.959961701],[-37.49986206,-8.96813216],[-37.493205391,-8.993359601],[-37.410991656,-9.009283401],[-37.330889617,-9.090705963],[-37.314804139,-9.094965191],[-37.282285808,-9.148841809],[-37.247081593,-9.179018424],[-37.228783857,-9.225536018],[-37.234341489,-9.240175431],[-37.19831522,-9.215482534],[-37.158946681,-9.239101721],[-37.169721596,-9.257963414],[-37.164335706,-9.275705495],[-37.129920328,-9.260063412],[-37.116475557,-9.24093065],[-37.090672549,-9.246362098],[-37.057199611,-9.281788383],[-37.05758441,-9.317540184],[-37.054452642,-9.307133004],[-37.024289813,-9.31571504],[-37.003364641,-9.352613538],[-36.946487608,-9.383022448],[-36.930437174,-9.370036327],[-36.937877042,-9.352821312],[-36.922270217,-9.339761861],[-36.927315468,-9.325411128],[-36.915820466,-9.299020804],[-36.871261151,-9.268084762],[-36.836041247,-9.288628569],[-36.761772536,-9.271456993],[-36.689224818,-9.296444723],[-36.670422226,-9.313235515],[-36.644686394,-9.314371536],[-36.627879689,-9.332335036],[-36.613824011,-9.323805292],[-36.605047015,-9.341508205],[-36.567469122,-9.332134824],[-36.571839564,-9.292582842],[-36.491337718,-9.262408216],[-36.48716526,-9.240201387],[-36.462517279,-9.23925111],[-36.437003784,-9.212100241],[-36.423303023,-9.21565313],[-36.419803214,-9.229568431],[-36.406925035,-9.220672218],[-36.353602465,-9.220121748],[-36.353916481,-9.201193641],[-36.329479442,-9.202503815],[-36.309791612,-9.172362803],[-36.262444566,-9.171277334],[-36.257254801,-9.14014879],[-36.268390883,-9.103924267],[-36.23645771,-9.103489752],[-36.195727609,-9.044786218],[-36.142805904,-9.040323625],[-36.111491892,-9.017673104],[-36.104328163,-8.998929334],[-36.12681049,-8.981276316],[-36.124260295,-8.953587775],[-36.086410568,-8.944067403],[-36.057275162,-8.913026921],[-35.963546563,-8.902407648],[-35.959466909,-8.892923955],[-35.924276035,-8.884627505],[-35.89620057,-8.854268297],[-35.88695199,-8.863069035],[-35.861930748,-8.858368984],[-35.842515098,-8.872925009],[-35.795075238,-8.847685125],[-35.775979954,-8.858457891],[-35.782980727,-8.897542132],[-35.748398992,-8.917151744],[-35.671204082,-8.896634042],[-35.657517766,-8.88065843],[-35.63212776,-8.88127833],[-35.538710549,-8.820223843],[-35.531445315,-8.828270528],[-35.511520163,-8.817535039],[-35.49575369,-8.828302316],[-35.470124692,-8.813126732],[-35.455818316,-8.84095892],[-35.411225583,-8.836230963],[-35.399991622,-8.850312812],[-35.252782132,-8.887233015],[-35.176742157,-8.888839807],[-35.152651355,-8.913856028],[-35.129205622,-8.866562835],[-35.13142088,-8.827372083],[-35.086061223,-8.74671109],[-35.079016492,-8.70362921],[-35.090328902,-8.694978293],[-35.071354354,-8.672200199],[-35.071721337,-8.652648651],[-35.036058998,-8.574876747],[-35.022643024,-8.561042429],[-35.006806895,-8.561994486],[-35.000442639,-8.487870213],[-34.958117312,-8.396172708],[-34.980621948,-8.381141738],[-34.939651144,-8.351672342],[-34.95025415,-8.336785259],[-34.94489787,-8.262384567],[-34.924564954,-8.231289055],[-34.912205706,-8.164379187],[-34.859002808,-8.047202163],[-34.862354127,-8.034131486],[-34.840374187,-8.008092755],[-34.823399598,-7.946431198],[-34.82374789,-7.888221697],[-34.845098771,-7.816362015],[-34.823500796,-7.73557972],[-34.831812926,-7.699777369],[-34.848209032,-7.68778927],[-34.833641533,-7.683083629],[-34.806690724,-7.620428368],[-34.836897683,-7.562690637],[-34.833880632,-7.548634372]]]]},"properties":{"CD_UF":26,"NM_UF":"Pernambuco","SIGLA_UF":"PE","NM_REGIAO":"Nordeste","color":"blue"}},{"type":"Feature","geometry":{"type":"Polygon","coordinates":[[[-35.152651355,-8.913856028],[-35.176742157,-8.888839807],[-35.252782132,-8.887233015],[-35.399991622,-8.850312812],[-35.411225583,-8.836230963],[-35.455818316,-8.84095892],[-35.470124692,-8.813126732],[-35.49575369,-8.828302316],[-35.511520163,-8.817535039],[-35.531445315,-8.828270528],[-35.538710549,-8.820223843],[-35.63212776,-8.88127833],[-35.657517766,-8.88065843],[-35.671204082,-8.896634042],[-35.748398992,-8.917151744],[-35.782980727,-8.897542132],[-35.775979954,-8.858457891],[-35.795075238,-8.847685125],[-35.842515098,-8.872925009],[-35.861930748,-8.858368984],[-35.88695199,-8.863069035],[-35.89620057,-8.854268297],[-35.924276035,-8.884627505],[-35.959466909,-8.892923955],[-35.963546563,-8.902407648],[-36.057275162,-8.913026921],[-36.086410568,-8.944067403],[-36.124260295,-8.953587775],[-36.12681049,-8.981276316],[-36.104328163,-8.998929334],[-36.111491892,-9.017673104],[-36.142805904,-9.040323625],[-36.195727609,-9.044786218],[-36.23645771,-9.103489752],[-36.268390883,-9.103924267],[-36.257254801,-9.14014879],[-36.262444566,-9.171277334],[-36.309791612,-9.172362803],[-36.329479442,-9.202503815],[-36.353916481,-9.201193641],[-36.353602465,-9.220121748],[-36.406925035,-9.220672218],[-36.419803214,-9.229568431],[-36.423303023,-9.21565313],[-36.437003784,-9.212100241],[-36.462517279,-9.23925111],[-36.48716526,-9.240201387],[-36.491337718,-9.262408216],[-36.571839564,-9.292582842],[-36.567469122,-9.332134824],[-36.605047015,-9.341508205],[-36.613824011,-9.323805292],[-36.627879689,-9.332335036],[-36.644686394,-9.314371536],[-36.670422226,-9.313235515],[-36.689224818,-9.296444723],[-36.761772536,-9.271456993],[-36.836041247,-9.288628569],[-36.871261151,-9.268084762],[-36.915820466,-9.299020804],[-36.927315468,-9.325411128],[-36.922270217,-9.339761861],[-36.937877042,-9.352821312],[-36.930437174,-9.370036327],[-36.946487608,-9.383022448],[-37.003364641,-9.352613538],[-37.024289813,-9.31571504],[-37.054452642,-9.307133004],[-37.05758441,-9.317540184],[-37.057199611,-9.281788383],[-37.090672549,-9.246362098],[-37.116475557,-9.24093065],[-37.129920328,-9.260063412],[-37.164335706,-9.275705495],[-37.169721596,-9.257963414],[-37.158946681,-9.239101721],[-37.19831522,-9.215482534],[-37.234341489,-9.240175431],[-37.228783857,-9.225536018],[-37.247081593,-9.179018424],[-37.282285808,-9.148841809],[-37.314804139,-9.094965191],[-37.330889617,-9.090705963],[-37.410991656,-9.009283401],[-37.493205391,-8.993359601],[-37.49986206,-8.96813216],[-37.531065847,-8.959961701],[-37.559779054,-8.971938941],[-37.597051262,-8.969071848],[-37.637666667,-9.003777778],[-37.658087484,-8.985796352],[-37.682152837,-8.997332445],[-37.687071129,-8.987735353],[-37.697933093,-8.991093924],[-37.699830556,-8.984055556],[-37.671916667,-8.9745],[-37.75536189,-8.846363685],[-37.824628783,-8.88595727],[-37.820359305,-8.908703779],[-37.833637043,-8.926411768],[-37.825333841,-8.932428261],[-37.839098619,-8.978381218],[-37.879598102,-9.015413862],[-37.880983442,-9.040346789],[-37.905735766,-9.040992759],[-37.971200217,-9.124341776],[-37.978562914,-9.147661993],[-38.06390452,-9.173780518],[-38.092287331,-9.172724978],[-38.143908671,-9.218204694],[-38.173559216,-9.285137777],[-38.203080646,-9.296901596],[-38.237590046,-9.329794524],[-38.194475624,-9.384934641],[-38.20476417,-9.418674282],[-38.154949644,-9.443416136],[-38.077759656,-9.441106676],[-38.067846219,-9.4585026],[-38.010925509,-9.478731137],[-37.99794944,-9.499283339],[-38.003289898,-9.515029908],[-37.922429663,-9.547835272],[-37.89246553,-9.539796825],[-37.833110618,-9.594886405],[-37.818248298,-9.592893892],[-37.785232716,-9.638575403],[-37.747277682,-9.625721455],[-37.706091067,-9.633933602],[-37.670851715,-9.656642548],[-37.655604088,-9.685884886],[-37.578188962,-9.736412557],[-37.469693142,-9.74755185],[-37.354622911,-9.789080388],[-37.321122201,-9.820461772],[-37.28542132,-9.830962997],[-37.235542551,-9.896037728],[-37.15296599,-9.900852862],[-37.049686969,-9.98661353],[-37.000345926,-9.97527331],[-36.972624628,-9.987894838],[-36.956445448,-10.019232599],[-36.954430317,-10.070644879],[-36.914171952,-10.136292471],[-36.851329645,-10.160002589],[-36.835656305,-10.204076929],[-36.808413386,-10.22087647],[-36.747250655,-10.23090404],[-36.721251046,-10.264615208],[-36.685105509,-10.275259472],[-36.660749455,-10.270129753],[-36.644468553,-10.25254242],[-36.625529994,-10.256278414],[-36.566112884,-10.328220751],[-36.563228094,-10.419504679],[-36.544653606,-10.43004006],[-36.512760537,-10.420804614],[-36.522229351,-10.433097474],[-36.51002865,-10.432815305],[-36.456540367,-10.407452342],[-36.430458323,-10.425311244],[-36.396328794,-10.497067782],[-36.387131708,-10.497904199],[-36.326884896,-10.392084938],[-36.293814163,-10.355523788],[-36.302084158,-10.325436818],[-36.283383434,-10.289229277],[-36.151575833,-10.156359253],[-36.133849755,-10.159797941],[-36.088794457,-10.094394602],[-36.045716971,-10.075079344],[-35.937930243,-9.902433882],[-35.906855861,-9.874465515],[-35.903433002,-9.848125773],[-35.805871084,-9.715918224],[-35.795626986,-9.717324363],[-35.747340222,-9.67413382],[-35.727337215,-9.672692793],[-35.723693203,-9.684653659],[-35.709441618,-9.665787137],[-35.696122183,-9.666227892],[-35.693113665,-9.62418341],[-35.650876653,-9.568620911],[-35.59282866,-9.53076868],[-35.586946878,-9.511233541],[-35.512765378,-9.439455276],[-35.491771659,-9.382918649],[-35.463427363,-9.34736097],[-35.415399106,-9.320941286],[-35.419448273,-9.314787227],[-35.355307451,-9.256888048],[-35.302849125,-9.187976427],[-35.284484303,-9.131592355],[-35.245063343,-9.079260253],[-35.222802019,-9.017053858],[-35.181071502,-8.977438524],[-35.152651355,-8.913856028]]]},"properties":{"CD_UF":27,"NM_UF":"Alagoas","SIGLA_UF":"AL","NM_REGIAO":"Nordeste","color":"blue"}},{"type":"Feature","geometry":{"type":"Polygon","coordinates":[[[-36.396328794,-10.497067782],[-36.430458323,-10.425311244],[-36.456540367,-10.407452342],[-36.51002865,-10.432815305],[-36.522229351,-10.433097474],[-36.512760537,-10.420804614],[-36.544653606,-10.43004006],[-36.563228094,-10.419504679],[-36.566112884,-10.328220751],[-36.625529994,-10.256278414],[-36.644468553,-10.25254242],[-36.660749455,-10.270129753],[-36.685105509,-10.275259472],[-36.721251046,-10.264615208],[-36.747250655,-10.23090404],[-36.808413386,-10.22087647],[-36.835656305,-10.204076929],[-36.851329645,-10.160002589],[-36.914171952,-10.136292471],[-36.954430317,-10.070644879],[-36.956445448,-10.019232599],[-36.972624628,-9.987894838],[-37.000345926,-9.97527331],[-37.049686969,-9.98661353],[-37.15296599,-9.900852862],[-37.235542551,-9.896037728],[-37.28542132,-9.830962997],[-37.321122201,-9.820461772],[-37.354622911,-9.789080388],[-37.469693142,-9.74755185],[-37.578188962,-9.736412557],[-37.655604088,-9.685884886],[-37.670851715,-9.656642548],[-37.706091067,-9.633933602],[-37.747277682,-9.625721455],[-37.785232716,-9.638575403],[-37.818248298,-9.592893892],[-37.833110618,-9.594886405],[-37.89246553,-9.539796825],[-37.922429663,-9.547835272],[-38.003289898,-9.515029908],[-38.022616413,-9.540664809],[-38.027004686,-9.573857041],[-38.037251121,-9.569213403],[-38.037948006,-9.581972817],[-38.061709676,-9.590908721],[-38.052547199,-9.605277],[-38.055623498,-9.632201439],[-38.037188236,-9.628047509],[-38.008961438,-9.649058294],[-38.032219183,-9.660686479],[-38.045038257,-9.697454906],[-38.032536572,-9.770274985],[-38.020070764,-9.777567217],[-38.018524739,-9.802168469],[-37.999970463,-9.814326068],[-37.995444165,-9.846078736],[-38.013979635,-9.857267832],[-37.994099374,-9.880705711],[-37.994181532,-9.901391924],[-38.003500065,-9.905513767],[-37.975416416,-9.936731804],[-37.955432403,-9.942999877],[-37.937034918,-9.939729792],[-37.907625169,-9.910880521],[-37.901187838,-9.92112814],[-37.91279118,-9.937131292],[-37.89579323,-9.942132426],[-37.87609879,-9.976955848],[-37.847243731,-9.99428101],[-37.825967814,-10.03658364],[-37.790903334,-10.032703183],[-37.782644441,-10.043598358],[-37.802014461,-10.112447446],[-37.77793035,-10.134141301],[-37.782230858,-10.185591734],[-37.765681129,-10.196044855],[-37.74709077,-10.238072693],[-37.765679488,-10.251867385],[-37.748859667,-10.264323578],[-37.750382663,-10.289499058],[-37.768661957,-10.289196072],[-37.745124772,-10.313583879],[-37.743312842,-10.338390728],[-37.785155445,-10.345569545],[-37.798997057,-10.363385428],[-37.839047985,-10.378820443],[-37.837541488,-10.401101488],[-37.853109029,-10.406277466],[-37.859609174,-10.427119802],[-37.812605108,-10.507246986],[-37.819287235,-10.53964164],[-37.841231508,-10.554793643],[-37.83146267,-10.584290344],[-37.806319046,-10.600527445],[-37.816722881,-10.631378467],[-37.802990689,-10.652162336],[-37.814047059,-10.6698198],[-37.808630438,-10.687632111],[-37.832800112,-10.680474715],[-37.847510306,-10.699264934],[-37.909622357,-10.715510318],[-37.945481213,-10.756517307],[-37.95289407,-10.750102209],[-37.96625989,-10.758100601],[-38.032031146,-10.727084285],[-38.041684,-10.700694],[-38.067792022,-10.715665833],[-38.132806951,-10.720874836],[-38.176470116,-10.705462636],[-38.209167632,-10.711869696],[-38.216518939,-10.72680573],[-38.209359796,-10.760435348],[-38.245009048,-10.822641537],[-38.231398315,-10.84293412],[-38.238884008,-10.866876855],[-38.228168294,-10.914183903],[-38.210963475,-10.931211404],[-38.203861468,-10.922562575],[-38.19944497,-10.939761157],[-38.180615581,-10.942767216],[-38.186542068,-10.964206536],[-38.17004538,-10.988995545],[-38.129911192,-11.018914566],[-38.120546805,-11.007107153],[-38.10199915,-11.015894457],[-38.10241961,-11.043982865],[-38.075114877,-11.077093896],[-38.093281493,-11.103967708],[-38.088401192,-11.116255928],[-38.065618845,-11.122976098],[-38.071220122,-11.143545951],[-38.057180697,-11.172085262],[-38.046881469,-11.181638473],[-38.023354453,-11.177767035],[-38.002948742,-11.193824023],[-37.973748638,-11.1936888],[-37.97746259,-11.221587882],[-37.993715325,-11.239640824],[-37.983640561,-11.24828801],[-37.995853823,-11.259475988],[-37.986742269,-11.272095942],[-38.014763124,-11.285723371],[-37.991651962,-11.312842673],[-37.998606129,-11.322170842],[-37.987388088,-11.331455532],[-37.999910762,-11.340254162],[-37.986325804,-11.342006172],[-37.969321388,-11.372886407],[-37.977817264,-11.392659656],[-37.968277482,-11.389535982],[-37.962569719,-11.402421839],[-37.952803944,-11.394487608],[-37.94316208,-11.424576186],[-37.927729838,-11.401375499],[-37.90543893,-11.408144832],[-37.89889639,-11.438361383],[-37.882380388,-11.424704672],[-37.866082606,-11.427098421],[-37.880335274,-11.433210624],[-37.848108396,-11.443028789],[-37.864179631,-11.466881159],[-37.808580479,-11.496203114],[-37.81929503,-11.501146729],[-37.812288578,-11.517019958],[-37.77044775,-11.531999045],[-37.758974526,-11.525378301],[-37.749360959,-11.538627663],[-37.73041656,-11.538015406],[-37.72676612,-11.553558388],[-37.702459854,-11.540194664],[-37.699913815,-11.562415222],[-37.675950854,-11.568493796],[-37.650272681,-11.516431003],[-37.643604291,-11.524415412],[-37.632119309,-11.518200547],[-37.615726832,-11.53860102],[-37.581459211,-11.530558999],[-37.578550113,-11.552178914],[-37.568257338,-11.538428818],[-37.557068436,-11.551453119],[-37.520067635,-11.549303513],[-37.504750496,-11.524910128],[-37.455488691,-11.523138276],[-37.355255349,-11.443699268],[-37.341146654,-11.442336474],[-37.312217898,-11.422991141],[-37.303405285,-11.373638853],[-37.272529363,-11.309409278],[-37.166109151,-11.182498368],[-37.132932086,-11.11412584],[-37.0353692,-10.979847272],[-37.034025391,-10.956244787],[-36.867504964,-10.758052228],[-36.784425897,-10.688229442],[-36.592433947,-10.576475418],[-36.408798791,-10.512692433],[-36.396328794,-10.497067782]]]},"properties":{"CD_UF":28,"NM_UF":"Sergipe","SIGLA_UF":"SE","NM_REGIAO":"Nordeste","color":"blue"}},{"type":"Feature","geometry":{"type":"Polygon","coordinates":[[[-45.723483949,-10.155412708],[-45.701977335,-10.179350374],[-45.699576147,-10.259686224],[-45.726889587,-10.312535663],[-45.798184587,-10.323247328],[-45.820642923,-10.457258995],[-45.870897332,-10.503278894],[-45.929222923,-10.521600661],[-46.060765188,-10.600178509],[-46.14970492,-10.63591076],[-46.160762926,-10.65943899],[-46.15034626,-10.69155399],[-46.165151268,-10.72247918],[-46.195922023,-10.745224027],[-46.206199027,-10.800466581],[-46.226445055,-10.78293711],[-46.260537041,-10.812037365],[-46.267266265,-10.934802323],[-46.341557931,-10.93901232],[-46.552202937,-11.262798986],[-46.576509606,-11.342277317],[-46.56830794,-11.371565652],[-46.531921273,-11.374877319],[-46.524055533,-11.46363428],[-46.44043461,-11.520788988],[-46.348141277,-11.506600657],[-46.250481278,-11.536688992],[-46.20934628,-11.58535066],[-46.104307947,-11.607967331],[-46.080894206,-11.624011157],[-46.144485773,-11.624347397],[-46.15721774,-11.651496239],[-46.224695312,-11.639688078],[-46.244336705,-11.605228187],[-46.286787483,-11.61582471],[-46.325578259,-11.599580892],[-46.345644711,-11.619205719],[-46.359708027,-11.612762839],[-46.384870413,-11.625204363],[-46.395697143,-11.642527514],[-46.379688867,-11.645320995],[-46.361724359,-11.631018618],[-46.34019446,-11.639584302],[-46.33846234,-11.671892088],[-46.307734748,-11.686440668],[-46.333541703,-11.710208668],[-46.321763162,-11.713471225],[-46.336692192,-11.739567066],[-46.378545251,-11.748520936],[-46.37510476,-11.768598849],[-46.343677251,-11.760087541],[-46.360936225,-11.778951305],[-46.328010145,-11.771373519],[-46.348491494,-11.785846551],[-46.348419899,-11.797035384],[-46.335298533,-11.796436757],[-46.337911005,-11.814100962],[-46.358655359,-11.812503523],[-46.350563135,-11.837375501],[-46.372133459,-11.829961924],[-46.381134464,-11.837692315],[-46.370658306,-11.889589853],[-46.353027188,-11.884319241],[-46.325431395,-11.909039068],[-46.288002877,-11.909654899],[-46.282231465,-11.918201343],[-46.180039834,-11.907091153],[-46.233057586,-11.936481806],[-46.315490318,-11.941993022],[-46.373738661,-11.998755857],[-46.387179695,-11.997272272],[-46.400236192,-12.024813007],[-46.408259486,-12.009573742],[-46.425284338,-12.018159749],[-46.42279026,-12.029747275],[-46.444895148,-12.026178321],[-46.479799657,-12.047359077],[-46.448574082,-12.055062009],[-46.418794144,-12.043087496],[-46.38442231,-12.051756254],[-46.396014328,-12.061575191],[-46.385551028,-12.061501602],[-46.382640832,-12.083953509],[-46.398591332,-12.09144341],[-46.371165163,-12.09971934],[-46.371543828,-12.123229068],[-46.388649141,-12.156341635],[-46.406490515,-12.157013909],[-46.381093734,-12.181075232],[-46.410214245,-12.198634384],[-46.377406223,-12.196547062],[-46.38342162,-12.212603081],[-46.365005573,-12.217020287],[-46.388021688,-12.244607389],[-46.369568697,-12.267468202],[-46.385761644,-12.2810697],[-46.384843298,-12.296718536],[-46.344533153,-12.302820149],[-46.377415824,-12.352774963],[-46.339823062,-12.351497375],[-46.36309389,-12.367081601],[-46.313386229,-12.357195007],[-46.289883578,-12.376652969],[-46.300083951,-12.376997553],[-46.295753994,-12.388395541],[-46.327331633,-12.419131137],[-46.340361804,-12.414442285],[-46.32982307,-12.435147749],[-46.340543675,-12.452298519],[-46.315548851,-12.463430412],[-46.299976559,-12.438084766],[-46.310066672,-12.429670147],[-46.29860038,-12.430446418],[-46.304952986,-12.416945983],[-46.290454303,-12.416632018],[-46.285345375,-12.432169946],[-46.282095436,-12.415987849],[-46.269858087,-12.430511609],[-46.28154401,-12.441292578],[-46.280274331,-12.459719144],[-46.263825884,-12.460254348],[-46.272563399,-12.472714591],[-46.260998681,-12.473850153],[-46.272624487,-12.514598424],[-46.250860575,-12.502216959],[-46.198212967,-12.503958813],[-46.22444439,-12.528640962],[-46.272913428,-12.550260001],[-46.271612097,-12.57004537],[-46.293541701,-12.579028371],[-46.297646077,-12.563339025],[-46.307567406,-12.576747842],[-46.27578463,-12.594430559],[-46.310404198,-12.64267803],[-46.276375152,-12.641028513],[-46.263927225,-12.658293133],[-46.305715575,-12.688526224],[-46.291751827,-12.699074381],[-46.304078271,-12.714942224],[-46.292394605,-12.707569272],[-46.268080458,-12.716156812],[-46.273715513,-12.738818518],[-46.287322854,-12.738905697],[-46.285142715,-12.749650607],[-46.295882158,-12.744722958],[-46.295967249,-12.762877423],[-46.281885689,-12.770850784],[-46.298606071,-12.775087072],[-46.312078381,-12.798209842],[-46.291591488,-12.796297831],[-46.300489245,-12.811556468],[-46.279143482,-12.811402925],[-46.273516202,-12.831551536],[-46.305022087,-12.868742489],[-46.295380834,-12.870061629],[-46.29531091,-12.891101095],[-46.287000702,-12.893426456],[-46.312713157,-12.91129145],[-46.305527585,-12.926482263],[-46.316024949,-12.936246929],[-46.305974378,-12.939073273],[-46.330076297,-12.95785168],[-46.288197742,-12.952902375],[-46.265437007,-12.938789078],[-46.205599876,-12.950677608],[-46.163358438,-12.92405082],[-46.149582369,-12.932997381],[-46.126647536,-12.912386659],[-46.113481311,-12.917812339],[-46.105535565,-12.932733348],[-46.12466356,-12.959820385],[-46.193811819,-12.996752372],[-46.275533759,-13.020213309],[-46.301098498,-13.074311749],[-46.335788771,-13.097657946],[-46.319794273,-13.104231365],[-46.29518078,-13.141874512],[-46.31671084,-13.183260859],[-46.302980406,-13.186404783],[-46.304348254,-13.205979499],[-46.329131773,-13.248486406],[-46.29992571,-13.257677313],[-46.299985903,-13.282881758],[-46.317902001,-13.305227828],[-46.292486945,-13.316930099],[-46.103219429,-13.25751019],[-46.068275462,-13.29544179],[-46.13547312,-13.375524242],[-46.24952245,-13.431308946],[-46.224627525,-13.439567682],[-46.208963932,-13.465562769],[-46.237063707,-13.487150376],[-46.225227637,-13.503029345],[-46.247257121,-13.521688687],[-46.237043742,-13.554908787],[-46.247452542,-13.57866042],[-46.18725513,-13.575419342],[-46.16274536,-13.603642125],[-46.237641072,-13.652126397],[-46.263632903,-13.69139298],[-46.240672813,-13.694429151],[-46.235603345,-13.709850224],[-46.262857191,-13.73481729],[-46.222936802,-13.76540294],[-46.281495542,-13.795109503],[-46.263903674,-13.8073958],[-46.273631009,-13.828779748],[-46.249767299,-13.829625721],[-46.232474724,-13.848607375],[-46.262116365,-13.889317917],[-46.266989011,-13.917497838],[-46.254487318,-13.967463946],[-46.220066011,-13.9754228],[-46.224260507,-14.003607057],[-46.208151679,-14.016136234],[-46.230724825,-14.059523697],[-46.224392227,-14.105027646],[-46.184100319,-14.156948062],[-46.118140894,-14.159949346],[-46.111022632,-14.172711252],[-46.122664697,-14.190602094],[-46.100689637,-14.191508675],[-46.10188288,-14.208318288],[-46.061048272,-14.195484567],[-46.052936546,-14.244791044],[-46.033300264,-14.247679415],[-46.026408532,-14.260908331],[-45.9954281,-14.256157743],[-45.99756234,-14.277755847],[-45.981840421,-14.273508791],[-45.962556539,-14.286036475],[-45.942214581,-14.343255009],[-45.915143312,-14.344644777],[-45.907155329,-14.355189846],[-45.93264289,-14.409859256],[-45.975806382,-14.43424801],[-46.010183701,-14.425695654],[-46.000073396,-14.446622189],[-46.019003109,-14.472071183],[-45.99608498,-14.488405958],[-46.000136151,-14.522742316],[-45.975308323,-14.538929843],[-45.991277226,-14.55478297],[-45.985255089,-14.578132633],[-45.997888389,-14.603577702],[-45.984398663,-14.621878671],[-45.994814275,-14.6396569],[-45.989515001,-14.658844981],[-46.010516442,-14.66218997],[-46.027969065,-14.681007515],[-46.020864973,-14.691073503],[-46.005503719,-14.688998025],[-45.998753029,-14.770814274],[-46.018671851,-14.818549656],[-46.041197874,-14.826494563],[-46.025286895,-14.855756467],[-46.039378504,-14.875251519],[-46.003880004,-14.902289797],[-46.008392032,-14.924022664],[-45.971748107,-14.949122985],[-45.966253475,-14.977067598],[-45.978521549,-14.998580158],[-45.975494077,-15.038881559],[-46.018497175,-15.081301288],[-46.028476612,-15.114110199],[-46.04372019,-15.118129572],[-46.050415652,-15.167681183],[-46.120722323,-15.195194939],[-46.098817323,-15.216785845],[-46.097088289,-15.24311135],[-46.081250872,-15.24851574],[-46.077081842,-15.264681801],[-46.052626359,-15.259189832],[-46.029523684,-15.201808336],[-45.984505303,-15.195961038],[-45.972470074,-15.154716283],[-45.95374972,-15.139529118],[-45.918724731,-15.133369656],[-45.871247021,-15.158810884],[-45.834998205,-15.137362434],[-45.825390647,-15.116376454],[-45.75110946,-15.122582171],[-45.722184161,-15.112771919],[-45.717037958,-15.093909938],[-45.674811865,-15.080542558],[-45.655818875,-15.048529984],[-45.657058589,-15.027349268],[-45.647333679,-15.023413715],[-45.6461742,-15.032060269],[-45.643533791,-15.016700057],[-45.623288053,-15.020257084],[-45.56425373,-14.943601871],[-45.534728989,-14.938257572],[-45.514905828,-14.95406509],[-45.498491574,-14.946381642],[-45.490051532,-14.960762678],[-45.455994317,-14.954260658],[-45.434468786,-14.921751114],[-45.399796366,-14.917501334],[-45.370743079,-14.89413212],[-45.363975789,-14.87169548],[-45.35194012,-14.876082773],[-45.352871746,-14.864105723],[-45.316420427,-14.85125517],[-45.316436313,-14.831369054],[-45.285689458,-14.83247781],[-45.288740823,-14.818109149],[-45.271183716,-14.798822777],[-45.241961945,-14.786528917],[-45.205573677,-14.744738944],[-45.191298901,-14.74971179],[-45.163604123,-14.732384487],[-45.136289564,-14.747416753],[-45.082772659,-14.748766719],[-45.039511443,-14.67985109],[-44.985933867,-14.662133758],[-44.973938978,-14.652103617],[-44.980597153,-14.643503236],[-44.916680169,-14.6196603],[-44.910210041,-14.603550252],[-44.876572342,-14.592065351],[-44.875958484,-14.599662497],[-44.861983437,-14.57920443],[-44.843386649,-14.580838155],[-44.84390707,-14.566310492],[-44.847415769,-14.575709446],[-44.858794916,-14.571522306],[-44.8471085,-14.545486174],[-44.82435454,-14.539376889],[-44.834889935,-14.535924455],[-44.836292983,-14.518488135],[-44.822573594,-14.514798728],[-44.833238202,-14.499827842],[-44.813815291,-14.504659736],[-44.818266261,-14.490195686],[-44.794325342,-14.496589837],[-44.794365983,-14.487851533],[-44.756742566,-14.478380541],[-44.723819245,-14.449054668],[-44.701292955,-14.44978813],[-44.688353155,-14.416680883],[-44.667985817,-14.423850652],[-44.658041903,-14.416364345],[-44.658878359,-14.395757314],[-44.633598659,-14.394472578],[-44.625595113,-14.376109915],[-44.564570836,-14.348602016],[-44.565565211,-14.340059957],[-44.54512049,-14.343063259],[-44.540544562,-14.331771513],[-44.510843577,-14.322687852],[-44.48717703,-14.328519652],[-44.439900742,-14.303662025],[-44.428600626,-14.286635502],[-44.361588722,-14.272812581],[-44.316483206,-14.24034915],[-44.302337986,-14.253242481],[-44.268617206,-14.246595984],[-44.247505282,-14.260118322],[-44.247485721,-14.251634484],[-44.238707839,-14.258006007],[-44.240619835,-14.240687328],[-44.218059027,-14.244980232],[-44.215332566,-14.233180666],[-44.201288738,-14.254476135],[-44.170380266,-14.268695017],[-44.160334483,-14.257759573],[-44.13726483,-14.264151359],[-44.143618543,-14.278492314],[-44.135616987,-14.282185435],[-44.112594436,-14.258728298],[-44.099394507,-14.273460752],[-44.08692184,-14.268428393],[-44.08828683,-14.278076292],[-44.07445124,-14.270639636],[-44.073398581,-14.285665595],[-44.057428226,-14.277612167],[-44.034621041,-14.289028386],[-43.997649627,-14.26540438],[-43.980840982,-14.282148515],[-43.969587494,-14.274023921],[-43.956137843,-14.299717094],[-43.946289477,-14.289954777],[-43.942139895,-14.305096468],[-43.935067983,-14.295679678],[-43.911585934,-14.305044324],[-43.891952993,-14.293287239],[-43.880395801,-14.31214114],[-43.852703722,-14.307936313],[-43.84722672,-14.321737267],[-43.820255227,-14.31163633],[-43.822314881,-14.323029736],[-43.783186733,-14.339233715],[-43.819387919,-14.389305114],[-43.831964646,-14.443007177],[-43.873877255,-14.520583568],[-43.887230056,-14.58517919],[-43.870063814,-14.612827579],[-43.881754245,-14.629439851],[-43.874626522,-14.636765444],[-43.885786605,-14.635425723],[-43.877146745,-14.640328349],[-43.883060657,-14.653972667],[-43.859200998,-14.674298825],[-43.785662242,-14.685719003],[-43.755512388,-14.700835144],[-43.723287595,-14.69953162],[-43.712009573,-14.716450105],[-43.719861686,-14.729538858],[-43.687173439,-14.721407467],[-43.659030838,-14.744873274],[-43.611247692,-14.760548749],[-43.580616383,-14.750813877],[-43.573782562,-14.765163339],[-43.537173978,-14.783507649],[-43.529757037,-14.815944843],[-43.50975084,-14.807599802],[-43.511162858,-14.796574542],[-43.469698317,-14.787348468],[-43.481254329,-14.767897741],[-43.462838594,-14.765886504],[-43.46127224,-14.746228495],[-43.434888971,-14.723038281],[-43.414691053,-14.724232505],[-43.378976564,-14.701380699],[-43.34650369,-14.696069108],[-43.311227371,-14.669748095],[-43.288324412,-14.676112382],[-43.266081626,-14.661481568],[-43.207664571,-14.658354606],[-43.198694588,-14.649624922],[-43.179181054,-14.660978092],[-43.176349835,-14.650543841],[-43.151496421,-14.666334057],[-43.12749737,-14.665679993],[-43.116304052,-14.678854536],[-43.103976974,-14.673937098],[-43.083936455,-14.698272572],[-43.06638923,-14.680559223],[-43.055671516,-14.690940081],[-43.026889493,-14.686019446],[-43.010947273,-14.701662154],[-42.938880226,-14.708029574],[-42.927053006,-14.744140188],[-42.912197791,-14.744471919],[-42.903830324,-14.761956123],[-42.868438833,-14.767025241],[-42.872391071,-14.775362885],[-42.820247221,-14.820628641],[-42.755137769,-14.846421427],[-42.747219374,-14.86775472],[-42.723359775,-14.88561236],[-42.704163458,-14.882828273],[-42.695410901,-14.900417764],[-42.659693602,-14.91043825],[-42.626491688,-14.945146241],[-42.59896894,-14.924097846],[-42.5606855,-14.96229724],[-42.53488243,-14.966586036],[-42.475911553,-15.017040429],[-42.436800413,-15.022716018],[-42.440938473,-15.062362563],[-42.396491675,-15.07799163],[-42.374470381,-15.071333737],[-42.354907032,-15.098203129],[-42.333517342,-15.079052737],[-42.264796537,-15.12517856],[-42.22743108,-15.099266447],[-42.192599093,-15.103118439],[-42.173319797,-15.08595402],[-42.153347329,-15.099358858],[-42.149906745,-15.120349475],[-42.116306163,-15.144120119],[-42.09162087,-15.186605387],[-41.997503147,-15.158889985],[-41.987793509,-15.168328876],[-41.932536539,-15.17450167],[-41.926627415,-15.160791296],[-41.880269238,-15.137350377],[-41.870430579,-15.115180104],[-41.800710057,-15.10109712],[-41.356422745,-15.500286135],[-41.331206098,-15.744673363],[-41.292947729,-15.739005451],[-41.268561735,-15.748703969],[-41.215396413,-15.737165861],[-41.142530206,-15.772047002],[-41.128634898,-15.746769644],[-41.092894649,-15.738681443],[-41.077557868,-15.71928795],[-41.053420335,-15.725114566],[-41.036272937,-15.713816547],[-41.00605945,-15.713837349],[-40.97961072,-15.691661369],[-40.963125113,-15.648400301],[-40.914331726,-15.660977554],[-40.902569707,-15.691842132],[-40.88155686,-15.694470757],[-40.842033152,-15.683224611],[-40.822110441,-15.646007049],[-40.78131043,-15.678965521],[-40.783284858,-15.701375082],[-40.767663679,-15.714079375],[-40.739860824,-15.703646706],[-40.741362217,-15.680250552],[-40.700575211,-15.667309001],[-40.682308695,-15.699021243],[-40.644946588,-15.728859404],[-40.629388739,-15.715712667],[-40.606601557,-15.736756384],[-40.593099937,-15.771746708],[-40.56741737,-15.775923061],[-40.573127329,-15.788074408],[-40.562509417,-15.803263641],[-40.518281185,-15.797510365],[-40.509539548,-15.768381331],[-40.480939378,-15.775188615],[-40.461428583,-15.753231737],[-40.432470201,-15.778653191],[-40.425033808,-15.805708351],[-40.376860269,-15.82352264],[-40.371494292,-15.814371614],[-40.336103163,-15.82432993],[-40.231111321,-15.80384712],[-40.200074002,-15.862509809],[-40.166104227,-15.868377241],[-40.170715085,-15.907530357],[-40.140572262,-15.898888422],[-40.105349895,-15.912050058],[-40.08499661,-15.897120558],[-40.080907833,-15.924097654],[-40.065716934,-15.910827991],[-40.078830247,-15.940923794],[-40.066133229,-15.939764841],[-40.06619468,-15.960208254],[-40.045773515,-15.962356301],[-40.022579796,-15.990446994],[-40.013690666,-15.984006454],[-40.000969141,-15.994675638],[-40.004436508,-16.001838196],[-39.992050393,-15.995001334],[-39.963960049,-16.005331687],[-39.955746425,-15.991428294],[-39.914797935,-15.999993391],[-39.93568617,-16.023747893],[-39.882003385,-16.068032995],[-39.85727362,-16.115695302],[-39.880514185,-16.143745366],[-39.896956547,-16.141603993],[-39.882937585,-16.163780146],[-39.883390601,-16.194693005],[-39.912633256,-16.210305942],[-39.936521146,-16.245780821],[-39.91667828,-16.283842771],[-39.952239676,-16.297855108],[-39.96667272,-16.327209207],[-39.97838947,-16.311136816],[-39.991102018,-16.31273431],[-39.995523492,-16.330665774],[-40.025216129,-16.357362219],[-40.06918304,-16.460725716],[-40.083981337,-16.463926471],[-40.097047851,-16.448046714],[-40.098664089,-16.421210054],[-40.116545575,-16.466499607],[-40.170781114,-16.523621966],[-40.174936853,-16.537232379],[-40.153557468,-16.561688417],[-40.15789741,-16.579454856],[-40.212024189,-16.573123116],[-40.234127588,-16.557932312],[-40.247025708,-16.573562259],[-40.275490075,-16.573417673],[-40.28349334,-16.587447845],[-40.31298794,-16.675434116],[-40.302356178,-16.708178197],[-40.310166697,-16.736215487],[-40.345493614,-16.787267521],[-40.323605464,-16.801269173],[-40.282798945,-16.803988612],[-40.270076443,-16.79532942],[-40.257802532,-16.806540973],[-40.246907059,-16.845739482],[-40.252121488,-16.860050635],[-40.266026029,-16.860313409],[-40.281637051,-16.901183641],[-40.293459578,-16.904628641],[-40.302773831,-16.892243618],[-40.331523033,-16.908027289],[-40.366485049,-16.874172253],[-40.415716682,-16.899500619],[-40.43161705,-16.887377255],[-40.448936895,-16.892364814],[-40.460385088,-16.878455175],[-40.491205524,-16.884490034],[-40.515940246,-16.962715261],[-40.545443295,-16.98419968],[-40.571414287,-17.063885495],[-40.5566075,-17.09681108],[-40.577745888,-17.167959973],[-40.552383881,-17.1991531],[-40.572249873,-17.251372761],[-40.547750901,-17.283706279],[-40.60902515,-17.326968371],[-40.592727109,-17.345473097],[-40.605793958,-17.359967421],[-40.59866442,-17.389636492],[-40.623475114,-17.405980699],[-40.597506501,-17.420633261],[-40.57008174,-17.415891468],[-40.554159076,-17.435567899],[-40.520579045,-17.444811283],[-40.520941442,-17.458348556],[-40.483000092,-17.48851297],[-40.489062416,-17.519789666],[-40.460414858,-17.568502234],[-40.44374041,-17.579012269],[-40.432079912,-17.567563443],[-40.410684312,-17.568227286],[-40.414469228,-17.610096355],[-40.39681174,-17.625605291],[-40.371962463,-17.612458002],[-40.354658132,-17.644272264],[-40.34670137,-17.611999334],[-40.321824854,-17.643708254],[-40.322824728,-17.6613147],[-40.299020573,-17.674567643],[-40.280361858,-17.722786576],[-40.25590531,-17.719546226],[-40.220796649,-17.737247429],[-40.21807567,-17.795659048],[-40.204517843,-17.805329527],[-40.203863864,-17.829664071],[-40.181660793,-17.835975182],[-40.174127291,-17.851561216],[-40.212657664,-17.895794133],[-40.263547468,-17.922023349],[-40.259799652,-17.940021784],[-40.226822943,-17.958259782],[-40.222350609,-17.980417387],[-39.674226849,-18.32474245],[-39.667818742,-18.337185073],[-39.670158575,-18.34856026],[-39.62705963,-18.216057529],[-39.480816937,-17.984899735],[-39.427305463,-17.934174791],[-39.361909214,-17.905389328],[-39.36444158,-17.89075398],[-39.319598744,-17.891657564],[-39.271146136,-17.866380357],[-39.258194921,-17.826760814],[-39.205976151,-17.77266637],[-39.208052023,-17.747346014],[-39.135800339,-17.690252705],[-39.178540245,-17.626169515],[-39.19392858,-17.582424646],[-39.191830395,-17.444349572],[-39.221072562,-17.301774082],[-39.21206189,-17.16126084],[-39.182016004,-17.112355301],[-39.172184753,-17.013046734],[-39.151459091,-16.942248899],[-39.106641681,-16.896805248],[-39.14196213,-16.86844132],[-39.14164549,-16.761457338],[-39.104011787,-16.699018138],[-39.061728772,-16.434066471],[-39.033677783,-16.387360135],[-39.008773248,-16.374921092],[-39.006060751,-16.332755251],[-39.022335857,-16.319273915],[-39.021653958,-16.284570937],[-39.01053684,-16.244508722],[-38.974198488,-16.213213249],[-38.948106694,-16.155666525],[-38.95204949,-16.09695269],[-38.852839294,-15.849354111],[-38.934855462,-15.665390302],[-38.94672537,-15.498342858],[-38.993061996,-15.294155279],[-38.997590453,-14.986716322],[-39.018706728,-14.920176196],[-39.027412765,-14.783007399],[-39.055087777,-14.776627472],[-39.065003405,-14.708515701],[-39.061626425,-14.624985381],[-39.001620562,-14.344481051],[-38.979914682,-14.293657865],[-38.994936194,-14.266367996],[-38.989905142,-14.199320967],[-38.927692891,-13.939845939],[-38.936327317,-13.886691386],[-38.995245935,-13.802005956],[-38.997656661,-13.747560819],[-38.985342568,-13.710971437],[-38.962592922,-13.686354578],[-38.97146876,-13.672084501],[-38.928730785,-13.657530893],[-38.91387617,-13.675597578],[-38.891469973,-13.652791038],[-38.906690819,-13.619671539],[-38.901750824,-13.599789684],[-38.930182585,-13.573737383],[-38.933503321,-13.555435082],[-38.925606122,-13.512846057],[-38.911608304,-13.498036134],[-38.916179927,-13.476604523],[-38.891536982,-13.451955151],[-38.905623297,-13.427264627],[-38.909348038,-13.379129709],[-38.915946335,-13.373907082],[-38.94624037,-13.398923297],[-38.95584313,-13.379747506],[-38.967606063,-13.332396557],[-38.957828142,-13.267586296],[-38.929186439,-13.218358031],[-38.762276886,-13.118934305],[-38.71261813,-13.061102319],[-38.657212625,-13.03353138],[-38.643338711,-13.015313122],[-38.46874704,-13.014881675],[-38.387272868,-12.956840996],[-38.342693518,-12.950774979],[-38.046773844,-12.634609483],[-38.040893423,-12.610427795],[-38.001464043,-12.578011155],[-37.952812368,-12.489352979],[-37.769353531,-12.238366512],[-37.690766174,-12.108264189],[-37.444696847,-11.608607092],[-37.341146654,-11.442336474],[-37.355255349,-11.443699268],[-37.455488691,-11.523138276],[-37.504750496,-11.524910128],[-37.520067635,-11.549303513],[-37.557068436,-11.551453119],[-37.568257338,-11.538428818],[-37.578550113,-11.552178914],[-37.581459211,-11.530558999],[-37.615726832,-11.53860102],[-37.632119309,-11.518200547],[-37.643604291,-11.524415412],[-37.650272681,-11.516431003],[-37.675950854,-11.568493796],[-37.699913815,-11.562415222],[-37.702459854,-11.540194664],[-37.72676612,-11.553558388],[-37.73041656,-11.538015406],[-37.749360959,-11.538627663],[-37.758974526,-11.525378301],[-37.77044775,-11.531999045],[-37.812288578,-11.517019958],[-37.81929503,-11.501146729],[-37.808580479,-11.496203114],[-37.864179631,-11.466881159],[-37.848108396,-11.443028789],[-37.880335274,-11.433210624],[-37.866082606,-11.427098421],[-37.882380388,-11.424704672],[-37.89889639,-11.438361383],[-37.90543893,-11.408144832],[-37.927729838,-11.401375499],[-37.94316208,-11.424576186],[-37.952803944,-11.394487608],[-37.962569719,-11.402421839],[-37.968277482,-11.389535982],[-37.977817264,-11.392659656],[-37.969321388,-11.372886407],[-37.986325804,-11.342006172],[-37.999910762,-11.340254162],[-37.987388088,-11.331455532],[-37.998606129,-11.322170842],[-37.991651962,-11.312842673],[-38.014763124,-11.285723371],[-37.986742269,-11.272095942],[-37.995853823,-11.259475988],[-37.983640561,-11.24828801],[-37.993715325,-11.239640824],[-37.97746259,-11.221587882],[-37.973748638,-11.1936888],[-38.002948742,-11.193824023],[-38.023354453,-11.177767035],[-38.046881469,-11.181638473],[-38.057180697,-11.172085262],[-38.071220122,-11.143545951],[-38.065618845,-11.122976098],[-38.088401192,-11.116255928],[-38.093281493,-11.103967708],[-38.075114877,-11.077093896],[-38.10241961,-11.043982865],[-38.10199915,-11.015894457],[-38.120546805,-11.007107153],[-38.129911192,-11.018914566],[-38.17004538,-10.988995545],[-38.186542068,-10.964206536],[-38.180615581,-10.942767216],[-38.19944497,-10.939761157],[-38.203861468,-10.922562575],[-38.210963475,-10.931211404],[-38.228168294,-10.914183903],[-38.238884008,-10.866876855],[-38.231398315,-10.84293412],[-38.245009048,-10.822641537],[-38.209359796,-10.760435348],[-38.216518939,-10.72680573],[-38.209167632,-10.711869696],[-38.176470116,-10.705462636],[-38.132806951,-10.720874836],[-38.067792022,-10.715665833],[-38.041684,-10.700694],[-38.032031146,-10.727084285],[-37.96625989,-10.758100601],[-37.95289407,-10.750102209],[-37.945481213,-10.756517307],[-37.909622357,-10.715510318],[-37.847510306,-10.699264934],[-37.832800112,-10.680474715],[-37.808630438,-10.687632111],[-37.814047059,-10.6698198],[-37.802990689,-10.652162336],[-37.816722881,-10.631378467],[-37.806319046,-10.600527445],[-37.83146267,-10.584290344],[-37.841231508,-10.554793643],[-37.819287235,-10.53964164],[-37.812605108,-10.507246986],[-37.859609174,-10.427119802],[-37.853109029,-10.406277466],[-37.837541488,-10.401101488],[-37.839047985,-10.378820443],[-37.798997057,-10.363385428],[-37.785155445,-10.345569545],[-37.743312842,-10.338390728],[-37.745124772,-10.313583879],[-37.768661957,-10.289196072],[-37.750382663,-10.289499058],[-37.748859667,-10.264323578],[-37.765679488,-10.251867385],[-37.74709077,-10.238072693],[-37.765681129,-10.196044855],[-37.782230858,-10.185591734],[-37.77793035,-10.134141301],[-37.802014461,-10.112447446],[-37.782644441,-10.043598358],[-37.790903334,-10.032703183],[-37.825967814,-10.03658364],[-37.847243731,-9.99428101],[-37.87609879,-9.976955848],[-37.89579323,-9.942132426],[-37.91279118,-9.937131292],[-37.901187838,-9.92112814],[-37.907625169,-9.910880521],[-37.937034918,-9.939729792],[-37.955432403,-9.942999877],[-37.975416416,-9.936731804],[-38.003500065,-9.905513767],[-37.994181532,-9.901391924],[-37.994099374,-9.880705711],[-38.013979635,-9.857267832],[-37.995444165,-9.846078736],[-37.999970463,-9.814326068],[-38.018524739,-9.802168469],[-38.020070764,-9.777567217],[-38.032536572,-9.770274985],[-38.045038257,-9.697454906],[-38.032219183,-9.660686479],[-38.008961438,-9.649058294],[-38.037188236,-9.628047509],[-38.055623498,-9.632201439],[-38.052547199,-9.605277],[-38.061709676,-9.590908721],[-38.037948006,-9.581972817],[-38.037251121,-9.569213403],[-38.027004686,-9.573857041],[-38.022616413,-9.540664809],[-38.003289898,-9.515029908],[-37.99794944,-9.499283339],[-38.010925509,-9.478731137],[-38.067846219,-9.4585026],[-38.077759656,-9.441106676],[-38.154949644,-9.443416136],[-38.20476417,-9.418674282],[-38.194475624,-9.384934641],[-38.237590046,-9.329794524],[-38.28751276,-9.217129296],[-38.280075616,-9.207218948],[-38.287600984,-9.173883922],[-38.321295223,-9.129902995],[-38.304422957,-9.098211151],[-38.325866715,-9.077992613],[-38.289959274,-9.047161837],[-38.296402488,-9.022851443],[-38.323540025,-8.990009185],[-38.356160718,-8.997142035],[-38.408458245,-9.038501285],[-38.449099651,-9.026358847],[-38.48404277,-9.001021726],[-38.519907281,-8.943531334],[-38.47329286,-8.889545679],[-38.469797183,-8.864241143],[-38.480809825,-8.849326122],[-38.541139577,-8.823486706],[-38.570428631,-8.830369086],[-38.603824327,-8.880590641],[-38.610276939,-8.957328345],[-38.630684936,-8.985167252],[-38.653726692,-8.983900039],[-38.689232624,-8.947395586],[-38.706543498,-8.862260617],[-38.796989457,-8.793464422],[-38.86810442,-8.783865384],[-38.951933209,-8.804668247],[-38.977432044,-8.793086674],[-38.991911345,-8.767551877],[-39.037577239,-8.734690863],[-39.143946197,-8.712519071],[-39.16871283,-8.691504457],[-39.180995841,-8.706300862],[-39.228521864,-8.71031532],[-39.245492563,-8.684105868],[-39.24187999,-8.636307387],[-39.267743879,-8.608845789],[-39.284105872,-8.56586795],[-39.342307018,-8.55967709],[-39.379793561,-8.532820571],[-39.4160408,-8.542127928],[-39.435490357,-8.563301843],[-39.452109575,-8.56319915],[-39.476111293,-8.592793203],[-39.518612349,-8.603911063],[-39.606645401,-8.655975417],[-39.691131733,-8.662312925],[-39.67171356,-8.777581462],[-39.693196366,-8.798675741],[-39.747785345,-8.794041012],[-39.788796213,-8.819109594],[-39.822731892,-8.813515768],[-39.892957722,-8.828793992],[-39.902938175,-8.858743593],[-39.873456421,-8.934038718],[-39.958034748,-9.048591559],[-39.996030574,-9.060958201],[-40.065563055,-9.063065193],[-40.12989492,-9.110304606],[-40.165001587,-9.106487775],[-40.22360234,-9.056667549],[-40.255790976,-9.063223433],[-40.286706137,-9.117351845],[-40.294011983,-9.152067786],[-40.286172656,-9.185611404],[-40.307787122,-9.271320672],[-40.336119588,-9.327168682],[-40.335043337,-9.353901724],[-40.356397113,-9.376994263],[-40.391278397,-9.372166825],[-40.423659468,-9.35346501],[-40.467755118,-9.42056813],[-40.497196438,-9.408572357],[-40.529114735,-9.413901646],[-40.555758514,-9.457938112],[-40.620676855,-9.482525464],[-40.722178591,-9.44594854],[-40.776750543,-9.454451428],[-40.759595296,-9.429076297],[-40.764975565,-9.413216386],[-40.742671533,-9.400712882],[-40.737286465,-9.336870766],[-40.756421944,-9.315032259],[-40.739441826,-9.296588727],[-40.720088161,-9.305896697],[-40.70758889,-9.285346333],[-40.685987868,-9.276368184],[-40.680088544,-9.259211748],[-40.694500379,-9.233455571],[-40.670643784,-9.188708241],[-40.667395666,-9.159059199],[-40.685093997,-9.137610158],[-40.709889302,-9.140880974],[-40.757060568,-9.119843068],[-40.756784945,-9.104976913],[-40.808871453,-9.093689453],[-40.851958503,-8.982584879],[-40.851595865,-8.952498959],[-40.919237104,-8.837177042],[-40.95486005,-8.843875131],[-40.979093748,-8.823417084],[-41.021240914,-8.843560916],[-41.031319702,-8.834958376],[-41.024960111,-8.807727363],[-41.036234504,-8.785875895],[-41.101760799,-8.781964296],[-41.124569292,-8.75267356],[-41.126840276,-8.728927351],[-41.112757959,-8.70397409],[-41.226978499,-8.704702091],[-41.238567805,-8.71973116],[-41.260624595,-8.720716501],[-41.281537594,-8.736100378],[-41.334351609,-8.727661532],[-41.358336184,-8.707620178],[-41.383770094,-8.709488751],[-41.424266706,-8.802555356],[-41.434684076,-8.799096012],[-41.502734686,-8.864066022],[-41.507437189,-8.892440913],[-41.54485305,-8.937954266],[-41.545795871,-8.961675945],[-41.565266766,-8.970320234],[-41.570056646,-8.955029466],[-41.605794729,-8.957403877],[-41.628997816,-8.984889982],[-41.669403857,-8.990079081],[-41.680453684,-9.012282253],[-41.726482949,-9.016360883],[-41.735184099,-9.094699796],[-41.800070338,-9.148026601],[-41.837965769,-9.242272043],[-41.870520575,-9.23743143],[-41.91793312,-9.278466209],[-41.972266227,-9.248638136],[-41.999905269,-9.265972176],[-42.024677588,-9.249759697],[-42.066585656,-9.255985971],[-42.101272526,-9.28157155],[-42.206435416,-9.292781492],[-42.230741201,-9.283431499],[-42.268912726,-9.310446787],[-42.316076568,-9.316612336],[-42.357048982,-9.352564466],[-42.359524583,-9.377613219],[-42.422986575,-9.413693031],[-42.440584184,-9.456171189],[-42.489068876,-9.462037224],[-42.493091776,-9.494900446],[-42.522272447,-9.503026988],[-42.588631863,-9.497350753],[-42.621720597,-9.541337479],[-42.679917393,-9.5491491],[-42.719881226,-9.530688359],[-42.716895276,-9.556278744],[-42.757749083,-9.589280276],[-42.769957195,-9.619182114],[-42.820552803,-9.619230414],[-42.837138714,-9.550371902],[-42.873301274,-9.563868],[-42.904016347,-9.526754162],[-42.946248823,-9.518413112],[-42.962141052,-9.469817571],[-42.957115298,-9.432412499],[-42.986829735,-9.401607168],[-43.05694324,-9.419135448],[-43.060728424,-9.395448024],[-43.079832155,-9.399109035],[-43.119619224,-9.371897958],[-43.133164072,-9.387282663],[-43.158626424,-9.377036487],[-43.173928472,-9.411223868],[-43.191698953,-9.420431332],[-43.214290098,-9.399648257],[-43.266669314,-9.411905927],[-43.2787692,-9.42457468],[-43.329613427,-9.371816729],[-43.361321625,-9.364411933],[-43.422749413,-9.277611093],[-43.451782157,-9.262262868],[-43.485458227,-9.265286075],[-43.531131103,-9.304191836],[-43.572823685,-9.316245381],[-43.621632603,-9.371537737],[-43.671130601,-9.408483019],[-43.778290482,-9.448700904],[-43.851350939,-9.552129231],[-43.84265119,-9.612669819],[-43.833978019,-9.617929696],[-43.841952224,-9.637427579],[-43.797260283,-9.696497344],[-43.784921816,-9.762385012],[-43.717817793,-9.802421782],[-43.693460955,-9.805257687],[-43.65324499,-9.839055303],[-43.677448483,-9.886527845],[-43.694622513,-9.891251796],[-43.709035343,-9.913219513],[-43.690454011,-9.929499204],[-43.702952665,-9.966112531],[-43.666343889,-9.98954025],[-43.662131407,-10.009544197],[-43.669480576,-10.03075517],[-43.690281484,-10.044635129],[-43.69291495,-10.077395407],[-43.766034458,-10.080057074],[-43.779088591,-10.180468396],[-43.837265067,-10.250068229],[-43.838291908,-10.304626032],[-43.914793323,-10.384154912],[-43.916229328,-10.42671867],[-43.936734821,-10.436130286],[-43.97277499,-10.432645467],[-44.002446705,-10.407548218],[-44.023540418,-10.408200383],[-44.035866716,-10.435425575],[-44.025843686,-10.475470727],[-44.051010389,-10.506238567],[-44.072113671,-10.579927657],[-44.1106216,-10.597196047],[-44.128288914,-10.631487334],[-44.149177917,-10.643210772],[-44.208647457,-10.615324178],[-44.264019812,-10.624669987],[-44.306098936,-10.565535817],[-44.336842856,-10.548535817],[-44.398073667,-10.605878105],[-44.456311098,-10.608099708],[-44.476736715,-10.639304558],[-44.500505153,-10.649701881],[-44.522265268,-10.649804102],[-44.551078356,-10.628580796],[-44.584904372,-10.629350885],[-44.618476037,-10.671067145],[-44.666621701,-10.682342166],[-44.667684713,-10.760056571],[-44.687211243,-10.769205138],[-44.714574258,-10.761725117],[-44.746086758,-10.77758032],[-44.75892567,-10.804846132],[-44.788061917,-10.808521576],[-44.810323084,-10.846584247],[-44.80832915,-10.866149483],[-44.844298933,-10.900032753],[-44.859662559,-10.883179256],[-44.928425703,-10.92794713],[-44.976834374,-10.889343085],[-45.016597141,-10.884599111],[-45.073235746,-10.840422565],[-45.105296251,-10.846820035],[-45.205129534,-10.832927407],[-45.21922321,-10.817376063],[-45.248051885,-10.821967435],[-45.268466032,-10.77622977],[-45.322373623,-10.760265149],[-45.358218967,-10.732207539],[-45.385215971,-10.651632599],[-45.432425979,-10.630555159],[-45.447129894,-10.558789106],[-45.438059546,-10.52725264],[-45.447256347,-10.507423014],[-45.400268858,-10.463074349],[-45.39599431,-10.445025185],[-45.424496615,-10.426490213],[-45.430322519,-10.35946302],[-45.484651794,-10.304897989],[-45.514360556,-10.289836599],[-45.526186658,-10.236927631],[-45.562520395,-10.210851367],[-45.571316296,-10.18688814],[-45.567456406,-10.139522509],[-45.603176094,-10.107982175],[-45.684719475,-10.153315599],[-45.723483949,-10.155412708]]]},"properties":{"CD_UF":29,"NM_UF":"Bahia","SIGLA_UF":"BA","NM_REGIAO":"Nordeste","color":"blue"}},{"type":"Feature","geometry":{"type":"Polygon","coordinates":[[[-47.308504115,-16.049971389],[-47.31134463,-16.088132698],[-47.333134754,-16.08588628],[-47.337763159,-16.128483731],[-47.352732173,-16.132830344],[-47.350374676,-16.148128279],[-47.340956495,-16.148099248],[-47.345012327,-16.164066832],[-47.331956676,-16.171739204],[-47.336322856,-16.20158759],[-47.322119827,-16.208775194],[-47.330191448,-16.214347229],[-47.327999694,-16.249220979],[-47.350855962,-16.274743204],[-47.366274477,-16.331498448],[-47.427176527,-16.394161325],[-47.42952158,-16.44265873],[-47.453824275,-16.465592952],[-47.460069754,-16.505096763],[-47.443710666,-16.541579297],[-47.405073986,-16.556493345],[-47.412874085,-16.575858617],[-47.394015958,-16.574133396],[-47.386898395,-16.588862232],[-47.387790753,-16.579304271],[-47.377376961,-16.579511678],[-47.376678279,-16.600871119],[-47.356872884,-16.588733704],[-47.342840401,-16.592357335],[-47.335349153,-16.616909725],[-47.318540772,-16.603558961],[-47.321268049,-16.618668787],[-47.286511269,-16.634058736],[-47.277234624,-16.660049082],[-47.259829606,-16.654962145],[-47.259816682,-16.667790822],[-47.250155944,-16.666815283],[-47.258954205,-16.678974909],[-47.246601703,-16.682467592],[-47.251480726,-16.705498558],[-47.227649426,-16.713485002],[-47.221647896,-16.726301054],[-47.235988704,-16.755385544],[-47.223428871,-16.761821198],[-47.230904058,-16.775409391],[-47.217231684,-16.780066874],[-47.22036411,-16.807850792],[-47.207459125,-16.819864916],[-47.212007849,-16.828853787],[-47.193525115,-16.825206296],[-47.205962636,-16.839868033],[-47.200011147,-16.861529041],[-47.209343103,-16.865492474],[-47.193179467,-16.883158597],[-47.202984306,-16.890392836],[-47.19343179,-16.89748046],[-47.197791253,-16.910021108],[-47.180926675,-16.902329055],[-47.160072236,-16.920600527],[-47.174196932,-16.931937763],[-47.156928788,-16.94141976],[-47.166592732,-16.952636278],[-47.125931864,-16.981768269],[-47.151124907,-16.997351096],[-47.140175988,-16.997172669],[-47.143736558,-17.010281083],[-47.131119182,-17.008169717],[-47.146841381,-17.031253656],[-47.161564576,-17.029351546],[-47.166972786,-17.047492147],[-47.184450988,-17.035960374],[-47.180370983,-17.062808017],[-47.195125472,-17.059460741],[-47.19103861,-17.069625414],[-47.207868822,-17.066851391],[-47.207680561,-17.08035511],[-47.22379228,-17.075692003],[-47.229733879,-17.089651216],[-47.247728746,-17.081767864],[-47.248176183,-17.098556554],[-47.256516368,-17.09314302],[-47.265933539,-17.113608501],[-47.273594459,-17.103576385],[-47.281957516,-17.114893234],[-47.282710098,-17.144099596],[-47.295818793,-17.138622955],[-47.307375391,-17.15901276],[-47.311041841,-17.146318321],[-47.323681987,-17.155629894],[-47.327680048,-17.148335865],[-47.333904859,-17.165293059],[-47.35198746,-17.166499406],[-47.35320483,-17.180231419],[-47.340177253,-17.187387116],[-47.363044779,-17.186492973],[-47.349894834,-17.20232886],[-47.360845802,-17.204619697],[-47.36264628,-17.22270846],[-47.375980819,-17.21715505],[-47.384227318,-17.247782926],[-47.40781559,-17.245956086],[-47.407347823,-17.256722691],[-47.422906714,-17.260564436],[-47.417848222,-17.270462885],[-47.434459152,-17.27621848],[-47.419204083,-17.295447461],[-47.429371054,-17.308037614],[-47.422866182,-17.323089309],[-47.435377105,-17.317005279],[-47.454877462,-17.32973889],[-47.440790092,-17.347702821],[-47.460043732,-17.344150506],[-47.465293605,-17.355853499],[-47.513262638,-17.327483729],[-47.504460094,-17.338243371],[-47.521678459,-17.3528125],[-47.513933391,-17.374639168],[-47.538826283,-17.388800629],[-47.523208611,-17.409266708],[-47.537578004,-17.410386376],[-47.521427732,-17.423873275],[-47.541185237,-17.454303912],[-47.514295639,-17.460806199],[-47.494484529,-17.526811443],[-47.477711503,-17.511332611],[-47.457100095,-17.538398668],[-47.398637381,-17.512216865],[-47.374537611,-17.523921377],[-47.329627738,-17.524706998],[-47.265793163,-17.610443785],[-47.281378204,-17.653246802],[-47.270344027,-17.675289628],[-47.313684871,-17.699017678],[-47.317845702,-17.726635894],[-47.342729719,-17.744458994],[-47.332712006,-17.766619349],[-47.354481791,-17.787540134],[-47.352040879,-17.81513375],[-47.373060816,-17.829951386],[-47.353708525,-17.870923383],[-47.357066168,-17.897788835],[-47.338406065,-17.912486174],[-47.340592786,-17.937407542],[-47.31384624,-17.963223734],[-47.319177691,-17.996036321],[-47.296848682,-18.009393262],[-47.300783821,-18.027022476],[-47.282845314,-18.040893112],[-47.28320542,-18.058236198],[-47.305545775,-18.063698205],[-47.302434757,-18.073736037],[-47.322767729,-18.069690128],[-47.346876187,-18.088239073],[-47.357795358,-18.085021459],[-47.355879211,-18.105112972],[-47.386094801,-18.121212475],[-47.393789321,-18.1162413],[-47.407322039,-18.131752078],[-47.396873605,-18.141864425],[-47.412406763,-18.147706685],[-47.428787267,-18.139284838],[-47.43004122,-18.165813796],[-47.451238806,-18.159171583],[-47.463958654,-18.177360273],[-47.485733953,-18.182349651],[-47.484932086,-18.193529456],[-47.515593691,-18.196378379],[-47.533739463,-18.230705641],[-47.536240303,-18.194875051],[-47.567568416,-18.203864314],[-47.570954615,-18.22032459],[-47.58862232,-18.227036499],[-47.581798426,-18.235105448],[-47.607815949,-18.245412278],[-47.607298184,-18.263888345],[-47.620872872,-18.253100939],[-47.61901987,-18.271711109],[-47.638770035,-18.287678127],[-47.610612855,-18.313335996],[-47.626184552,-18.334297519],[-47.648154691,-18.340698542],[-47.657573604,-18.327803791],[-47.670708696,-18.357474656],[-47.686460263,-18.35745698],[-47.704240281,-18.380070982],[-47.7168546,-18.362088191],[-47.740570906,-18.36383977],[-47.733292508,-18.375899046],[-47.757124918,-18.396551548],[-47.747876107,-18.411606734],[-47.779016824,-18.424135105],[-47.810571998,-18.400115443],[-47.831182144,-18.414054211],[-47.831938361,-18.449783113],[-47.857963854,-18.43901257],[-47.873652883,-18.459150318],[-47.863322815,-18.464835174],[-47.868182421,-18.474398512],[-47.914273995,-18.466577837],[-47.954937045,-18.500280322],[-47.96495966,-18.477357033],[-47.979212106,-18.475963589],[-47.980910267,-18.442861179],[-48.00933434,-18.454268993],[-48.055825646,-18.413242328],[-48.078194088,-18.430538674],[-48.109342167,-18.429129136],[-48.147796967,-18.408207762],[-48.161359796,-18.372234663],[-48.220957552,-18.36228604],[-48.226724388,-18.345770076],[-48.255400412,-18.343989062],[-48.262408119,-18.331885042],[-48.279074273,-18.331534059],[-48.3149483,-18.364155179],[-48.308079123,-18.384960525],[-48.349522294,-18.366391138],[-48.403657777,-18.371187261],[-48.409773312,-18.355390064],[-48.436573907,-18.365305931],[-48.445660872,-18.35530136],[-48.48123525,-18.380138665],[-48.484806508,-18.353631986],[-48.51564919,-18.366415906],[-48.554542636,-18.34694942],[-48.561414654,-18.323886466],[-48.597272537,-18.33481111],[-48.633824887,-18.327648448],[-48.647169671,-18.343890624],[-48.697747017,-18.350166256],[-48.757723381,-18.344761087],[-48.798280001,-18.358555878],[-48.816361609,-18.379661166],[-48.828024927,-18.375248807],[-48.837134701,-18.34148082],[-48.933171575,-18.305454009],[-48.984195366,-18.341412531],[-48.981501217,-18.356374248],[-48.995996668,-18.37094026],[-49.036273692,-18.372219983],[-49.048700469,-18.397498859],[-49.077039877,-18.416780393],[-49.111477728,-18.402010567],[-49.108806638,-18.383845506],[-49.126281712,-18.382507056],[-49.161300557,-18.41693501],[-49.210098755,-18.414781528],[-49.194109931,-18.452446633],[-49.228424427,-18.479854067],[-49.249356955,-18.523509688],[-49.286752444,-18.538908622],[-49.294084746,-18.565248143],[-49.32897694,-18.563841144],[-49.343228569,-18.59802002],[-49.384009366,-18.644728257],[-49.413037696,-18.642273849],[-49.432401518,-18.60674395],[-49.481830304,-18.561030148],[-49.491701976,-18.496367512],[-49.533914516,-18.492515031],[-49.547823674,-18.503396547],[-49.542393842,-18.527423785],[-49.552377689,-18.544116488],[-49.651706018,-18.561115977],[-49.639714529,-18.600139044],[-49.682054412,-18.588847532],[-49.73282625,-18.616022999],[-49.768529661,-18.610986399],[-49.784819601,-18.64224767],[-49.836153521,-18.636689599],[-49.880095586,-18.609560272],[-49.931651476,-18.623993054],[-50.020064345,-18.599363479],[-50.08004311,-18.672243791],[-50.164288026,-18.664352469],[-50.198876875,-18.679079883],[-50.250263373,-18.677891083],[-50.296098857,-18.69123977],[-50.323768585,-18.712203255],[-50.375595579,-18.811498063],[-50.423492673,-18.832653194],[-50.450060671,-18.901831798],[-50.508822063,-18.935732266],[-50.498743178,-19.034027323],[-50.539454958,-19.102357726],[-50.585023495,-19.137385095],[-50.67805027,-19.13810697],[-50.67779993,-19.172514859],[-50.738393881,-19.189157954],[-50.747639814,-19.23851472],[-50.822663608,-19.29513087],[-50.875972092,-19.415034657],[-50.826358373,-19.471314462],[-50.830451343,-19.492275575],[-50.849386862,-19.498136683],[-50.934997778,-19.467477485],[-50.962378489,-19.481895701],[-50.962946217,-19.500578796],[-50.930881274,-19.542243912],[-50.924394629,-19.580884597],[-50.937579019,-19.592270648],[-50.961802186,-19.581739792],[-50.987554582,-19.589507555],[-51.036574257,-19.687012433],[-51.045944378,-19.729050869],[-51.027901728,-19.756575449],[-51.040076388,-19.782254277],[-51.023628886,-19.803945644],[-51.019306933,-19.870450246],[-50.999471303,-19.9063755],[-51.021148949,-19.964028276],[-51.004807123,-19.999217144],[-51.017888442,-20.048392525],[-51.000475002,-20.085384369],[-50.969129364,-20.036445198],[-50.947054073,-20.031252287],[-50.908134675,-19.994257448],[-50.872873591,-19.989596577],[-50.783601504,-19.937229486],[-50.66132405,-19.909002004],[-50.577948759,-19.816374352],[-50.471918223,-19.779655795],[-50.417132774,-19.801136461],[-50.345661233,-19.867563429],[-50.097243339,-19.875478954],[-50.018763432,-19.925396789],[-49.962154721,-19.920224136],[-49.888336931,-19.945304916],[-49.855573329,-19.946824971],[-49.835274515,-19.933314958],[-49.782456235,-19.924463097],[-49.634405301,-19.931932114],[-49.58318041,-19.909991308],[-49.539877463,-19.907444543],[-49.503452758,-19.91992945],[-49.492786157,-19.950421177],[-49.444519571,-19.980511833],[-49.35648649,-19.986717258],[-49.293895781,-19.960214002],[-49.249646984,-19.969554239],[-49.248338794,-19.999637046],[-49.283923627,-20.004771687],[-49.297255982,-20.017516984],[-49.308538039,-20.103892934],[-49.299246429,-20.167076079],[-49.259156006,-20.260204222],[-49.225294015,-20.305343065],[-49.172561708,-20.312535082],[-49.129744959,-20.280799811],[-49.064838882,-20.152607075],[-49.024473429,-20.151149571],[-48.992250686,-20.165384464],[-48.961785832,-20.263301178],[-48.970352793,-20.389790528],[-48.894944602,-20.441813889],[-48.867230439,-20.402461258],[-48.886545819,-20.271162594],[-48.856758629,-20.226884024],[-48.855392469,-20.180143953],[-48.825743215,-20.161957488],[-48.781137306,-20.163852472],[-48.731341071,-20.149381771],[-48.64212874,-20.166496073],[-48.578233236,-20.131249027],[-48.491116132,-20.138123216],[-48.405776776,-20.113511041],[-48.374935923,-20.12310321],[-48.317134401,-20.113347002],[-48.283422366,-20.138843743],[-48.254687801,-20.143815786],[-48.217747495,-20.125288796],[-48.253425136,-20.077920665],[-48.246997016,-20.033879815],[-48.234826713,-20.028275566],[-48.207771465,-20.039370022],[-48.178605977,-20.096180216],[-48.105487413,-20.146355956],[-48.076775843,-20.148429562],[-48.049386914,-20.137235527],[-48.038843,-20.119949001],[-48.020163,-20.124029001],[-47.991577623,-20.079709066],[-47.990606156,-20.044226208],[-47.975969317,-20.035372667],[-47.948481977,-20.055757579],[-47.934102059,-20.107853598],[-47.895462811,-20.125258263],[-47.859383938,-20.052412124],[-47.875830792,-20.021410051],[-47.856150189,-19.990544792],[-47.751105572,-19.990289086],[-47.708405304,-19.97870165],[-47.634764342,-20.049247843],[-47.599658318,-20.032437519],[-47.583824618,-19.996664632],[-47.508532141,-19.982940646],[-47.468292708,-19.961422208],[-47.424428037,-20.015319553],[-47.444236321,-20.027960534],[-47.438708388,-20.051088761],[-47.404959207,-20.082735939],[-47.374570861,-20.08366268],[-47.358676442,-20.10398156],[-47.309673375,-20.124498409],[-47.293006945,-20.148661935],[-47.25704435,-20.166203997],[-47.255867253,-20.190771302],[-47.23107362,-20.219152174],[-47.298208136,-20.348435715],[-47.285455653,-20.405739967],[-47.292765579,-20.447733619],[-47.211510111,-20.5023184],[-47.151149651,-20.522046504],[-47.125290448,-20.60879458],[-47.108734501,-20.620804761],[-47.112680851,-20.638084308],[-47.096895797,-20.644528274],[-47.11530085,-20.707204836],[-47.165598505,-20.701487662],[-47.186260744,-20.731134369],[-47.175192492,-20.739261945],[-47.188818292,-20.770624708],[-47.207069394,-20.775531129],[-47.2247543,-20.800098858],[-47.214484405,-20.827219441],[-47.240044257,-20.885281697],[-47.210458068,-20.924139033],[-47.190039908,-20.928218089],[-47.18661936,-20.949493349],[-47.147814274,-20.972492934],[-47.157029851,-21.018824737],[-47.142296219,-21.088235843],[-47.113151441,-21.10492146],[-47.133505457,-21.133455593],[-47.118599463,-21.149043535],[-47.118787942,-21.185752103],[-47.099258086,-21.214193409],[-47.062209697,-21.209169929],[-47.07728815,-21.240223473],[-47.052281744,-21.246518714],[-47.042369559,-21.289954925],[-47.029772989,-21.299555715],[-47.03518107,-21.311022661],[-47.016526995,-21.342362938],[-46.997268532,-21.351226362],[-47.016168008,-21.396503441],[-47.011507927,-21.422272817],[-46.920776032,-21.427131313],[-46.842084037,-21.38910832],[-46.832149125,-21.366538219],[-46.791761316,-21.373683016],[-46.764705058,-21.360063637],[-46.7586845,-21.378788402],[-46.734369772,-21.394169818],[-46.717980873,-21.390701849],[-46.705962406,-21.404843856],[-46.665531173,-21.361158224],[-46.647199282,-21.364193069],[-46.648730337,-21.391721343],[-46.618460223,-21.421200186],[-46.615256765,-21.441468192],[-46.60188993,-21.443960781],[-46.576513663,-21.426957181],[-46.560222548,-21.442330015],[-46.521093248,-21.446980348],[-46.509252136,-21.469898927],[-46.524175703,-21.521849693],[-46.50004872,-21.554532005],[-46.521994169,-21.58450871],[-46.518228017,-21.612821865],[-46.55261545,-21.637039336],[-46.548268964,-21.6498678],[-46.565917355,-21.656938362],[-46.56463134,-21.67867939],[-46.577767563,-21.685057775],[-46.621594724,-21.675542993],[-46.626030312,-21.766226462],[-46.653991341,-21.779246402],[-46.651201593,-21.789442721],[-46.690970547,-21.836963849],[-46.665285,-21.848788],[-46.647536461,-21.880460834],[-46.673778465,-21.911052689],[-46.643394931,-21.976106634],[-46.614668773,-21.996971153],[-46.613262381,-22.014962691],[-46.649176393,-22.009286176],[-46.662202511,-22.023696107],[-46.675574925,-22.022374716],[-46.68538902,-22.037422129],[-46.676361327,-22.055439465],[-46.657745749,-22.060475697],[-46.664786005,-22.068863104],[-46.723421725,-22.076895563],[-46.700814071,-22.095196872],[-46.646754995,-22.091893162],[-46.62273088,-22.109930898],[-46.616115904,-22.130654682],[-46.59853002,-22.136389533],[-46.640458109,-22.157719641],[-46.646292293,-22.181321898],[-46.67383554,-22.175617542],[-46.678167793,-22.224041891],[-46.693141584,-22.237631488],[-46.688625425,-22.248768353],[-46.710400742,-22.262390085],[-46.705284142,-22.29582396],[-46.723260254,-22.306623841],[-46.701199342,-22.321493043],[-46.675907283,-22.369289392],[-46.660923476,-22.366040997],[-46.661835015,-22.418811254],[-46.631607354,-22.435835704],[-46.585133912,-22.439447539],[-46.572654364,-22.453141615],[-46.55481395,-22.446649975],[-46.549864844,-22.469548949],[-46.530667446,-22.470852529],[-46.542146936,-22.494356002],[-46.506990922,-22.50695891],[-46.505289911,-22.517047152],[-46.491179315,-22.51038674],[-46.454955071,-22.52173237],[-46.426308496,-22.547568834],[-46.406952235,-22.539932536],[-46.433725403,-22.57456794],[-46.41206169,-22.585765803],[-46.424336376,-22.599444273],[-46.404757863,-22.620893312],[-46.424619935,-22.633599064],[-46.396312196,-22.645982049],[-46.393058871,-22.662974059],[-46.405863013,-22.672559957],[-46.412336727,-22.659785226],[-46.470422351,-22.673242744],[-46.480636611,-22.678315859],[-46.469976245,-22.693975723],[-46.478890364,-22.698276749],[-46.457334175,-22.707057205],[-46.452723078,-22.727581896],[-46.385805263,-22.74030433],[-46.360480025,-22.761345415],[-46.334541462,-22.760300075],[-46.361695459,-22.788941382],[-46.376811081,-22.827819462],[-46.372578707,-22.860097379],[-46.384192409,-22.869966103],[-46.363778512,-22.893673567],[-46.344893003,-22.905224002],[-46.315332,-22.886792999],[-46.296060915,-22.898154126],[-46.266863798,-22.875687216],[-46.258530731,-22.890574654],[-46.23817118,-22.894155639],[-46.234144605,-22.881822838],[-46.145027868,-22.85719034],[-46.136886325,-22.890541513],[-46.153989524,-22.912400394],[-46.139093716,-22.92275526],[-46.095218325,-22.894429009],[-46.007954,-22.889496999],[-45.993092,-22.869809999],[-45.938812,-22.846470999],[-45.911829,-22.816292999],[-45.893673,-22.838953999],[-45.888762,-22.875974999],[-45.863852236,-22.868710331],[-45.837245462,-22.832071872],[-45.809802012,-22.829386585],[-45.78916643,-22.8581243],[-45.767915731,-22.844385463],[-45.770945138,-22.805926762],[-45.754917279,-22.792912238],[-45.74290385,-22.795357047],[-45.741706877,-22.807916706],[-45.713580927,-22.81478566],[-45.730333561,-22.798594238],[-45.711917627,-22.773227728],[-45.713412246,-22.756947159],[-45.728140305,-22.723683628],[-45.756463756,-22.721039983],[-45.80145566,-22.738617678],[-45.819821877,-22.723299586],[-45.817991548,-22.711367555],[-45.742806738,-22.659166862],[-45.693992663,-22.651709888],[-45.737428896,-22.608538737],[-45.718454773,-22.577991391],[-45.6954392,-22.586338563],[-45.679721392,-22.573418787],[-45.66057373,-22.577840784],[-45.658859594,-22.598110064],[-45.681078344,-22.636335684],[-45.666184756,-22.651201173],[-45.618128055,-22.637914132],[-45.576519593,-22.601702747],[-45.555355438,-22.626440968],[-45.584369533,-22.651688579],[-45.539908219,-22.652579787],[-45.499128486,-22.625011206],[-45.488800491,-22.628785223],[-45.473856577,-22.588894225],[-45.435547153,-22.618320716],[-45.412931697,-22.622215528],[-45.410521092,-22.651671025],[-45.397876483,-22.653423818],[-45.332961986,-22.617639217],[-45.274239997,-22.616238469],[-45.261406944,-22.60711559],[-45.260172905,-22.582053421],[-45.178045602,-22.549876921],[-45.139595534,-22.501693101],[-45.028403387,-22.463197655],[-44.965859118,-22.475192827],[-44.940070217,-22.452669116],[-44.897841065,-22.452910335],[-44.889730834,-22.432123987],[-44.871505844,-22.424085752],[-44.832952608,-22.430989947],[-44.809436245,-22.40557082],[-44.793386479,-22.386871139],[-44.744696057,-22.375590151],[-44.725447223,-22.358925239],[-44.660700587,-22.380524223],[-44.626141,-22.335383355],[-44.589229313,-22.320320139],[-44.563619192,-22.333177456],[-44.545738495,-22.323621918],[-44.545700843,-22.332086267],[-44.532579303,-22.330704089],[-44.513575476,-22.308628574],[-44.459913063,-22.279989316],[-44.457107349,-22.257587109],[-44.433209465,-22.251408333],[-44.394796668,-22.258906945],[-44.387588977,-22.272504823],[-44.362022486,-22.251973215],[-44.322348929,-22.26112733],[-44.291509622,-22.24306137],[-44.263506145,-22.243435925],[-44.260575279,-22.267868033],[-44.235242187,-22.266394802],[-44.177288233,-22.226563534],[-44.163649003,-22.233054492],[-44.148414423,-22.212588802],[-44.141683956,-22.220386579],[-44.1213924,-22.208952338],[-44.12328394,-22.187691871],[-44.103837581,-22.184085777],[-44.100419535,-22.173134756],[-44.08721194,-22.184594614],[-44.069458012,-22.162814249],[-44.026583105,-22.151000421],[-44.004371337,-22.162637263],[-43.964881291,-22.139352516],[-43.879651375,-22.114021367],[-43.879197848,-22.09951956],[-43.842370494,-22.099641098],[-43.765705447,-22.062175472],[-43.760440108,-22.081422721],[-43.734137343,-22.097086963],[-43.691315935,-22.070858857],[-43.672090809,-22.090349462],[-43.64642781,-22.064852388],[-43.612888926,-22.08229659],[-43.585666236,-22.05153418],[-43.584029113,-22.07112434],[-43.561142586,-22.088435799],[-43.512360764,-22.05918883],[-43.503822803,-22.07520227],[-43.448247514,-22.067086842],[-43.348310321,-22.002114684],[-43.339656896,-22.010432062],[-43.319945059,-22.00555544],[-43.302243306,-22.021008436],[-43.245467,-22.006574108],[-43.221511628,-22.033760915],[-43.201337549,-22.025832692],[-43.20294773,-22.037437169],[-43.169574359,-22.021810478],[-43.153638971,-22.032979477],[-43.128535698,-22.029311764],[-43.133374726,-22.058409675],[-43.154735756,-22.077542241],[-43.136888355,-22.109401165],[-43.111461114,-22.083765559],[-43.078145753,-22.083055777],[-43.074129015,-22.09334934],[-43.033161161,-22.065904859],[-43.039152142,-22.044594499],[-42.989804296,-22.034228273],[-42.900034943,-21.98483742],[-42.881427471,-21.959266186],[-42.787790311,-21.929569797],[-42.373579521,-21.745848809],[-42.333462062,-21.745848809],[-42.269429011,-21.716983067],[-42.273757962,-21.67740808],[-42.283366414,-21.680952768],[-42.30134101,-21.654922065],[-42.340131487,-21.661973859],[-42.34802583,-21.641801997],[-42.369601498,-21.640094308],[-42.355477561,-21.625045511],[-42.369119437,-21.619455779],[-42.324772005,-21.569443555],[-42.330433667,-21.559842865],[-42.309412915,-21.551486092],[-42.306304724,-21.529084656],[-42.285601067,-21.528120159],[-42.254615402,-21.486978146],[-42.27098301,-21.466052107],[-42.292124921,-21.459238115],[-42.275311701,-21.404179385],[-42.237519226,-21.402162463],[-42.251975367,-21.387197055],[-42.230024234,-21.366494531],[-42.236829734,-21.345199091],[-42.224234322,-21.337813087],[-42.237972355,-21.31945245],[-42.228636766,-21.282059868],[-42.189724875,-21.250505956],[-42.188092559,-21.230390804],[-42.202934074,-21.220446234],[-42.194433477,-21.201737387],[-42.208074387,-21.178224714],[-42.170647616,-21.128644411],[-42.164026886,-21.101060114],[-42.140215489,-21.103471993],[-42.101065029,-21.034173921],[-42.079920264,-21.035103084],[-42.084809368,-21.022989922],[-42.141363268,-20.992640924],[-42.150949977,-20.974028955],[-42.138036694,-20.960048924],[-42.115298089,-20.959010247],[-42.093794667,-20.935625977],[-42.065862676,-20.93899466],[-42.02305955,-20.925129333],[-41.976152268,-20.935792441],[-41.954376394,-20.865267694],[-41.926707009,-20.838789836],[-41.935620996,-20.827705326],[-41.928736251,-20.794327298],[-41.901201911,-20.796248804],[-41.874738201,-20.765934254],[-41.874120796,-20.744156688],[-41.856556574,-20.747687412],[-41.863352888,-20.710910488],[-41.827644338,-20.656409515],[-41.807297337,-20.643690959],[-41.821197949,-20.637131729],[-41.817413915,-20.624538677],[-41.856694292,-20.615766687],[-41.828391198,-20.557296182],[-41.804450572,-20.543411023],[-41.825422757,-20.483258849],[-41.799435567,-20.477283344],[-41.803390424,-20.422237865],[-41.834310416,-20.411457677],[-41.845058064,-20.377363006],[-41.859511632,-20.372842559],[-41.847498297,-20.32800618],[-41.836477906,-20.330379334],[-41.825093597,-20.31238754],[-41.779983218,-20.292293035],[-41.756753686,-20.206865963],[-41.411140354,-20.207369559],[-41.409091776,-20.197699448],[-41.382114496,-20.188813112],[-41.30910668,-20.01637064],[-41.320015,-19.980026879],[-41.302693351,-19.938060877],[-41.244470197,-19.93734185],[-41.228044715,-19.904985111],[-41.185188247,-19.889933827],[-41.175696406,-19.83935013],[-41.186294675,-19.827666927],[-41.164105052,-19.806386815],[-41.191071581,-19.745867348],[-41.179505249,-19.740097657],[-41.168472824,-19.672222654],[-41.138626345,-19.658724673],[-41.127805296,-19.641610954],[-41.108601366,-19.639466761],[-41.090881571,-19.596343171],[-41.074109821,-19.598663777],[-41.071917737,-19.584408165],[-41.0368602,-19.570456972],[-41.046692703,-19.487399739],[-41.014482834,-19.506391227],[-40.972238173,-19.505294999],[-40.944693411,-19.460960356],[-40.968240086,-19.425738629],[-40.957168754,-19.398844537],[-40.928443323,-19.381884925],[-40.938467899,-19.346065521],[-40.907692703,-19.308812724],[-40.93132772,-19.299841463],[-40.928058154,-19.286111006],[-40.944442624,-19.28063238],[-40.919953869,-19.271430543],[-40.916180409,-19.258932303],[-40.93864837,-19.249382553],[-40.942163637,-19.233812437],[-40.922667742,-19.204089397],[-40.925931657,-19.189697695],[-40.941086127,-19.180573774],[-40.943999757,-19.144004554],[-40.961948111,-19.14406183],[-40.960622651,-19.122927116],[-40.984760417,-19.100717835],[-41.008743703,-19.099329911],[-41.012604388,-19.075801658],[-41.054622939,-19.068405399],[-41.071575667,-19.025649333],[-41.066464023,-19.006211241],[-41.016912853,-18.97464056],[-41.040640146,-18.980670142],[-41.061495384,-18.967690165],[-41.067301414,-18.942423902],[-41.078619405,-18.947690502],[-41.079242258,-18.938538371],[-41.118171703,-18.921770291],[-41.119584916,-18.903449351],[-41.152958334,-18.88660909],[-41.163482293,-18.859503206],[-41.199007348,-18.863334434],[-41.208425081,-18.855047145],[-41.21478438,-18.877639801],[-41.243582406,-18.852749067],[-41.24547747,-18.821959067],[-41.232544392,-18.797278795],[-41.134130218,-18.796041328],[-41.110506539,-18.838937362],[-41.097473644,-18.842310977],[-40.963913459,-18.841170076],[-40.915921867,-18.812658163],[-40.940004219,-18.77028616],[-40.941497578,-18.689294675],[-40.987820944,-18.678135946],[-41.029663826,-18.645818228],[-41.04441931,-18.648279614],[-41.052920457,-18.631199025],[-41.032493861,-18.618105571],[-41.041988537,-18.60540308],[-41.015879258,-18.476754422],[-41.02064937,-18.458599239],[-41.182092461,-18.439254547],[-41.16666904,-18.415217292],[-41.143754423,-18.406463826],[-41.160448009,-18.402798293],[-41.162540442,-18.390763653],[-41.145885076,-18.373862817],[-41.158920654,-18.308243451],[-41.096473535,-18.255577662],[-41.102744245,-18.236966133],[-41.091724408,-18.228045121],[-41.1044479,-18.213276764],[-41.092734479,-18.195401325],[-41.056454286,-18.178840765],[-41.056084607,-18.166621079],[-41.03533466,-18.162795273],[-41.033813731,-18.172111778],[-41.028104427,-18.157672885],[-41.014589474,-18.157579417],[-40.98947707,-18.17064928],[-40.980323905,-18.141364136],[-40.954537364,-18.154494397],[-40.950003844,-18.129286552],[-40.932209592,-18.136483474],[-40.893109355,-18.107878302],[-40.889010814,-18.124016057],[-40.877555079,-18.119429338],[-40.845075827,-18.149813018],[-40.771496051,-18.15594001],[-40.773303346,-18.107562651],[-40.902823047,-17.98771222],[-40.882717039,-17.970551075],[-40.86313152,-17.988316865],[-40.830552882,-17.954180002],[-40.824970921,-17.963698025],[-40.809246252,-17.952321751],[-40.798468839,-17.956946427],[-40.795003242,-17.98173966],[-40.771199779,-17.981061522],[-40.771768455,-18.003388075],[-40.750767568,-18.009908807],[-40.725768952,-18.001217221],[-40.703683428,-18.023727033],[-40.626151905,-17.991053927],[-40.613448403,-17.939730786],[-40.587161348,-17.939020841],[-40.58471193,-17.918166564],[-40.527037837,-17.891944637],[-40.503332861,-17.910679153],[-40.48412949,-17.908644735],[-40.464186648,-17.928203105],[-40.453871732,-17.918810624],[-40.355611966,-17.930454821],[-40.3455218,-17.923782028],[-40.222350609,-17.980417387],[-40.226822943,-17.958259782],[-40.259799652,-17.940021784],[-40.263547468,-17.922023349],[-40.212657664,-17.895794133],[-40.174127291,-17.851561216],[-40.181660793,-17.835975182],[-40.203863864,-17.829664071],[-40.204517843,-17.805329527],[-40.21807567,-17.795659048],[-40.220796649,-17.737247429],[-40.25590531,-17.719546226],[-40.280361858,-17.722786576],[-40.299020573,-17.674567643],[-40.322824728,-17.6613147],[-40.321824854,-17.643708254],[-40.34670137,-17.611999334],[-40.354658132,-17.644272264],[-40.371962463,-17.612458002],[-40.39681174,-17.625605291],[-40.414469228,-17.610096355],[-40.410684312,-17.568227286],[-40.432079912,-17.567563443],[-40.44374041,-17.579012269],[-40.460414858,-17.568502234],[-40.489062416,-17.519789666],[-40.483000092,-17.48851297],[-40.520941442,-17.458348556],[-40.520579045,-17.444811283],[-40.554159076,-17.435567899],[-40.57008174,-17.415891468],[-40.597506501,-17.420633261],[-40.623475114,-17.405980699],[-40.59866442,-17.389636492],[-40.605793958,-17.359967421],[-40.592727109,-17.345473097],[-40.60902515,-17.326968371],[-40.547750901,-17.283706279],[-40.572249873,-17.251372761],[-40.552383881,-17.1991531],[-40.577745888,-17.167959973],[-40.5566075,-17.09681108],[-40.571414287,-17.063885495],[-40.545443295,-16.98419968],[-40.515940246,-16.962715261],[-40.491205524,-16.884490034],[-40.460385088,-16.878455175],[-40.448936895,-16.892364814],[-40.43161705,-16.887377255],[-40.415716682,-16.899500619],[-40.366485049,-16.874172253],[-40.331523033,-16.908027289],[-40.302773831,-16.892243618],[-40.293459578,-16.904628641],[-40.281637051,-16.901183641],[-40.266026029,-16.860313409],[-40.252121488,-16.860050635],[-40.246907059,-16.845739482],[-40.257802532,-16.806540973],[-40.270076443,-16.79532942],[-40.282798945,-16.803988612],[-40.323605464,-16.801269173],[-40.345493614,-16.787267521],[-40.310166697,-16.736215487],[-40.302356178,-16.708178197],[-40.31298794,-16.675434116],[-40.28349334,-16.587447845],[-40.275490075,-16.573417673],[-40.247025708,-16.573562259],[-40.234127588,-16.557932312],[-40.212024189,-16.573123116],[-40.15789741,-16.579454856],[-40.153557468,-16.561688417],[-40.174936853,-16.537232379],[-40.170781114,-16.523621966],[-40.116545575,-16.466499607],[-40.098664089,-16.421210054],[-40.097047851,-16.448046714],[-40.083981337,-16.463926471],[-40.06918304,-16.460725716],[-40.025216129,-16.357362219],[-39.995523492,-16.330665774],[-39.991102018,-16.31273431],[-39.97838947,-16.311136816],[-39.96667272,-16.327209207],[-39.952239676,-16.297855108],[-39.91667828,-16.283842771],[-39.936521146,-16.245780821],[-39.912633256,-16.210305942],[-39.883390601,-16.194693005],[-39.882937585,-16.163780146],[-39.896956547,-16.141603993],[-39.880514185,-16.143745366],[-39.85727362,-16.115695302],[-39.882003385,-16.068032995],[-39.93568617,-16.023747893],[-39.914797935,-15.999993391],[-39.955746425,-15.991428294],[-39.963960049,-16.005331687],[-39.992050393,-15.995001334],[-40.004436508,-16.001838196],[-40.000969141,-15.994675638],[-40.013690666,-15.984006454],[-40.022579796,-15.990446994],[-40.045773515,-15.962356301],[-40.06619468,-15.960208254],[-40.066133229,-15.939764841],[-40.078830247,-15.940923794],[-40.065716934,-15.910827991],[-40.080907833,-15.924097654],[-40.08499661,-15.897120558],[-40.105349895,-15.912050058],[-40.140572262,-15.898888422],[-40.170715085,-15.907530357],[-40.166104227,-15.868377241],[-40.200074002,-15.862509809],[-40.231111321,-15.80384712],[-40.336103163,-15.82432993],[-40.371494292,-15.814371614],[-40.376860269,-15.82352264],[-40.425033808,-15.805708351],[-40.432470201,-15.778653191],[-40.461428583,-15.753231737],[-40.480939378,-15.775188615],[-40.509539548,-15.768381331],[-40.518281185,-15.797510365],[-40.562509417,-15.803263641],[-40.573127329,-15.788074408],[-40.56741737,-15.775923061],[-40.593099937,-15.771746708],[-40.606601557,-15.736756384],[-40.629388739,-15.715712667],[-40.644946588,-15.728859404],[-40.682308695,-15.699021243],[-40.700575211,-15.667309001],[-40.741362217,-15.680250552],[-40.739860824,-15.703646706],[-40.767663679,-15.714079375],[-40.783284858,-15.701375082],[-40.78131043,-15.678965521],[-40.822110441,-15.646007049],[-40.842033152,-15.683224611],[-40.88155686,-15.694470757],[-40.902569707,-15.691842132],[-40.914331726,-15.660977554],[-40.963125113,-15.648400301],[-40.97961072,-15.691661369],[-41.00605945,-15.713837349],[-41.036272937,-15.713816547],[-41.053420335,-15.725114566],[-41.077557868,-15.71928795],[-41.092894649,-15.738681443],[-41.128634898,-15.746769644],[-41.142530206,-15.772047002],[-41.215396413,-15.737165861],[-41.268561735,-15.748703969],[-41.292947729,-15.739005451],[-41.331206098,-15.744673363],[-41.356422745,-15.500286135],[-41.800710057,-15.10109712],[-41.870430579,-15.115180104],[-41.880269238,-15.137350377],[-41.926627415,-15.160791296],[-41.932536539,-15.17450167],[-41.987793509,-15.168328876],[-41.997503147,-15.158889985],[-42.09162087,-15.186605387],[-42.116306163,-15.144120119],[-42.149906745,-15.120349475],[-42.153347329,-15.099358858],[-42.173319797,-15.08595402],[-42.192599093,-15.103118439],[-42.22743108,-15.099266447],[-42.264796537,-15.12517856],[-42.333517342,-15.079052737],[-42.354907032,-15.098203129],[-42.374470381,-15.071333737],[-42.396491675,-15.07799163],[-42.440938473,-15.062362563],[-42.436800413,-15.022716018],[-42.475911553,-15.017040429],[-42.53488243,-14.966586036],[-42.5606855,-14.96229724],[-42.59896894,-14.924097846],[-42.626491688,-14.945146241],[-42.659693602,-14.91043825],[-42.695410901,-14.900417764],[-42.704163458,-14.882828273],[-42.723359775,-14.88561236],[-42.747219374,-14.86775472],[-42.755137769,-14.846421427],[-42.820247221,-14.820628641],[-42.872391071,-14.775362885],[-42.868438833,-14.767025241],[-42.903830324,-14.761956123],[-42.912197791,-14.744471919],[-42.927053006,-14.744140188],[-42.938880226,-14.708029574],[-43.010947273,-14.701662154],[-43.026889493,-14.686019446],[-43.055671516,-14.690940081],[-43.06638923,-14.680559223],[-43.083936455,-14.698272572],[-43.103976974,-14.673937098],[-43.116304052,-14.678854536],[-43.12749737,-14.665679993],[-43.151496421,-14.666334057],[-43.176349835,-14.650543841],[-43.179181054,-14.660978092],[-43.198694588,-14.649624922],[-43.207664571,-14.658354606],[-43.266081626,-14.661481568],[-43.288324412,-14.676112382],[-43.311227371,-14.669748095],[-43.34650369,-14.696069108],[-43.378976564,-14.701380699],[-43.414691053,-14.724232505],[-43.434888971,-14.723038281],[-43.46127224,-14.746228495],[-43.462838594,-14.765886504],[-43.481254329,-14.767897741],[-43.469698317,-14.787348468],[-43.511162858,-14.796574542],[-43.50975084,-14.807599802],[-43.529757037,-14.815944843],[-43.537173978,-14.783507649],[-43.573782562,-14.765163339],[-43.580616383,-14.750813877],[-43.611247692,-14.760548749],[-43.659030838,-14.744873274],[-43.687173439,-14.721407467],[-43.719861686,-14.729538858],[-43.712009573,-14.716450105],[-43.723287595,-14.69953162],[-43.755512388,-14.700835144],[-43.785662242,-14.685719003],[-43.859200998,-14.674298825],[-43.883060657,-14.653972667],[-43.877146745,-14.640328349],[-43.885786605,-14.635425723],[-43.874626522,-14.636765444],[-43.881754245,-14.629439851],[-43.870063814,-14.612827579],[-43.887230056,-14.58517919],[-43.873877255,-14.520583568],[-43.831964646,-14.443007177],[-43.819387919,-14.389305114],[-43.783186733,-14.339233715],[-43.822314881,-14.323029736],[-43.820255227,-14.31163633],[-43.84722672,-14.321737267],[-43.852703722,-14.307936313],[-43.880395801,-14.31214114],[-43.891952993,-14.293287239],[-43.911585934,-14.305044324],[-43.935067983,-14.295679678],[-43.942139895,-14.305096468],[-43.946289477,-14.289954777],[-43.956137843,-14.299717094],[-43.969587494,-14.274023921],[-43.980840982,-14.282148515],[-43.997649627,-14.26540438],[-44.034621041,-14.289028386],[-44.057428226,-14.277612167],[-44.073398581,-14.285665595],[-44.07445124,-14.270639636],[-44.08828683,-14.278076292],[-44.08692184,-14.268428393],[-44.099394507,-14.273460752],[-44.112594436,-14.258728298],[-44.135616987,-14.282185435],[-44.143618543,-14.278492314],[-44.13726483,-14.264151359],[-44.160334483,-14.257759573],[-44.170380266,-14.268695017],[-44.201288738,-14.254476135],[-44.215332566,-14.233180666],[-44.218059027,-14.244980232],[-44.240619835,-14.240687328],[-44.238707839,-14.258006007],[-44.247485721,-14.251634484],[-44.247505282,-14.260118322],[-44.268617206,-14.246595984],[-44.302337986,-14.253242481],[-44.316483206,-14.24034915],[-44.361588722,-14.272812581],[-44.428600626,-14.286635502],[-44.439900742,-14.303662025],[-44.48717703,-14.328519652],[-44.510843577,-14.322687852],[-44.540544562,-14.331771513],[-44.54512049,-14.343063259],[-44.565565211,-14.340059957],[-44.564570836,-14.348602016],[-44.625595113,-14.376109915],[-44.633598659,-14.394472578],[-44.658878359,-14.395757314],[-44.658041903,-14.416364345],[-44.667985817,-14.423850652],[-44.688353155,-14.416680883],[-44.701292955,-14.44978813],[-44.723819245,-14.449054668],[-44.756742566,-14.478380541],[-44.794365983,-14.487851533],[-44.794325342,-14.496589837],[-44.818266261,-14.490195686],[-44.813815291,-14.504659736],[-44.833238202,-14.499827842],[-44.822573594,-14.514798728],[-44.836292983,-14.518488135],[-44.834889935,-14.535924455],[-44.82435454,-14.539376889],[-44.8471085,-14.545486174],[-44.858794916,-14.571522306],[-44.847415769,-14.575709446],[-44.84390707,-14.566310492],[-44.843386649,-14.580838155],[-44.861983437,-14.57920443],[-44.875958484,-14.599662497],[-44.876572342,-14.592065351],[-44.910210041,-14.603550252],[-44.916680169,-14.6196603],[-44.980597153,-14.643503236],[-44.973938978,-14.652103617],[-44.985933867,-14.662133758],[-45.039511443,-14.67985109],[-45.082772659,-14.748766719],[-45.136289564,-14.747416753],[-45.163604123,-14.732384487],[-45.191298901,-14.74971179],[-45.205573677,-14.744738944],[-45.241961945,-14.786528917],[-45.271183716,-14.798822777],[-45.288740823,-14.818109149],[-45.285689458,-14.83247781],[-45.316436313,-14.831369054],[-45.316420427,-14.85125517],[-45.352871746,-14.864105723],[-45.35194012,-14.876082773],[-45.363975789,-14.87169548],[-45.370743079,-14.89413212],[-45.399796366,-14.917501334],[-45.434468786,-14.921751114],[-45.455994317,-14.954260658],[-45.490051532,-14.960762678],[-45.498491574,-14.946381642],[-45.514905828,-14.95406509],[-45.534728989,-14.938257572],[-45.56425373,-14.943601871],[-45.623288053,-15.020257084],[-45.643533791,-15.016700057],[-45.6461742,-15.032060269],[-45.647333679,-15.023413715],[-45.657058589,-15.027349268],[-45.655818875,-15.048529984],[-45.674811865,-15.080542558],[-45.717037958,-15.093909938],[-45.722184161,-15.112771919],[-45.75110946,-15.122582171],[-45.825390647,-15.116376454],[-45.834998205,-15.137362434],[-45.871247021,-15.158810884],[-45.918724731,-15.133369656],[-45.95374972,-15.139529118],[-45.972470074,-15.154716283],[-45.984505303,-15.195961038],[-46.029523684,-15.201808336],[-46.052626359,-15.259189832],[-46.077081842,-15.264681801],[-46.081250872,-15.24851574],[-46.097088289,-15.24311135],[-46.098817323,-15.216785845],[-46.120722323,-15.195194939],[-46.050415652,-15.167681183],[-46.04372019,-15.118129572],[-46.028476612,-15.114110199],[-46.018497175,-15.081301288],[-45.975494077,-15.038881559],[-45.978521549,-14.998580158],[-45.966253475,-14.977067598],[-45.971748107,-14.949122985],[-46.008392032,-14.924022664],[-46.003880004,-14.902289797],[-46.039378504,-14.875251519],[-46.062340785,-14.907989846],[-46.079336057,-14.904843094],[-46.084836198,-14.932019926],[-46.096192661,-14.938767898],[-46.110393031,-14.937015213],[-46.120300114,-14.920058568],[-46.14574807,-14.926515173],[-46.161420614,-14.906172732],[-46.161553725,-14.931048219],[-46.175550547,-14.949425184],[-46.205807145,-14.937163503],[-46.224468801,-14.941731449],[-46.233702115,-14.921528192],[-46.286864755,-14.928145712],[-46.294670011,-14.90861312],[-46.319335817,-14.90043901],[-46.300472462,-14.858078701],[-46.32491724,-14.847787608],[-46.322199867,-14.814580294],[-46.365783618,-14.795406034],[-46.447361748,-14.731676864],[-46.463139717,-14.731174375],[-46.469029467,-14.708217653],[-46.501113683,-14.703025897],[-46.510281782,-14.738260626],[-46.544192206,-14.753012387],[-46.543228097,-14.768673181],[-46.566281779,-14.788395655],[-46.560256169,-14.820655837],[-46.533894947,-14.828270607],[-46.521555999,-14.85117951],[-46.546535949,-14.925444478],[-46.540837548,-14.95160356],[-46.517288626,-14.972864602],[-46.530810694,-15.005278544],[-46.503608073,-15.053433332],[-46.551319684,-15.063875641],[-46.575308425,-15.083631868],[-46.628059541,-15.08949049],[-46.726477063,-15.038415464],[-46.844341956,-15.009081673],[-46.920591843,-15.05085905],[-46.926037414,-15.073562413],[-46.897763395,-15.094217236],[-46.888443071,-15.115644857],[-46.937346925,-15.205019801],[-46.940866606,-15.23070156],[-46.927655345,-15.255095316],[-46.891484558,-15.235259605],[-46.889318348,-15.282246914],[-46.875336944,-15.283923322],[-46.835675834,-15.325127735],[-46.869480259,-15.361474164],[-46.8494784,-15.373163954],[-46.911929536,-15.411545539],[-46.929313312,-15.439939655],[-46.948687994,-15.557844407],[-46.917747597,-15.590007772],[-46.854883477,-15.618300545],[-46.855702655,-15.683124484],[-46.827147527,-15.729971153],[-46.813148974,-15.787204278],[-46.824507937,-15.8123262],[-46.807499122,-15.880775991],[-47.052789931,-15.93791487],[-47.085165989,-15.96149278],[-47.125657883,-15.94379014],[-47.134569444,-15.950188901],[-47.131514538,-15.93425115],[-47.14195362,-15.926636762],[-47.168601053,-15.952226527],[-47.170256941,-15.973203912],[-47.186935903,-15.971306648],[-47.185111516,-15.982905029],[-47.207801132,-15.987461128],[-47.219529255,-16.014243799],[-47.254078585,-16.019192798],[-47.276535412,-16.006165475],[-47.300501636,-16.017052176],[-47.310006188,-16.036273508],[-47.308504115,-16.049971389]]]},"properties":{"CD_UF":31,"NM_UF":"Minas Gerais","SIGLA_UF":"MG","NM_REGIAO":"Sudeste","color":"yellow"},"id":16},{"type":"Feature","geometry":{"type":"MultiPolygon","coordinates":[[[[-29.33711336,-20.488018702],[-29.344609509,-20.507170501],[-29.331768876,-20.525535552],[-29.299583794,-20.526655958],[-29.33711336,-20.488018702]]],[[[-40.222350609,-17.980417387],[-40.3455218,-17.923782028],[-40.355611966,-17.930454821],[-40.453871732,-17.918810624],[-40.464186648,-17.928203105],[-40.48412949,-17.908644735],[-40.503332861,-17.910679153],[-40.527037837,-17.891944637],[-40.58471193,-17.918166564],[-40.587161348,-17.939020841],[-40.613448403,-17.939730786],[-40.626151905,-17.991053927],[-40.703683428,-18.023727033],[-40.725768952,-18.001217221],[-40.750767568,-18.009908807],[-40.771768455,-18.003388075],[-40.771199779,-17.981061522],[-40.795003242,-17.98173966],[-40.798468839,-17.956946427],[-40.809246252,-17.952321751],[-40.824970921,-17.963698025],[-40.830552882,-17.954180002],[-40.86313152,-17.988316865],[-40.882717039,-17.970551075],[-40.902823047,-17.98771222],[-40.773303346,-18.107562651],[-40.771496051,-18.15594001],[-40.845075827,-18.149813018],[-40.877555079,-18.119429338],[-40.889010814,-18.124016057],[-40.893109355,-18.107878302],[-40.932209592,-18.136483474],[-40.950003844,-18.129286552],[-40.954537364,-18.154494397],[-40.980323905,-18.141364136],[-40.98947707,-18.17064928],[-41.014589474,-18.157579417],[-41.028104427,-18.157672885],[-41.033813731,-18.172111778],[-41.03533466,-18.162795273],[-41.056084607,-18.166621079],[-41.056454286,-18.178840765],[-41.092734479,-18.195401325],[-41.1044479,-18.213276764],[-41.091724408,-18.228045121],[-41.102744245,-18.236966133],[-41.096473535,-18.255577662],[-41.158920654,-18.308243451],[-41.145885076,-18.373862817],[-41.162540442,-18.390763653],[-41.160448009,-18.402798293],[-41.143754423,-18.406463826],[-41.16666904,-18.415217292],[-41.182092461,-18.439254547],[-41.02064937,-18.458599239],[-41.015879258,-18.476754422],[-41.041988537,-18.60540308],[-41.032493861,-18.618105571],[-41.052920457,-18.631199025],[-41.04441931,-18.648279614],[-41.029663826,-18.645818228],[-40.987820944,-18.678135946],[-40.941497578,-18.689294675],[-40.940004219,-18.77028616],[-40.915921867,-18.812658163],[-40.963913459,-18.841170076],[-41.097473644,-18.842310977],[-41.110506539,-18.838937362],[-41.134130218,-18.796041328],[-41.232544392,-18.797278795],[-41.24547747,-18.821959067],[-41.243582406,-18.852749067],[-41.21478438,-18.877639801],[-41.208425081,-18.855047145],[-41.199007348,-18.863334434],[-41.163482293,-18.859503206],[-41.152958334,-18.88660909],[-41.119584916,-18.903449351],[-41.118171703,-18.921770291],[-41.079242258,-18.938538371],[-41.078619405,-18.947690502],[-41.067301414,-18.942423902],[-41.061495384,-18.967690165],[-41.040640146,-18.980670142],[-41.016912853,-18.97464056],[-41.066464023,-19.006211241],[-41.071575667,-19.025649333],[-41.054622939,-19.068405399],[-41.012604388,-19.075801658],[-41.008743703,-19.099329911],[-40.984760417,-19.100717835],[-40.960622651,-19.122927116],[-40.961948111,-19.14406183],[-40.943999757,-19.144004554],[-40.941086127,-19.180573774],[-40.925931657,-19.189697695],[-40.922667742,-19.204089397],[-40.942163637,-19.233812437],[-40.93864837,-19.249382553],[-40.916180409,-19.258932303],[-40.919953869,-19.271430543],[-40.944442624,-19.28063238],[-40.928058154,-19.286111006],[-40.93132772,-19.299841463],[-40.907692703,-19.308812724],[-40.938467899,-19.346065521],[-40.928443323,-19.381884925],[-40.957168754,-19.398844537],[-40.968240086,-19.425738629],[-40.944693411,-19.460960356],[-40.972238173,-19.505294999],[-41.014482834,-19.506391227],[-41.046692703,-19.487399739],[-41.0368602,-19.570456972],[-41.071917737,-19.584408165],[-41.074109821,-19.598663777],[-41.090881571,-19.596343171],[-41.108601366,-19.639466761],[-41.127805296,-19.641610954],[-41.138626345,-19.658724673],[-41.168472824,-19.672222654],[-41.179505249,-19.740097657],[-41.191071581,-19.745867348],[-41.164105052,-19.806386815],[-41.186294675,-19.827666927],[-41.175696406,-19.83935013],[-41.185188247,-19.889933827],[-41.228044715,-19.904985111],[-41.244470197,-19.93734185],[-41.302693351,-19.938060877],[-41.320015,-19.980026879],[-41.30910668,-20.01637064],[-41.382114496,-20.188813112],[-41.409091776,-20.197699448],[-41.411140354,-20.207369559],[-41.756753686,-20.206865963],[-41.779983218,-20.292293035],[-41.825093597,-20.31238754],[-41.836477906,-20.330379334],[-41.847498297,-20.32800618],[-41.859511632,-20.372842559],[-41.845058064,-20.377363006],[-41.834310416,-20.411457677],[-41.803390424,-20.422237865],[-41.799435567,-20.477283344],[-41.825422757,-20.483258849],[-41.804450572,-20.543411023],[-41.828391198,-20.557296182],[-41.856694292,-20.615766687],[-41.817413915,-20.624538677],[-41.821197949,-20.637131729],[-41.807297337,-20.643690959],[-41.827644338,-20.656409515],[-41.863352888,-20.710910488],[-41.856556574,-20.747687412],[-41.874120796,-20.744156688],[-41.874738201,-20.765934254],[-41.852166046,-20.763759283],[-41.824384532,-20.788296982],[-41.827899606,-20.797112922],[-41.805791941,-20.797519812],[-41.813760195,-20.80551067],[-41.781683736,-20.797610232],[-41.755103299,-20.806816059],[-41.73965323,-20.818014689],[-41.74126554,-20.872914578],[-41.727371041,-20.86375439],[-41.711786144,-20.868997767],[-41.72634094,-20.892389472],[-41.722367913,-20.92325279],[-41.737431709,-20.930841516],[-41.717405541,-20.95304488],[-41.710014079,-20.991033664],[-41.721421476,-21.002013328],[-41.716188917,-21.047051017],[-41.723235391,-21.055637848],[-41.729347858,-21.049627066],[-41.732767526,-21.066053146],[-41.721563218,-21.073299226],[-41.736279278,-21.101430211],[-41.705184216,-21.1094739],[-41.717065162,-21.125279049],[-41.704943468,-21.127794872],[-41.694157928,-21.115372242],[-41.678400543,-21.133502927],[-41.663153075,-21.124701553],[-41.654085316,-21.142167567],[-41.612589518,-21.157000943],[-41.58674792,-21.149474288],[-41.564623119,-21.183744858],[-41.55608858,-21.172393559],[-41.548288324,-21.183299473],[-41.517075262,-21.18771721],[-41.51155008,-21.175836265],[-41.498260755,-21.185129162],[-41.486524258,-21.179892879],[-41.471690029,-21.202742608],[-41.446170702,-21.215481408],[-41.376648569,-21.195796263],[-41.325785253,-21.218559307],[-41.316183861,-21.213545652],[-41.297297474,-21.235072726],[-41.26082679,-21.236788564],[-41.241368457,-21.220360328],[-41.190599123,-21.248750754],[-41.182956951,-21.23607059],[-41.155891721,-21.245081534],[-41.13630076,-21.226858608],[-41.092017537,-21.218194235],[-41.041333595,-21.254947335],[-41.024905224,-21.245802699],[-41.004740411,-21.251099872],[-40.995795225,-21.286189793],[-40.979161119,-21.279976989],[-40.961042426,-21.301119919],[-40.949965527,-21.229611629],[-40.914477871,-21.172593976],[-40.858423519,-21.127630171],[-40.829797592,-21.047597131],[-40.812128882,-21.033119752],[-40.799390548,-21.003195276],[-40.810676907,-20.989789379],[-40.80632256,-20.95014389],[-40.754653819,-20.858697911],[-40.693221859,-20.834652189],[-40.653318549,-20.805872744],[-40.629126721,-20.818680074],[-40.627884366,-20.840982345],[-40.607817112,-20.805992337],[-40.586457552,-20.806602961],[-40.569465954,-20.78806087],[-40.576062635,-20.774189397],[-40.556720277,-20.746471512],[-40.541565259,-20.73826045],[-40.537292732,-20.745281427],[-40.520140935,-20.729749001],[-40.511887342,-20.693714198],[-40.491292229,-20.669002883],[-40.497176932,-20.662612863],[-40.481159788,-20.652413298],[-40.466309803,-20.65749278],[-40.464335657,-20.623939969],[-40.448779311,-20.626067578],[-40.450078155,-20.637852055],[-40.423026232,-20.635899851],[-40.393581281,-20.56009287],[-40.358853502,-20.519288194],[-40.312790723,-20.389441532],[-40.268077588,-20.329311637],[-40.276170834,-20.309962981],[-40.290039626,-20.307637754],[-40.276240923,-20.300400334],[-40.290601496,-20.30150417],[-40.28912351,-20.283779884],[-40.258472844,-20.265839742],[-40.247556342,-20.293507788],[-40.231264631,-20.291354756],[-40.240503422,-20.300983533],[-40.230053087,-20.295127632],[-40.230916744,-20.266719976],[-40.192011713,-20.199519608],[-40.171963523,-20.107236394],[-40.173830912,-20.074904397],[-40.19191141,-20.054344889],[-40.183630881,-20.039707515],[-40.158914523,-20.035882247],[-40.132429351,-19.966602426],[-40.153045131,-19.949912473],[-40.099448309,-19.918664511],[-40.08298378,-19.875964295],[-40.053351898,-19.849938699],[-40.062524218,-19.844209911],[-40.054285996,-19.843165484],[-40.053675477,-19.812845433],[-39.988981035,-19.74371621],[-39.904331064,-19.68287906],[-39.810802381,-19.649612858],[-39.731082007,-19.469852269],[-39.701063889,-19.386155477],[-39.689119599,-19.29511095],[-39.742794116,-18.93608353],[-39.746007822,-18.696259731],[-39.728387102,-18.611084242],[-39.723933852,-18.494545235],[-39.667818742,-18.337185073],[-39.674226849,-18.32474245],[-40.222350609,-17.980417387]]]]},"properties":{"CD_UF":32,"NM_UF":"Espírito Santo","SIGLA_UF":"ES","NM_REGIAO":"Sudeste","color":"yellow"}},{"type":"Feature","geometry":{"type":"MultiPolygon","coordinates":[[[[-44.683430476,-23.151162597],[-44.694918043,-23.156167543],[-44.692187029,-23.169605461],[-44.683430476,-23.151162597]]],[[[-41.02383656,-21.605294615],[-41.045526172,-21.584928379],[-41.045911012,-21.616217952],[-41.017789803,-21.613969086],[-41.02383656,-21.605294615]]],[[[-44.5914063,-23.203709197],[-44.621245884,-23.22331182],[-44.602016965,-23.222097137],[-44.58601062,-23.209248999],[-44.5914063,-23.203709197]]],[[[-41.702194498,-22.405239965],[-41.71108851,-22.413563631],[-41.70196756,-22.420782534],[-41.702194498,-22.405239965]]],[[[-41.977591588,-22.978450502],[-42.013046615,-22.998889834],[-42.000685788,-23.016711981],[-41.974574657,-22.992163855],[-41.977591588,-22.978450502]]],[[[-44.295373695,-23.114279193],[-44.311031,-23.137608029],[-44.327667988,-23.137980249],[-44.325393396,-23.154351727],[-44.377572684,-23.17240649],[-44.357546992,-23.191600592],[-44.340614342,-23.182469722],[-44.348321884,-23.226957058],[-44.333393873,-23.223617009],[-44.316051791,-23.18397183],[-44.30133248,-23.177852431],[-44.270439731,-23.180497088],[-44.270940618,-23.197162935],[-44.253479707,-23.189281395],[-44.253586261,-23.205438998],[-44.207037297,-23.192479761],[-44.196552021,-23.20377669],[-44.181782224,-23.194093227],[-44.184722001,-23.179780045],[-44.170865345,-23.184768833],[-44.13996066,-23.167027171],[-44.123122524,-23.177289702],[-44.131781867,-23.187501258],[-44.118475408,-23.186099316],[-44.090747642,-23.167538086],[-44.107480621,-23.164906362],[-44.114464821,-23.148125746],[-44.140652744,-23.157443328],[-44.126765829,-23.119495347],[-44.163305898,-23.142153673],[-44.170402732,-23.11793138],[-44.19730398,-23.121724671],[-44.217744645,-23.109233342],[-44.189937134,-23.102716787],[-44.233560077,-23.090599575],[-44.230558375,-23.075315958],[-44.237744872,-23.092785817],[-44.259235858,-23.09870187],[-44.249907109,-23.109995037],[-44.275481831,-23.117190602],[-44.283113833,-23.13671499],[-44.297282607,-23.131392019],[-44.295373695,-23.114279193]]],[[[-43.793140978,-23.061456333],[-43.842101292,-23.05438769],[-43.912917734,-23.020876072],[-43.881018394,-23.042102751],[-43.882322757,-23.066996296],[-43.933390889,-23.05716498],[-43.954433535,-23.040926392],[-44.012044864,-23.079738741],[-44.006464953,-23.096475378],[-43.987997467,-23.102400381],[-43.934620496,-23.083100455],[-43.783664149,-23.062687314],[-43.630362986,-23.050265132],[-43.565933694,-23.057537833],[-43.614277569,-23.030968953],[-43.793140978,-23.061456333]]],[[[-44.371958471,-23.03680346],[-44.377615302,-23.031537263],[-44.391906518,-23.044744355],[-44.361936652,-23.046342824],[-44.353722139,-23.063378503],[-44.362492096,-23.071649253],[-44.345684711,-23.068795201],[-44.346687714,-23.039382891],[-44.371958471,-23.03680346]]],[[[-43.916857941,-22.991085341],[-43.937401005,-22.998678258],[-43.935454471,-23.015082082],[-43.916857941,-22.991085341]]],[[[-44.030048033,-22.996011605],[-44.05315193,-23.007118214],[-44.030593295,-23.008252129],[-44.030048033,-22.996011605]]],[[[-43.599183077,-23.028168522],[-43.602277794,-23.039044001],[-43.578480499,-23.046090163],[-43.599183077,-23.028168522]]],[[[-44.809436245,-22.40557082],[-44.755333665,-22.415269201],[-44.733942822,-22.43289577],[-44.717695991,-22.467359087],[-44.724968946,-22.483793771],[-44.711253674,-22.496259762],[-44.716220807,-22.514236191],[-44.698865719,-22.511465837],[-44.671007247,-22.536664736],[-44.677426102,-22.561500142],[-44.661532701,-22.550936129],[-44.644427613,-22.555598616],[-44.640248553,-22.608057923],[-44.622987208,-22.605123427],[-44.610797355,-22.617384266],[-44.602076008,-22.607771539],[-44.583656655,-22.626213227],[-44.574057033,-22.601733571],[-44.564086764,-22.611992722],[-44.550278978,-22.603761208],[-44.526303901,-22.619291592],[-44.535004867,-22.638107045],[-44.515599965,-22.63010656],[-44.508588432,-22.640947014],[-44.484903826,-22.603901835],[-44.464876737,-22.615969573],[-44.431474505,-22.598651764],[-44.406619657,-22.608848413],[-44.398151395,-22.602902435],[-44.409650535,-22.588430307],[-44.382397778,-22.573494188],[-44.359808366,-22.581173882],[-44.37042054,-22.589746488],[-44.35986161,-22.593054087],[-44.356023693,-22.614899292],[-44.344990275,-22.587848741],[-44.295429693,-22.598462556],[-44.285690584,-22.60973098],[-44.268735611,-22.598774253],[-44.253388189,-22.612470885],[-44.226369058,-22.604560027],[-44.219364037,-22.617536627],[-44.207425939,-22.612021667],[-44.161365164,-22.678258449],[-44.176061085,-22.705657948],[-44.203706858,-22.71741752],[-44.198960308,-22.735287341],[-44.227046522,-22.73373899],[-44.257105387,-22.766282989],[-44.256523238,-22.787490624],[-44.240140686,-22.792657986],[-44.26131146,-22.806259213],[-44.27225261,-22.832107509],[-44.29652163,-22.827876578],[-44.322434351,-22.84966667],[-44.325273962,-22.837761236],[-44.374223269,-22.858086229],[-44.418195323,-22.848112311],[-44.437644631,-22.873100005],[-44.46619158,-22.885371268],[-44.478720832,-22.850868156],[-44.495412635,-22.846956253],[-44.543651558,-22.884945075],[-44.575729535,-22.878017522],[-44.599778732,-22.890768518],[-44.607310766,-22.885236959],[-44.658994048,-22.927931211],[-44.673332434,-22.917957805],[-44.687734767,-22.93677001],[-44.713434415,-22.929875376],[-44.743820658,-22.947205613],[-44.755259533,-22.980312491],[-44.791898182,-22.981875898],[-44.817925906,-23.085722061],[-44.808813331,-23.099472871],[-44.822727177,-23.160076943],[-44.87273247,-23.182502193],[-44.889320551,-23.22659492],[-44.871992799,-23.248955073],[-44.836056392,-23.256172348],[-44.8267208,-23.291621355],[-44.807149799,-23.283485517],[-44.787421385,-23.299106885],[-44.777150156,-23.338498795],[-44.724246326,-23.367557269],[-44.732105451,-23.358891113],[-44.715933294,-23.345163247],[-44.701177404,-23.340241206],[-44.686200036,-23.352021873],[-44.675244696,-23.33588994],[-44.659788777,-23.347445455],[-44.663049643,-23.339148969],[-44.64008551,-23.330999881],[-44.628871151,-23.337409006],[-44.63435147,-23.352250511],[-44.62232359,-23.339232006],[-44.618173757,-23.351626003],[-44.606808268,-23.347926891],[-44.606900485,-23.366705017],[-44.590868985,-23.36223295],[-44.563271019,-23.332969895],[-44.555763087,-23.303567114],[-44.540340463,-23.304725528],[-44.528870348,-23.286764314],[-44.509511525,-23.301045778],[-44.502669403,-23.295239669],[-44.537993168,-23.26673341],[-44.547805024,-23.274310619],[-44.583415806,-23.268042513],[-44.560258908,-23.226378088],[-44.599243218,-23.236492538],[-44.646241057,-23.289847929],[-44.637497586,-23.301203086],[-44.648029507,-23.301904639],[-44.65727253,-23.292163221],[-44.613408053,-23.233570678],[-44.651964356,-23.23501935],[-44.669244221,-23.250267843],[-44.69237056,-23.252473013],[-44.672990965,-23.230574881],[-44.654751808,-23.227086799],[-44.663977953,-23.22801282],[-44.662709957,-23.214001152],[-44.651370595,-23.222157419],[-44.636972067,-23.210581105],[-44.640974979,-23.219233752],[-44.625118661,-23.222368403],[-44.616023444,-23.203820225],[-44.643715783,-23.196421372],[-44.643454598,-23.185224759],[-44.659051811,-23.208077986],[-44.668254524,-23.205405314],[-44.694845773,-23.232637195],[-44.713611873,-23.233631839],[-44.710297113,-23.211020062],[-44.721050235,-23.198000981],[-44.70650903,-23.185512692],[-44.716136748,-23.182411362],[-44.69831115,-23.174498737],[-44.707001658,-23.158135809],[-44.693017917,-23.146425474],[-44.699368827,-23.131488044],[-44.68819296,-23.125758268],[-44.698946179,-23.118349605],[-44.684869727,-23.072162119],[-44.668552646,-23.054168567],[-44.617841711,-23.044065197],[-44.614221541,-23.051563562],[-44.592924376,-23.046517731],[-44.596299026,-23.063958667],[-44.530538544,-23.02712772],[-44.503463651,-23.029824054],[-44.477530628,-23.005810744],[-44.441359681,-23.026596123],[-44.430568666,-23.020081181],[-44.440504088,-23.020455715],[-44.443532088,-23.006431727],[-44.424847379,-22.997607208],[-44.44118217,-22.992153569],[-44.435531502,-22.964736627],[-44.412440041,-22.940937671],[-44.414293026,-22.954095675],[-44.397218003,-22.955504566],[-44.396727399,-22.947609287],[-44.378133224,-22.957597135],[-44.383632656,-22.972705303],[-44.34948319,-22.945788807],[-44.364389998,-22.94050237],[-44.370312262,-22.948401472],[-44.364809888,-22.924204281],[-44.353372136,-22.931194333],[-44.33993089,-22.92218602],[-44.319643238,-22.936407163],[-44.334062848,-22.946818288],[-44.333284131,-22.967495613],[-44.299918781,-22.958473758],[-44.317526612,-22.985390731],[-44.329454146,-22.983359625],[-44.327676094,-22.995050728],[-44.354975878,-22.998595563],[-44.3630425,-23.018248567],[-44.351828666,-23.030317779],[-44.302934482,-23.002255991],[-44.306319023,-23.024001221],[-44.290524097,-23.024490566],[-44.273366627,-23.004022545],[-44.249355132,-22.997834215],[-44.220960898,-23.015962141],[-44.250515793,-23.050305242],[-44.23706802,-23.056533571],[-44.200593432,-23.038308735],[-44.193445324,-23.054516824],[-44.172886866,-23.048090167],[-44.170980057,-23.032988575],[-44.152606312,-23.041017759],[-44.113345687,-23.023203432],[-44.096100428,-22.995611202],[-44.082580323,-22.992990534],[-44.079318071,-22.956700636],[-44.05377475,-22.942293359],[-44.039832398,-22.95078758],[-44.055920269,-22.980828809],[-44.042940285,-22.984531284],[-44.005856944,-22.942136025],[-43.950917179,-22.92695281],[-43.910271791,-22.931016564],[-43.870941036,-22.905323927],[-43.841856854,-22.90173253],[-43.838911264,-22.911642274],[-43.854347133,-22.918756297],[-43.849357419,-22.931633559],[-43.796785539,-22.916540849],[-43.68967311,-22.991796776],[-43.674279061,-22.98030944],[-43.653200394,-23.002775059],[-43.599564046,-23.022883566],[-43.562373013,-23.053156352],[-43.572442112,-23.073264732],[-43.55183269,-23.076182621],[-43.534386641,-23.050291659],[-43.445596384,-23.0229183],[-43.35760481,-23.011121429],[-43.286432677,-23.016449786],[-43.274726913,-23.002276972],[-43.183670141,-22.986172064],[-43.185295903,-22.974224871],[-43.150235009,-22.950928642],[-43.152178491,-22.938572967],[-43.169995218,-22.952310577],[-43.180377887,-22.94793455],[-43.161537813,-22.905277928],[-43.179066196,-22.892280556],[-43.210843739,-22.897606424],[-43.215972408,-22.88634385],[-43.201385748,-22.871460886],[-43.232437511,-22.869207198],[-43.24323604,-22.842255695],[-43.266889807,-22.823484226],[-43.278629964,-22.780486309],[-43.213010042,-22.726562558],[-43.151794011,-22.708001502],[-43.127733759,-22.715018107],[-43.084640878,-22.676958566],[-43.032568134,-22.693760504],[-43.026237238,-22.743482222],[-43.068770288,-22.769892998],[-43.081532315,-22.789385633],[-43.065079277,-22.802931881],[-43.097123214,-22.828117144],[-43.11171149,-22.877508773],[-43.11383918,-22.864540325],[-43.125201587,-22.872323642],[-43.114446847,-22.881309468],[-43.134562629,-22.881574206],[-43.124572162,-22.89457388],[-43.137573915,-22.903308269],[-43.095782068,-22.915547088],[-43.098624791,-22.931574559],[-43.111907226,-22.935342253],[-43.121417792,-22.922263585],[-43.13530092,-22.937975056],[-43.117446824,-22.936735681],[-43.110429696,-22.953649568],[-43.051944836,-22.963631886],[-43.051714566,-22.981818264],[-43.004686408,-22.969718555],[-42.917700247,-22.974944591],[-42.733105829,-22.95646131],[-42.689960911,-22.962103368],[-42.674455887,-22.943724743],[-42.604746547,-22.93383962],[-42.361293317,-22.935465537],[-42.07391171,-22.955523521],[-42.037884308,-22.967178205],[-42.012766949,-22.997445223],[-42.007918364,-22.983290757],[-42.019897572,-22.971357087],[-41.994830695,-22.96186504],[-42.009468049,-22.960010113],[-42.001893855,-22.949868366],[-42.022373774,-22.96090507],[-42.02270067,-22.946393033],[-42.033687563,-22.945180585],[-42.028686206,-22.8984246],[-41.979804605,-22.873578809],[-41.986491769,-22.853261732],[-41.970817177,-22.823398373],[-41.940291968,-22.80940797],[-41.92819175,-22.814454815],[-41.921825022,-22.787116787],[-41.907989112,-22.778245707],[-41.881156532,-22.7843168],[-41.888717263,-22.770686887],[-41.877963632,-22.775846264],[-41.863772958,-22.754951261],[-41.873557656,-22.754102491],[-41.872413247,-22.737367413],[-41.885894386,-22.754422925],[-41.897788613,-22.749343654],[-41.910590736,-22.768394253],[-41.925922005,-22.770335934],[-41.954818336,-22.731712124],[-41.975898354,-22.728444835],[-41.987956613,-22.710437558],[-41.997840492,-22.609332822],[-41.962440104,-22.53520181],[-41.943732827,-22.528030179],[-41.932517616,-22.537534497],[-41.893333046,-22.48845651],[-41.861350624,-22.477044842],[-41.839133828,-22.432588361],[-41.767936317,-22.390861294],[-41.765555947,-22.376985334],[-41.777087776,-22.370696804],[-41.764678566,-22.353786251],[-41.674361795,-22.29130151],[-41.493846506,-22.215385219],[-41.211459726,-22.135717175],[-40.986919014,-22.005096219],[-40.975188822,-21.9410341],[-41.024535744,-21.725084088],[-41.012308357,-21.620984264],[-41.05023262,-21.615691554],[-41.064949161,-21.552718199],[-41.047673998,-21.586633527],[-41.073268502,-21.516778729],[-41.057330696,-21.478893065],[-40.961398691,-21.360776685],[-40.961042426,-21.301119919],[-40.979161119,-21.279976989],[-40.995795225,-21.286189793],[-41.004740411,-21.251099872],[-41.024905224,-21.245802699],[-41.041333595,-21.254947335],[-41.092017537,-21.218194235],[-41.13630076,-21.226858608],[-41.155891721,-21.245081534],[-41.182956951,-21.23607059],[-41.190599123,-21.248750754],[-41.241368457,-21.220360328],[-41.26082679,-21.236788564],[-41.297297474,-21.235072726],[-41.316183861,-21.213545652],[-41.325785253,-21.218559307],[-41.376648569,-21.195796263],[-41.446170702,-21.215481408],[-41.471690029,-21.202742608],[-41.486524258,-21.179892879],[-41.498260755,-21.185129162],[-41.51155008,-21.175836265],[-41.517075262,-21.18771721],[-41.548288324,-21.183299473],[-41.55608858,-21.172393559],[-41.564623119,-21.183744858],[-41.58674792,-21.149474288],[-41.612589518,-21.157000943],[-41.654085316,-21.142167567],[-41.663153075,-21.124701553],[-41.678400543,-21.133502927],[-41.694157928,-21.115372242],[-41.704943468,-21.127794872],[-41.717065162,-21.125279049],[-41.705184216,-21.1094739],[-41.736279278,-21.101430211],[-41.721563218,-21.073299226],[-41.732767526,-21.066053146],[-41.729347858,-21.049627066],[-41.723235391,-21.055637848],[-41.716188917,-21.047051017],[-41.721421476,-21.002013328],[-41.710014079,-20.991033664],[-41.717405541,-20.95304488],[-41.737431709,-20.930841516],[-41.722367913,-20.92325279],[-41.72634094,-20.892389472],[-41.711786144,-20.868997767],[-41.727371041,-20.86375439],[-41.74126554,-20.872914578],[-41.73965323,-20.818014689],[-41.755103299,-20.806816059],[-41.781683736,-20.797610232],[-41.813760195,-20.80551067],[-41.805791941,-20.797519812],[-41.827899606,-20.797112922],[-41.824384532,-20.788296982],[-41.852166046,-20.763759283],[-41.874738201,-20.765934254],[-41.901201911,-20.796248804],[-41.928736251,-20.794327298],[-41.935620996,-20.827705326],[-41.926707009,-20.838789836],[-41.954376394,-20.865267694],[-41.976152268,-20.935792441],[-42.02305955,-20.925129333],[-42.065862676,-20.93899466],[-42.093794667,-20.935625977],[-42.115298089,-20.959010247],[-42.138036694,-20.960048924],[-42.150949977,-20.974028955],[-42.141363268,-20.992640924],[-42.084809368,-21.022989922],[-42.079920264,-21.035103084],[-42.101065029,-21.034173921],[-42.140215489,-21.103471993],[-42.164026886,-21.101060114],[-42.170647616,-21.128644411],[-42.208074387,-21.178224714],[-42.194433477,-21.201737387],[-42.202934074,-21.220446234],[-42.188092559,-21.230390804],[-42.189724875,-21.250505956],[-42.228636766,-21.282059868],[-42.237972355,-21.31945245],[-42.224234322,-21.337813087],[-42.236829734,-21.345199091],[-42.230024234,-21.366494531],[-42.251975367,-21.387197055],[-42.237519226,-21.402162463],[-42.275311701,-21.404179385],[-42.292124921,-21.459238115],[-42.27098301,-21.466052107],[-42.254615402,-21.486978146],[-42.285601067,-21.528120159],[-42.306304724,-21.529084656],[-42.309412915,-21.551486092],[-42.330433667,-21.559842865],[-42.324772005,-21.569443555],[-42.369119437,-21.619455779],[-42.355477561,-21.625045511],[-42.369601498,-21.640094308],[-42.34802583,-21.641801997],[-42.340131487,-21.661973859],[-42.30134101,-21.654922065],[-42.283366414,-21.680952768],[-42.273757962,-21.67740808],[-42.269429011,-21.716983067],[-42.333462062,-21.745848809],[-42.373579521,-21.745848809],[-42.787790311,-21.929569797],[-42.881427471,-21.959266186],[-42.900034943,-21.98483742],[-42.989804296,-22.034228273],[-43.039152142,-22.044594499],[-43.033161161,-22.065904859],[-43.074129015,-22.09334934],[-43.078145753,-22.083055777],[-43.111461114,-22.083765559],[-43.136888355,-22.109401165],[-43.154735756,-22.077542241],[-43.133374726,-22.058409675],[-43.128535698,-22.029311764],[-43.153638971,-22.032979477],[-43.169574359,-22.021810478],[-43.20294773,-22.037437169],[-43.201337549,-22.025832692],[-43.221511628,-22.033760915],[-43.245467,-22.006574108],[-43.302243306,-22.021008436],[-43.319945059,-22.00555544],[-43.339656896,-22.010432062],[-43.348310321,-22.002114684],[-43.448247514,-22.067086842],[-43.503822803,-22.07520227],[-43.512360764,-22.05918883],[-43.561142586,-22.088435799],[-43.584029113,-22.07112434],[-43.585666236,-22.05153418],[-43.612888926,-22.08229659],[-43.64642781,-22.064852388],[-43.672090809,-22.090349462],[-43.691315935,-22.070858857],[-43.734137343,-22.097086963],[-43.760440108,-22.081422721],[-43.765705447,-22.062175472],[-43.842370494,-22.099641098],[-43.879197848,-22.09951956],[-43.879651375,-22.114021367],[-43.964881291,-22.139352516],[-44.004371337,-22.162637263],[-44.026583105,-22.151000421],[-44.069458012,-22.162814249],[-44.08721194,-22.184594614],[-44.100419535,-22.173134756],[-44.103837581,-22.184085777],[-44.12328394,-22.187691871],[-44.1213924,-22.208952338],[-44.141683956,-22.220386579],[-44.148414423,-22.212588802],[-44.163649003,-22.233054492],[-44.177288233,-22.226563534],[-44.235242187,-22.266394802],[-44.260575279,-22.267868033],[-44.263506145,-22.243435925],[-44.291509622,-22.24306137],[-44.322348929,-22.26112733],[-44.362022486,-22.251973215],[-44.387588977,-22.272504823],[-44.394796668,-22.258906945],[-44.433209465,-22.251408333],[-44.457107349,-22.257587109],[-44.459913063,-22.279989316],[-44.513575476,-22.308628574],[-44.532579303,-22.330704089],[-44.545700843,-22.332086267],[-44.545738495,-22.323621918],[-44.563619192,-22.333177456],[-44.589229313,-22.320320139],[-44.626141,-22.335383355],[-44.660700587,-22.380524223],[-44.725447223,-22.358925239],[-44.744696057,-22.375590151],[-44.793386479,-22.386871139],[-44.809436245,-22.40557082]]],[[[-43.196488765,-22.794112549],[-43.228504988,-22.783632964],[-43.265727631,-22.812694809],[-43.241554337,-22.833942782],[-43.210223132,-22.815652595],[-43.191122272,-22.820309797],[-43.184737307,-22.833584129],[-43.175526642,-22.823778011],[-43.170190652,-22.831243975],[-43.163794951,-22.822481761],[-43.174984612,-22.819743126],[-43.178352131,-22.8020611],[-43.156524498,-22.779189228],[-43.172250249,-22.775648894],[-43.196488765,-22.794112549]]],[[[-43.882223756,-22.948741428],[-43.873095404,-22.948027452],[-43.868782956,-22.924744217],[-43.912390529,-22.935208219],[-43.907020566,-22.958665436],[-43.882223756,-22.948741428]]],[[[-43.217176955,-22.870328088],[-43.208387402,-22.858358554],[-43.223793824,-22.858263051],[-43.232397195,-22.847249809],[-43.221671166,-22.84866582],[-43.223442719,-22.839523237],[-43.242476872,-22.837045707],[-43.236060857,-22.861399159],[-43.217176955,-22.870328088]]],[[[-43.109481799,-22.752210266],[-43.108243217,-22.769989497],[-43.101804233,-22.751873107],[-43.109481799,-22.752210266]]]]},"properties":{"CD_UF":33,"NM_UF":"Rio de Janeiro","SIGLA_UF":"RJ","NM_REGIAO":"Sudeste","color":"yellow"}},{"type":"Feature","geometry":{"type":"MultiPolygon","coordinates":[[[[-45.68981051,-24.091711016],[-45.706276964,-24.113172075],[-45.679929733,-24.097798083],[-45.68981051,-24.091711016]]],[[[-45.078776312,-23.52753094],[-45.077700556,-23.561239391],[-45.04081068,-23.541187137],[-45.050848192,-23.527663296],[-45.069872231,-23.539613982],[-45.078776312,-23.52753094]]],[[[-45.155873353,-23.560170964],[-45.16268031,-23.569962929],[-45.145202844,-23.571338327],[-45.155873353,-23.560170964]]],[[[-45.347355892,-23.739684065],[-45.366493573,-23.811009528],[-45.46193459,-23.888146982],[-45.460306977,-23.914436511],[-45.428061317,-23.941180774],[-45.291686503,-23.910312987],[-45.279515933,-23.953562722],[-45.251518166,-23.967999659],[-45.226511636,-23.942712917],[-45.235754164,-23.943910743],[-45.237899991,-23.908917021],[-45.223195743,-23.903416498],[-45.241369763,-23.892190178],[-45.248478342,-23.903237203],[-45.272863782,-23.892324883],[-45.270422678,-23.874437872],[-45.290917446,-23.866013611],[-45.273881642,-23.838698998],[-45.226807941,-23.837110976],[-45.241290206,-23.838714069],[-45.248386093,-23.824830162],[-45.229833214,-23.776332734],[-45.25759855,-23.762184574],[-45.256418058,-23.748979398],[-45.276949958,-23.734880575],[-45.333486177,-23.722561474],[-45.347355892,-23.739684065]]],[[[-45.138765858,-23.789747855],[-45.160654694,-23.80177939],[-45.156449719,-23.810453727],[-45.117188029,-23.812272906],[-45.114932472,-23.803805916],[-45.138765858,-23.789747855]]],[[[-45.017016887,-23.739150134],[-45.02384789,-23.746275828],[-45.01475122,-23.761257728],[-45.007027145,-23.751696378],[-45.017016887,-23.739150134]]],[[[-45.28932181,-23.592317591],[-45.29557467,-23.601616707],[-45.282725352,-23.601107282],[-45.28932181,-23.592317591]]],[[[-45.718728743,-23.798683429],[-45.726185282,-23.802295677],[-45.716305169,-23.806270214],[-45.718728743,-23.798683429]]],[[[-51.000475002,-20.085384369],[-51.069163086,-20.250049484],[-51.136968309,-20.297462232],[-51.295684541,-20.328482101],[-51.342705351,-20.35466012],[-51.409279633,-20.459570635],[-51.463782677,-20.501452721],[-51.500222275,-20.568216308],[-51.59414815,-20.643847679],[-51.634899228,-20.754848354],[-51.62239835,-20.776872007],[-51.629701486,-20.861452939],[-51.613477678,-20.890078402],[-51.623587257,-20.944432889],[-51.665733395,-20.970520399],[-51.722230386,-20.976767993],[-51.768482335,-21.036522076],[-51.789670948,-21.102119515],[-51.823589985,-21.126839849],[-51.875861858,-21.13614741],[-51.879573661,-21.199430749],[-51.848514467,-21.26663839],[-51.865261083,-21.348942488],[-51.907535696,-21.386455762],[-51.928681833,-21.455816097],[-51.967903323,-21.501762083],[-52.000367606,-21.516626479],[-52.062041741,-21.503268464],[-52.093106918,-21.537759063],[-52.102164144,-21.569813513],[-52.072426472,-21.593101293],[-52.052092258,-21.636594171],[-52.055825419,-21.677158813],[-52.102865193,-21.745291226],[-52.161261818,-21.770773716],[-52.19056139,-21.846144654],[-52.308811906,-21.951919629],[-52.345434789,-22.061975385],[-52.377217959,-22.106678219],[-52.487714257,-22.217206043],[-52.579187167,-22.251952787],[-52.65027654,-22.30100102],[-52.745835005,-22.343312984],[-52.798330858,-22.378273404],[-52.857842711,-22.441482693],[-52.998579148,-22.493181288],[-53.014361197,-22.520665767],[-53.058002404,-22.536929952],[-53.08602402,-22.562324543],[-53.108915019,-22.598316535],[-53.105187189,-22.621929614],[-53.0877869,-22.65844487],[-52.984858496,-22.576349725],[-52.924742619,-22.565623982],[-52.858362803,-22.608001008],[-52.815439665,-22.597043166],[-52.701695085,-22.62766673],[-52.584922847,-22.565933151],[-52.545377196,-22.611743466],[-52.502676848,-22.634555701],[-52.437629673,-22.606848674],[-52.313136445,-22.636512413],[-52.250413112,-22.615426388],[-52.230858266,-22.633520183],[-52.222577222,-22.675535358],[-52.156677982,-22.644718932],[-52.162492292,-22.601175444],[-52.148761936,-22.549253529],[-52.127602244,-22.519923031],[-52.109212428,-22.516295164],[-51.940512627,-22.567342751],[-51.868624254,-22.63044557],[-51.75162435,-22.618081983],[-51.734345194,-22.625466351],[-51.718173637,-22.669021089],[-51.627878629,-22.658240645],[-51.559569158,-22.697179344],[-51.531838321,-22.687157066],[-51.498901808,-22.690529337],[-51.446410222,-22.652952323],[-51.402016286,-22.667905494],[-51.373649238,-22.658132862],[-51.306494968,-22.674490236],[-51.265199856,-22.667697405],[-51.228335959,-22.716017185],[-51.149582111,-22.755053732],[-51.057615008,-22.766057092],[-51.005548558,-22.793821426],[-50.971889628,-22.782447835],[-50.940695287,-22.80532523],[-50.88871895,-22.796531238],[-50.842387134,-22.831398473],[-50.830665402,-22.862173272],[-50.792951701,-22.89435351],[-50.803991984,-22.945736612],[-50.75866206,-22.947654405],[-50.736369966,-22.963351013],[-50.711216157,-22.95474442],[-50.679941973,-22.903210226],[-50.661585437,-22.89547747],[-50.608524062,-22.924154002],[-50.577057193,-22.903944494],[-50.540493503,-22.91212892],[-50.524440334,-22.937868925],[-50.506078979,-22.94537711],[-50.486122434,-22.936861458],[-50.430302459,-22.946407402],[-50.41894763,-22.913933077],[-50.379074599,-22.905405569],[-50.336158762,-22.95039651],[-50.273387882,-22.931001338],[-50.247611146,-22.937798408],[-50.237537602,-22.954146227],[-50.183393372,-22.953773304],[-50.151432948,-22.935159642],[-50.121067174,-22.941341174],[-50.089405915,-22.921959119],[-50.067470441,-22.927515304],[-50.047852666,-22.901964111],[-50.016240464,-22.910335151],[-49.994873688,-22.929719145],[-49.998852988,-22.901749899],[-49.986164925,-22.897504763],[-49.962049484,-22.923313108],[-49.969332596,-22.96447845],[-49.89958541,-23.002005327],[-49.915903347,-23.03478751],[-49.911602198,-23.051118641],[-49.867415281,-23.071691854],[-49.833658578,-23.065942942],[-49.789179061,-23.103345549],[-49.740239314,-23.099168333],[-49.725550952,-23.109438144],[-49.730488775,-23.141446137],[-49.701368707,-23.153080458],[-49.697489893,-23.164983241],[-49.67831987,-23.165061655],[-49.683265942,-23.173611361],[-49.653751562,-23.212036975],[-49.647103836,-23.251712007],[-49.626462017,-23.282916633],[-49.621694469,-23.331889588],[-49.637095806,-23.351619853],[-49.604156924,-23.358947462],[-49.590402466,-23.382792471],[-49.620606876,-23.388718425],[-49.621011704,-23.397419327],[-49.598516463,-23.398186567],[-49.603676037,-23.407812014],[-49.580292971,-23.414198614],[-49.580804575,-23.431718068],[-49.566624145,-23.426420091],[-49.572951419,-23.443943964],[-49.595640131,-23.440382378],[-49.598576823,-23.477157375],[-49.614880273,-23.472200953],[-49.621096707,-23.492098971],[-49.612816834,-23.508272259],[-49.62937035,-23.511827485],[-49.600206222,-23.535624384],[-49.602016975,-23.582696688],[-49.621171581,-23.607047535],[-49.606352109,-23.623714677],[-49.617145245,-23.639585896],[-49.585307346,-23.65887549],[-49.579876066,-23.678328485],[-49.549199189,-23.704016389],[-49.548792565,-23.736292474],[-49.564049705,-23.73221926],[-49.573462826,-23.75603962],[-49.560504757,-23.761306612],[-49.570547409,-23.778366643],[-49.560891494,-23.815914473],[-49.593007699,-23.830301957],[-49.586673067,-23.842260412],[-49.608037905,-23.839379554],[-49.595481762,-23.846799232],[-49.610736502,-23.851694927],[-49.585348614,-23.890429021],[-49.57360145,-23.877954966],[-49.577378069,-23.897438279],[-49.556989653,-23.922730731],[-49.532208048,-23.930105904],[-49.523597211,-23.9162336],[-49.511604664,-23.925899888],[-49.510372239,-23.937155863],[-49.52446645,-23.935153081],[-49.521099741,-23.946101797],[-49.503922222,-23.947173316],[-49.499667546,-23.959209755],[-49.516756804,-23.970122486],[-49.493684659,-23.977595831],[-49.498124783,-23.993808256],[-49.480571045,-24.006171397],[-49.490045103,-24.020113227],[-49.46344307,-24.027435776],[-49.45754014,-24.049485219],[-49.429786201,-24.068708754],[-49.430010744,-24.088535988],[-49.404882147,-24.095849352],[-49.409152569,-24.108256225],[-49.389099955,-24.119628667],[-49.370846522,-24.11438345],[-49.336566257,-24.137581853],[-49.34154414,-24.203122011],[-49.355957823,-24.214512276],[-49.305374067,-24.251430972],[-49.283808882,-24.308062921],[-49.261124728,-24.312402952],[-49.248875731,-24.330512595],[-49.201210611,-24.34270024],[-49.253500279,-24.405038492],[-49.250234436,-24.413864895],[-49.243096678,-24.401888656],[-49.23554919,-24.409552063],[-49.253232614,-24.435936572],[-49.24692267,-24.469097965],[-49.296461979,-24.501895489],[-49.280272025,-24.5372649],[-49.292531128,-24.552890027],[-49.305573086,-24.546391932],[-49.315989363,-24.555508878],[-49.316565284,-24.587975085],[-49.303597066,-24.59694868],[-49.316428138,-24.63899845],[-49.299883543,-24.654042075],[-49.312015435,-24.66353267],[-49.305397609,-24.673649759],[-49.275681115,-24.694375944],[-49.214830695,-24.70222796],[-49.180544532,-24.671652994],[-49.136071286,-24.675247126],[-49.111594637,-24.688352307],[-49.105590938,-24.67471169],[-49.097087156,-24.681874085],[-49.07983268,-24.672608803],[-49.064404703,-24.686025423],[-49.037399728,-24.660419707],[-49.040033628,-24.636846528],[-49.018374777,-24.642616504],[-49.004677735,-24.633238886],[-49.009427035,-24.660369343],[-48.99092883,-24.655243878],[-48.958452863,-24.685283198],[-48.942474575,-24.672276075],[-48.915260364,-24.682912399],[-48.909928533,-24.670715773],[-48.851901121,-24.675005379],[-48.85850494,-24.657699942],[-48.840400885,-24.664976807],[-48.827314386,-24.654453328],[-48.778651607,-24.696732248],[-48.757286473,-24.679854317],[-48.752420032,-24.695180112],[-48.703812021,-24.680382052],[-48.689891115,-24.69385218],[-48.694087511,-24.670683483],[-48.6787241,-24.670888024],[-48.677195233,-24.698411067],[-48.660487321,-24.706756889],[-48.63781072,-24.677668266],[-48.604029799,-24.668296784],[-48.589253011,-24.680530304],[-48.582034946,-24.670701585],[-48.569197303,-24.700811558],[-48.530840045,-24.738389371],[-48.499306312,-24.738967587],[-48.516724132,-24.780182054],[-48.548890798,-24.797213696],[-48.564472139,-24.834280655],[-48.5666761,-24.86395773],[-48.544785575,-24.878963806],[-48.558343941,-24.884585924],[-48.559307194,-24.901183196],[-48.572060224,-24.895013128],[-48.5673709,-24.972266873],[-48.600027722,-25.006110485],[-48.582661681,-25.051646105],[-48.569070061,-25.051062259],[-48.556007858,-25.086552562],[-48.528583798,-25.100789318],[-48.483291928,-25.053192281],[-48.474049301,-25.012552388],[-48.41115266,-24.980231683],[-48.378637824,-24.997028271],[-48.351227778,-25.036489393],[-48.324141026,-25.036748334],[-48.333670865,-25.070573555],[-48.297309624,-25.023453714],[-48.287524302,-25.039969164],[-48.277917061,-25.032974361],[-48.269585775,-24.997534797],[-48.254803932,-24.996497931],[-48.250281059,-24.977417787],[-48.223356448,-25.009124291],[-48.231554331,-25.020786883],[-48.209467342,-25.02718415],[-48.216054291,-25.076671559],[-48.204500501,-25.099663493],[-48.181641506,-25.13383575],[-48.156885809,-25.144652509],[-48.191361333,-25.196241324],[-48.114883604,-25.250701971],[-48.062106085,-25.240085182],[-48.057446634,-25.218334339],[-48.047161906,-25.226749393],[-48.027550199,-25.220508773],[-48.024694315,-25.232763994],[-48.083109155,-25.28199716],[-48.096095184,-25.308872461],[-47.945991964,-25.174320553],[-47.913872495,-25.159154083],[-47.918797451,-25.144728049],[-47.894654423,-25.105485108],[-47.904076047,-25.099987778],[-47.909521554,-25.052946116],[-47.886905508,-25.051266942],[-47.871741792,-25.011571824],[-47.800267041,-24.936752157],[-47.591915045,-24.777861963],[-47.227026094,-24.571251955],[-47.224517116,-24.556995635],[-47.140843407,-24.489543233],[-47.008373205,-24.414519267],[-47.001290292,-24.398261993],[-47.018239426,-24.378836065],[-46.995999961,-24.350524401],[-46.995738564,-24.327413342],[-46.820292586,-24.204243428],[-46.48425597,-24.034875691],[-46.415594997,-24.015659145],[-46.399411387,-24.019178005],[-46.398905432,-24.033519083],[-46.383665092,-24.018434446],[-46.391877299,-23.99860846],[-46.375217858,-23.988866302],[-46.388745037,-23.976289442],[-46.377887025,-23.969518228],[-46.368886568,-23.981882303],[-46.357743784,-23.970954389],[-46.317459084,-23.979053242],[-46.305665953,-23.991179712],[-46.321947878,-24.000037159],[-46.324362684,-24.022252576],[-46.311180368,-24.028664847],[-46.29496554,-24.015986767],[-46.283061184,-24.043269373],[-46.279213274,-24.021309258],[-46.24739758,-23.993858127],[-46.211900277,-23.986407763],[-46.202490423,-24.000607472],[-46.182242947,-23.991086289],[-46.184704259,-23.96537931],[-46.160411051,-23.945524285],[-46.17835406,-23.939027703],[-46.178871265,-23.924183812],[-46.146176416,-23.905776065],[-46.136326853,-23.868112635],[-46.12382553,-23.860771137],[-46.1331326,-23.858008653],[-46.128397417,-23.844086342],[-46.066221601,-23.814595261],[-46.048271028,-23.818890615],[-46.047078056,-23.832034331],[-46.031749559,-23.809201027],[-45.941151586,-23.775717776],[-45.841156257,-23.758084238],[-45.807711354,-23.759107223],[-45.804108888,-23.769872575],[-45.765925191,-23.762493871],[-45.699626411,-23.772813922],[-45.694230207,-23.782556407],[-45.643118485,-23.777726335],[-45.625515724,-23.787101208],[-45.623106821,-23.805081301],[-45.560195487,-23.792531638],[-45.554741102,-23.810405221],[-45.53462285,-23.818307162],[-45.539704588,-23.828831959],[-45.512561585,-23.831723418],[-45.514329065,-23.842159422],[-45.46697685,-23.819068217],[-45.446362668,-23.833066621],[-45.423296556,-23.82967008],[-45.396134487,-23.80911379],[-45.412482716,-23.753669234],[-45.397134364,-23.723662552],[-45.419657141,-23.725858086],[-45.430517463,-23.682659179],[-45.424191544,-23.646192943],[-45.407472949,-23.624340374],[-45.388254546,-23.634703498],[-45.3777657,-23.624498292],[-45.369032586,-23.630358552],[-45.328071448,-23.584818122],[-45.297614008,-23.572241384],[-45.278782079,-23.574065874],[-45.278421647,-23.588254364],[-45.263263814,-23.596640062],[-45.210962783,-23.582735018],[-45.209571809,-23.564757777],[-45.229826346,-23.550933997],[-45.227493519,-23.537126269],[-45.194874724,-23.520311246],[-45.186522568,-23.540574464],[-45.162013226,-23.541894467],[-45.169081719,-23.492789193],[-45.137798386,-23.501516015],[-45.138725731,-23.510931498],[-45.112663062,-23.52644328],[-45.107532186,-23.507906374],[-45.124066755,-23.502879475],[-45.106793506,-23.488693656],[-45.104426189,-23.498097904],[-45.087643304,-23.493529991],[-45.081754329,-23.52154208],[-45.062681158,-23.467946397],[-45.01794498,-23.460855454],[-45.03488341,-23.459669538],[-45.037577422,-23.447879211],[-45.060043908,-23.456311228],[-45.069377314,-23.437131273],[-45.061396429,-23.420221614],[-45.043940605,-23.425609063],[-45.032270973,-23.413851627],[-45.013520618,-23.418258786],[-44.992774827,-23.397309178],[-44.977653016,-23.400621885],[-44.908010601,-23.334071645],[-44.882841043,-23.346393992],[-44.890683796,-23.37247958],[-44.865167849,-23.356958834],[-44.849870452,-23.361074724],[-44.836865133,-23.369588056],[-44.84201058,-23.388144767],[-44.796592102,-23.368981213],[-44.785062842,-23.378034195],[-44.724246326,-23.367557269],[-44.777150156,-23.338498795],[-44.787421385,-23.299106885],[-44.807149799,-23.283485517],[-44.8267208,-23.291621355],[-44.836056392,-23.256172348],[-44.871992799,-23.248955073],[-44.889320551,-23.22659492],[-44.87273247,-23.182502193],[-44.822727177,-23.160076943],[-44.808813331,-23.099472871],[-44.817925906,-23.085722061],[-44.791898182,-22.981875898],[-44.755259533,-22.980312491],[-44.743820658,-22.947205613],[-44.713434415,-22.929875376],[-44.687734767,-22.93677001],[-44.673332434,-22.917957805],[-44.658994048,-22.927931211],[-44.607310766,-22.885236959],[-44.599778732,-22.890768518],[-44.575729535,-22.878017522],[-44.543651558,-22.884945075],[-44.495412635,-22.846956253],[-44.478720832,-22.850868156],[-44.46619158,-22.885371268],[-44.437644631,-22.873100005],[-44.418195323,-22.848112311],[-44.374223269,-22.858086229],[-44.325273962,-22.837761236],[-44.322434351,-22.84966667],[-44.29652163,-22.827876578],[-44.27225261,-22.832107509],[-44.26131146,-22.806259213],[-44.240140686,-22.792657986],[-44.256523238,-22.787490624],[-44.257105387,-22.766282989],[-44.227046522,-22.73373899],[-44.198960308,-22.735287341],[-44.203706858,-22.71741752],[-44.176061085,-22.705657948],[-44.161365164,-22.678258449],[-44.207425939,-22.612021667],[-44.219364037,-22.617536627],[-44.226369058,-22.604560027],[-44.253388189,-22.612470885],[-44.268735611,-22.598774253],[-44.285690584,-22.60973098],[-44.295429693,-22.598462556],[-44.344990275,-22.587848741],[-44.356023693,-22.614899292],[-44.35986161,-22.593054087],[-44.37042054,-22.589746488],[-44.359808366,-22.581173882],[-44.382397778,-22.573494188],[-44.409650535,-22.588430307],[-44.398151395,-22.602902435],[-44.406619657,-22.608848413],[-44.431474505,-22.598651764],[-44.464876737,-22.615969573],[-44.484903826,-22.603901835],[-44.508588432,-22.640947014],[-44.515599965,-22.63010656],[-44.535004867,-22.638107045],[-44.526303901,-22.619291592],[-44.550278978,-22.603761208],[-44.564086764,-22.611992722],[-44.574057033,-22.601733571],[-44.583656655,-22.626213227],[-44.602076008,-22.607771539],[-44.610797355,-22.617384266],[-44.622987208,-22.605123427],[-44.640248553,-22.608057923],[-44.644427613,-22.555598616],[-44.661532701,-22.550936129],[-44.677426102,-22.561500142],[-44.671007247,-22.536664736],[-44.698865719,-22.511465837],[-44.716220807,-22.514236191],[-44.711253674,-22.496259762],[-44.724968946,-22.483793771],[-44.717695991,-22.467359087],[-44.733942822,-22.43289577],[-44.755333665,-22.415269201],[-44.809436245,-22.40557082],[-44.832952608,-22.430989947],[-44.871505844,-22.424085752],[-44.889730834,-22.432123987],[-44.897841065,-22.452910335],[-44.940070217,-22.452669116],[-44.965859118,-22.475192827],[-45.028403387,-22.463197655],[-45.139595534,-22.501693101],[-45.178045602,-22.549876921],[-45.260172905,-22.582053421],[-45.261406944,-22.60711559],[-45.274239997,-22.616238469],[-45.332961986,-22.617639217],[-45.397876483,-22.653423818],[-45.410521092,-22.651671025],[-45.412931697,-22.622215528],[-45.435547153,-22.618320716],[-45.473856577,-22.588894225],[-45.488800491,-22.628785223],[-45.499128486,-22.625011206],[-45.539908219,-22.652579787],[-45.584369533,-22.651688579],[-45.555355438,-22.626440968],[-45.576519593,-22.601702747],[-45.618128055,-22.637914132],[-45.666184756,-22.651201173],[-45.681078344,-22.636335684],[-45.658859594,-22.598110064],[-45.66057373,-22.577840784],[-45.679721392,-22.573418787],[-45.6954392,-22.586338563],[-45.718454773,-22.577991391],[-45.737428896,-22.608538737],[-45.693992663,-22.651709888],[-45.742806738,-22.659166862],[-45.817991548,-22.711367555],[-45.819821877,-22.723299586],[-45.80145566,-22.738617678],[-45.756463756,-22.721039983],[-45.728140305,-22.723683628],[-45.713412246,-22.756947159],[-45.711917627,-22.773227728],[-45.730333561,-22.798594238],[-45.713580927,-22.81478566],[-45.741706877,-22.807916706],[-45.74290385,-22.795357047],[-45.754917279,-22.792912238],[-45.770945138,-22.805926762],[-45.767915731,-22.844385463],[-45.78916643,-22.8581243],[-45.809802012,-22.829386585],[-45.837245462,-22.832071872],[-45.863852236,-22.868710331],[-45.888762,-22.875974999],[-45.893673,-22.838953999],[-45.911829,-22.816292999],[-45.938812,-22.846470999],[-45.993092,-22.869809999],[-46.007954,-22.889496999],[-46.095218325,-22.894429009],[-46.139093716,-22.92275526],[-46.153989524,-22.912400394],[-46.136886325,-22.890541513],[-46.145027868,-22.85719034],[-46.234144605,-22.881822838],[-46.23817118,-22.894155639],[-46.258530731,-22.890574654],[-46.266863798,-22.875687216],[-46.296060915,-22.898154126],[-46.315332,-22.886792999],[-46.344893003,-22.905224002],[-46.363778512,-22.893673567],[-46.384192409,-22.869966103],[-46.372578707,-22.860097379],[-46.376811081,-22.827819462],[-46.361695459,-22.788941382],[-46.334541462,-22.760300075],[-46.360480025,-22.761345415],[-46.385805263,-22.74030433],[-46.452723078,-22.727581896],[-46.457334175,-22.707057205],[-46.478890364,-22.698276749],[-46.469976245,-22.693975723],[-46.480636611,-22.678315859],[-46.470422351,-22.673242744],[-46.412336727,-22.659785226],[-46.405863013,-22.672559957],[-46.393058871,-22.662974059],[-46.396312196,-22.645982049],[-46.424619935,-22.633599064],[-46.404757863,-22.620893312],[-46.424336376,-22.599444273],[-46.41206169,-22.585765803],[-46.433725403,-22.57456794],[-46.406952235,-22.539932536],[-46.426308496,-22.547568834],[-46.454955071,-22.52173237],[-46.491179315,-22.51038674],[-46.505289911,-22.517047152],[-46.506990922,-22.50695891],[-46.542146936,-22.494356002],[-46.530667446,-22.470852529],[-46.549864844,-22.469548949],[-46.55481395,-22.446649975],[-46.572654364,-22.453141615],[-46.585133912,-22.439447539],[-46.631607354,-22.435835704],[-46.661835015,-22.418811254],[-46.660923476,-22.366040997],[-46.675907283,-22.369289392],[-46.701199342,-22.321493043],[-46.723260254,-22.306623841],[-46.705284142,-22.29582396],[-46.710400742,-22.262390085],[-46.688625425,-22.248768353],[-46.693141584,-22.237631488],[-46.678167793,-22.224041891],[-46.67383554,-22.175617542],[-46.646292293,-22.181321898],[-46.640458109,-22.157719641],[-46.59853002,-22.136389533],[-46.616115904,-22.130654682],[-46.62273088,-22.109930898],[-46.646754995,-22.091893162],[-46.700814071,-22.095196872],[-46.723421725,-22.076895563],[-46.664786005,-22.068863104],[-46.657745749,-22.060475697],[-46.676361327,-22.055439465],[-46.68538902,-22.037422129],[-46.675574925,-22.022374716],[-46.662202511,-22.023696107],[-46.649176393,-22.009286176],[-46.613262381,-22.014962691],[-46.614668773,-21.996971153],[-46.643394931,-21.976106634],[-46.673778465,-21.911052689],[-46.647536461,-21.880460834],[-46.665285,-21.848788],[-46.690970547,-21.836963849],[-46.651201593,-21.789442721],[-46.653991341,-21.779246402],[-46.626030312,-21.766226462],[-46.621594724,-21.675542993],[-46.577767563,-21.685057775],[-46.56463134,-21.67867939],[-46.565917355,-21.656938362],[-46.548268964,-21.6498678],[-46.55261545,-21.637039336],[-46.518228017,-21.612821865],[-46.521994169,-21.58450871],[-46.50004872,-21.554532005],[-46.524175703,-21.521849693],[-46.509252136,-21.469898927],[-46.521093248,-21.446980348],[-46.560222548,-21.442330015],[-46.576513663,-21.426957181],[-46.60188993,-21.443960781],[-46.615256765,-21.441468192],[-46.618460223,-21.421200186],[-46.648730337,-21.391721343],[-46.647199282,-21.364193069],[-46.665531173,-21.361158224],[-46.705962406,-21.404843856],[-46.717980873,-21.390701849],[-46.734369772,-21.394169818],[-46.7586845,-21.378788402],[-46.764705058,-21.360063637],[-46.791761316,-21.373683016],[-46.832149125,-21.366538219],[-46.842084037,-21.38910832],[-46.920776032,-21.427131313],[-47.011507927,-21.422272817],[-47.016168008,-21.396503441],[-46.997268532,-21.351226362],[-47.016526995,-21.342362938],[-47.03518107,-21.311022661],[-47.029772989,-21.299555715],[-47.042369559,-21.289954925],[-47.052281744,-21.246518714],[-47.07728815,-21.240223473],[-47.062209697,-21.209169929],[-47.099258086,-21.214193409],[-47.118787942,-21.185752103],[-47.118599463,-21.149043535],[-47.133505457,-21.133455593],[-47.113151441,-21.10492146],[-47.142296219,-21.088235843],[-47.157029851,-21.018824737],[-47.147814274,-20.972492934],[-47.18661936,-20.949493349],[-47.190039908,-20.928218089],[-47.210458068,-20.924139033],[-47.240044257,-20.885281697],[-47.214484405,-20.827219441],[-47.2247543,-20.800098858],[-47.207069394,-20.775531129],[-47.188818292,-20.770624708],[-47.175192492,-20.739261945],[-47.186260744,-20.731134369],[-47.165598505,-20.701487662],[-47.11530085,-20.707204836],[-47.096895797,-20.644528274],[-47.112680851,-20.638084308],[-47.108734501,-20.620804761],[-47.125290448,-20.60879458],[-47.151149651,-20.522046504],[-47.211510111,-20.5023184],[-47.292765579,-20.447733619],[-47.285455653,-20.405739967],[-47.298208136,-20.348435715],[-47.23107362,-20.219152174],[-47.255867253,-20.190771302],[-47.25704435,-20.166203997],[-47.293006945,-20.148661935],[-47.309673375,-20.124498409],[-47.358676442,-20.10398156],[-47.374570861,-20.08366268],[-47.404959207,-20.082735939],[-47.438708388,-20.051088761],[-47.444236321,-20.027960534],[-47.424428037,-20.015319553],[-47.468292708,-19.961422208],[-47.508532141,-19.982940646],[-47.583824618,-19.996664632],[-47.599658318,-20.032437519],[-47.634764342,-20.049247843],[-47.708405304,-19.97870165],[-47.751105572,-19.990289086],[-47.856150189,-19.990544792],[-47.875830792,-20.021410051],[-47.859383938,-20.052412124],[-47.895462811,-20.125258263],[-47.934102059,-20.107853598],[-47.948481977,-20.055757579],[-47.975969317,-20.035372667],[-47.990606156,-20.044226208],[-47.991577623,-20.079709066],[-48.020163,-20.124029001],[-48.038843,-20.119949001],[-48.049386914,-20.137235527],[-48.076775843,-20.148429562],[-48.105487413,-20.146355956],[-48.178605977,-20.096180216],[-48.207771465,-20.039370022],[-48.234826713,-20.028275566],[-48.246997016,-20.033879815],[-48.253425136,-20.077920665],[-48.217747495,-20.125288796],[-48.254687801,-20.143815786],[-48.283422366,-20.138843743],[-48.317134401,-20.113347002],[-48.374935923,-20.12310321],[-48.405776776,-20.113511041],[-48.491116132,-20.138123216],[-48.578233236,-20.131249027],[-48.64212874,-20.166496073],[-48.731341071,-20.149381771],[-48.781137306,-20.163852472],[-48.825743215,-20.161957488],[-48.855392469,-20.180143953],[-48.856758629,-20.226884024],[-48.886545819,-20.271162594],[-48.867230439,-20.402461258],[-48.894944602,-20.441813889],[-48.970352793,-20.389790528],[-48.961785832,-20.263301178],[-48.992250686,-20.165384464],[-49.024473429,-20.151149571],[-49.064838882,-20.152607075],[-49.129744959,-20.280799811],[-49.172561708,-20.312535082],[-49.225294015,-20.305343065],[-49.259156006,-20.260204222],[-49.299246429,-20.167076079],[-49.308538039,-20.103892934],[-49.297255982,-20.017516984],[-49.283923627,-20.004771687],[-49.248338794,-19.999637046],[-49.249646984,-19.969554239],[-49.293895781,-19.960214002],[-49.35648649,-19.986717258],[-49.444519571,-19.980511833],[-49.492786157,-19.950421177],[-49.503452758,-19.91992945],[-49.539877463,-19.907444543],[-49.58318041,-19.909991308],[-49.634405301,-19.931932114],[-49.782456235,-19.924463097],[-49.835274515,-19.933314958],[-49.855573329,-19.946824971],[-49.888336931,-19.945304916],[-49.962154721,-19.920224136],[-50.018763432,-19.925396789],[-50.097243339,-19.875478954],[-50.345661233,-19.867563429],[-50.417132774,-19.801136461],[-50.471918223,-19.779655795],[-50.577948759,-19.816374352],[-50.66132405,-19.909002004],[-50.783601504,-19.937229486],[-50.872873591,-19.989596577],[-50.908134675,-19.994257448],[-50.947054073,-20.031252287],[-50.969129364,-20.036445198],[-51.000475002,-20.085384369]]]]},"properties":{"CD_UF":35,"NM_UF":"São Paulo","SIGLA_UF":"SP","NM_REGIAO":"Sudeste","color":"yellow"}},{"type":"Feature","geometry":{"type":"Polygon","coordinates":[[[-53.105187189,-22.621929614],[-53.193527609,-22.725346783],[-53.359507919,-22.779556462],[-53.377532202,-22.803234118],[-53.404146927,-22.808780704],[-53.42965075,-22.832955352],[-53.541883167,-22.886191596],[-53.570771084,-22.928491279],[-53.607423503,-22.951333468],[-53.634587185,-23.00074766],[-53.636588729,-23.125030775],[-53.660330459,-23.154460475],[-53.741323835,-23.335638385],[-53.775487887,-23.375131385],[-53.816021802,-23.385644851],[-53.932055048,-23.445948751],[-53.963685225,-23.443999049],[-53.986596665,-23.464793595],[-54.0240178,-23.586078366],[-54.032229807,-23.65166171],[-54.050814191,-23.685868752],[-54.052638785,-23.725067629],[-54.080458613,-23.78089707],[-54.088105302,-23.84453031],[-54.079905709,-23.888978278],[-54.101764988,-23.951963548],[-54.132654798,-23.984192285],[-54.245304782,-24.053973667],[-54.28623162,-24.068225365],[-54.339789223,-24.12265024],[-54.345578805,-24.157049152],[-54.327533547,-24.196399254],[-54.322572942,-24.251657476],[-54.277440863,-24.291444701],[-54.258235207,-24.365857969],[-54.326512627,-24.465174695],[-54.335514606,-24.517935745],[-54.318221636,-24.594527557],[-54.331109052,-24.690506481],[-54.389927781,-24.777283208],[-54.463547024,-25.056905958],[-54.462008307,-25.096357327],[-54.434532495,-25.133076746],[-54.426855847,-25.165454206],[-54.447833299,-25.168780198],[-54.461707326,-25.186530447],[-54.501646787,-25.297249761],[-54.619857507,-25.451986661],[-54.601580765,-25.487116785],[-54.593518056,-25.592246235],[-54.552886695,-25.588152909],[-54.534537913,-25.599187213],[-54.537775047,-25.617134206],[-54.526342182,-25.628828849],[-54.492604225,-25.618372762],[-54.451688146,-25.656603947],[-54.431738391,-25.697106104],[-54.42529618,-25.658904916],[-54.391682953,-25.632261404],[-54.387043702,-25.598050053],[-54.371282814,-25.594456094],[-54.349885966,-25.606969388],[-54.32890579,-25.571902145],[-54.288317784,-25.554406641],[-54.253719292,-25.596409199],[-54.235363307,-25.593631312],[-54.230479644,-25.562808373],[-54.176427226,-25.584430853],[-54.17826804,-25.56771512],[-54.207455424,-25.554555464],[-54.206381968,-25.541740058],[-54.192929029,-25.53399779],[-54.163110627,-25.542607206],[-54.103661463,-25.494418892],[-54.094051946,-25.515137779],[-54.123418551,-25.568088548],[-54.101815583,-25.618056749],[-54.091309527,-25.616996865],[-54.077892742,-25.557904751],[-54.052107879,-25.58508334],[-54.024843935,-25.563760842],[-54.010810005,-25.566532802],[-53.970255304,-25.60094264],[-53.977767315,-25.611776133],[-53.965580915,-25.612534739],[-53.955697327,-25.646480782],[-53.944793101,-25.631492426],[-53.954251907,-25.623872035],[-53.948573461,-25.611553183],[-53.932669925,-25.622534404],[-53.916790301,-25.61608268],[-53.912314691,-25.636245499],[-53.890252275,-25.623455002],[-53.895217297,-25.642986951],[-53.876523301,-25.644988205],[-53.890341695,-25.661024446],[-53.862492319,-25.658608513],[-53.859384272,-25.679416714],[-53.842055119,-25.688076112],[-53.855147915,-25.691490553],[-53.851362358,-25.706219866],[-53.872618271,-25.693554427],[-53.865451847,-25.70538119],[-53.879492782,-25.70760477],[-53.859016231,-25.723233926],[-53.866496545,-25.743965973],[-53.834984082,-25.749966017],[-53.857096152,-25.766227361],[-53.830923314,-25.780844224],[-53.843049312,-25.790900845],[-53.821961876,-25.793641472],[-53.828511054,-25.808437365],[-53.819618924,-25.816438193],[-53.838342903,-25.815978309],[-53.849935557,-25.83945975],[-53.834420055,-25.84980849],[-53.844867566,-25.8571915],[-53.831659932,-25.859360397],[-53.836295504,-25.868983795],[-53.823294755,-25.872132255],[-53.849817485,-25.883741514],[-53.819438137,-25.89858192],[-53.835141596,-25.911705753],[-53.818523074,-25.912612646],[-53.820293153,-25.927251988],[-53.833502228,-25.920636343],[-53.842811586,-25.933655636],[-53.828002511,-25.963721605],[-53.836701581,-25.97023183],[-53.813580351,-25.980288718],[-53.81768361,-25.989963977],[-53.802719329,-25.984659455],[-53.804916294,-25.995620662],[-53.780124436,-26.00846361],[-53.771613844,-26.031469831],[-53.734023745,-26.042959579],[-53.726614907,-26.064791683],[-53.740105008,-26.083515756],[-53.741514002,-26.116016884],[-53.710307768,-26.130563179],[-53.700069555,-26.152828247],[-53.65031193,-26.194736129],[-53.641169125,-26.215534491],[-53.653521157,-26.235107073],[-53.638953361,-26.25079419],[-53.628043227,-26.263264589],[-53.586294673,-26.255866292],[-53.582216278,-26.272416834],[-53.55348361,-26.292609592],[-53.498409262,-26.303040648],[-53.424694426,-26.280066658],[-53.376071914,-26.24161402],[-53.304855725,-26.260528981],[-53.280836643,-26.24613434],[-53.264534542,-26.289329813],[-53.184468556,-26.34380644],[-53.165446968,-26.35127958],[-53.144401476,-26.344782795],[-53.126996796,-26.372488063],[-53.093270473,-26.382484085],[-53.093227957,-26.392022132],[-53.046440596,-26.38137752],[-52.988357197,-26.345773902],[-52.942169878,-26.362837471],[-52.874063355,-26.361040777],[-52.846928539,-26.344406534],[-52.763493612,-26.353670677],[-52.737763196,-26.34218492],[-52.7188906,-26.357300987],[-52.678622037,-26.352675982],[-52.602652084,-26.415420296],[-52.524536411,-26.399125283],[-52.45917556,-26.44112261],[-52.419205398,-26.437337913],[-52.400037727,-26.423144062],[-52.377419466,-26.440956735],[-52.365716488,-26.43275865],[-52.335172395,-26.443251736],[-52.311761557,-26.438829852],[-52.278519316,-26.460740036],[-52.261622169,-26.454280768],[-52.229811805,-26.467043113],[-52.18634301,-26.445116679],[-52.166694616,-26.464980566],[-52.100504305,-26.481742058],[-52.081353912,-26.525111013],[-52.032624035,-26.540684623],[-52.008767538,-26.566560601],[-51.94654843,-26.569768787],[-51.9283319,-26.584368478],[-51.896719846,-26.579982002],[-51.873450526,-26.599362502],[-51.814383973,-26.577560646],[-51.789399026,-26.588682387],[-51.734545769,-26.572375919],[-51.694164981,-26.581211332],[-51.666211089,-26.563751727],[-51.630993879,-26.587818311],[-51.535607363,-26.591797879],[-51.507794975,-26.580924173],[-51.480028455,-26.605956808],[-51.486701032,-26.624424297],[-51.46884268,-26.621244025],[-51.454882992,-26.640658225],[-51.435346005,-26.688178097],[-51.407317631,-26.700619957],[-51.411475157,-26.717122006],[-51.394249371,-26.703001383],[-51.392777806,-26.684878681],[-51.405302486,-26.676147671],[-51.391129717,-26.66324744],[-51.331960269,-26.646700865],[-51.322748548,-26.65719837],[-51.283401092,-26.653630286],[-51.276876222,-26.635676031],[-51.239259914,-26.628670837],[-51.227102373,-26.615233848],[-51.23784671,-26.605062212],[-51.222072009,-26.593741836],[-51.215395375,-26.567439267],[-51.273174352,-26.498304166],[-51.250288456,-26.473990305],[-51.25920179,-26.471114559],[-51.253057324,-26.46229571],[-51.277284235,-26.458428874],[-51.273716028,-26.444873592],[-51.300492897,-26.417871932],[-51.250999069,-26.374363985],[-51.260107016,-26.36251831],[-51.247951214,-26.329866406],[-51.215820382,-26.315947972],[-51.207197779,-26.29630125],[-51.187805868,-26.301156249],[-51.15407912,-26.279518489],[-51.136609237,-26.286168209],[-51.10431305,-26.276121231],[-51.078873175,-26.227423775],[-51.056845681,-26.243901681],[-50.998972574,-26.231053362],[-50.974891776,-26.244115729],[-50.969985782,-26.26328928],[-50.945280083,-26.282661188],[-50.931553235,-26.268495501],[-50.944196443,-26.238053557],[-50.932512859,-26.234491843],[-50.908206961,-26.251214283],[-50.901552644,-26.289332104],[-50.881961878,-26.279265757],[-50.868568007,-26.241364482],[-50.838599231,-26.271469084],[-50.8244865,-26.244822864],[-50.780717602,-26.225234601],[-50.750563037,-26.2244501],[-50.742109323,-26.249235223],[-50.716404263,-26.245000936],[-50.73114299,-26.205816942],[-50.699682499,-26.184463238],[-50.677589455,-26.147218118],[-50.648310372,-26.130350162],[-50.65656233,-26.101813106],[-50.630999113,-26.064621096],[-50.594801084,-26.070395945],[-50.551907601,-26.057558173],[-50.552509196,-26.042631778],[-50.59145191,-26.041494832],[-50.591489493,-26.02253927],[-50.57023061,-26.00195283],[-50.547977395,-26.039610541],[-50.513303744,-26.026129671],[-50.504259292,-26.032017972],[-50.499100381,-26.022208631],[-50.479045056,-26.025563037],[-50.478196117,-26.034421711],[-50.471825655,-26.020972862],[-50.459112711,-26.036625899],[-50.443788037,-26.034298097],[-50.449292694,-26.04492687],[-50.432836006,-26.062114947],[-50.408568426,-26.065870061],[-50.403333186,-26.056979701],[-50.361847205,-26.093221173],[-50.369235298,-26.111753935],[-50.32426032,-26.135279907],[-50.321942886,-26.125747856],[-50.333897843,-26.125120098],[-50.324816467,-26.12207168],[-50.331733843,-26.083421012],[-50.298014156,-26.054317059],[-50.267282865,-26.042618764],[-50.251793754,-26.051443772],[-50.251221829,-26.030473523],[-50.236338911,-26.035460866],[-50.224429675,-26.060364073],[-50.208783363,-26.057019418],[-50.180281059,-26.079042494],[-50.153351907,-26.041849554],[-50.180110258,-26.033220551],[-50.170250823,-26.025188521],[-50.14016319,-26.026583422],[-50.148239132,-26.058319742],[-50.131554065,-26.042273325],[-50.118400783,-26.063622793],[-50.082697208,-26.024088703],[-50.076197846,-26.046409264],[-50.07134346,-26.034889296],[-50.036180013,-26.027016584],[-50.005573839,-26.046094332],[-50.010940015,-26.013328244],[-49.977454383,-26.013682273],[-49.963137693,-26.027598417],[-49.971654587,-26.058380432],[-49.947952834,-26.030319767],[-49.960788994,-26.020984459],[-49.94169448,-26.00841401],[-49.935066454,-26.033141514],[-49.914790194,-26.025422863],[-49.86996943,-26.033250127],[-49.863559332,-26.055048489],[-49.844640497,-26.064798945],[-49.831695354,-26.05309625],[-49.841469685,-26.077204065],[-49.829569472,-26.069297761],[-49.824999807,-26.09342534],[-49.807053983,-26.088909424],[-49.793005111,-26.113456588],[-49.787368848,-26.098461136],[-49.778345986,-26.119894194],[-49.767809577,-26.110367417],[-49.776947983,-26.101819914],[-49.768305835,-26.104313968],[-49.748799196,-26.124173687],[-49.748964051,-26.140118127],[-49.724709216,-26.144539599],[-49.737250054,-26.157534751],[-49.727533038,-26.171436033],[-49.711455531,-26.154323554],[-49.690583689,-26.177112162],[-49.676900904,-26.176068723],[-49.691236171,-26.189305615],[-49.653689997,-26.186959905],[-49.643919958,-26.210082072],[-49.633659434,-26.189923425],[-49.625347436,-26.201677785],[-49.634588432,-26.209019254],[-49.605235204,-26.211931038],[-49.601685837,-26.228628634],[-49.587679529,-26.217098149],[-49.59102644,-26.231638361],[-49.578388365,-26.227151033],[-49.578483599,-26.213548973],[-49.555618723,-26.237353035],[-49.551979836,-26.225125185],[-49.5382732,-26.230089683],[-49.537963196,-26.212853738],[-49.519900961,-26.227091106],[-49.49631685,-26.221353581],[-49.490453677,-26.210777454],[-49.500164984,-26.203514429],[-49.487211263,-26.180447426],[-49.478903433,-26.186310419],[-49.460930626,-26.162296073],[-49.439752877,-26.16390115],[-49.437435077,-26.172944904],[-49.416939413,-26.16510668],[-49.4164959,-26.153054789],[-49.409057142,-26.161743829],[-49.40036921,-26.150503928],[-49.390078356,-26.160220492],[-49.370215227,-26.155753313],[-49.3217042,-26.109979941],[-49.303105448,-26.113445403],[-49.289621603,-26.103778562],[-49.293513442,-26.082513613],[-49.266468147,-26.080831066],[-49.238349456,-26.031016802],[-49.174959622,-26.000054109],[-49.14024987,-26.015872552],[-49.125793892,-25.996131482],[-49.098108689,-26.010456712],[-49.071707626,-26.000394711],[-49.054367206,-26.020952646],[-49.040744503,-26.003871822],[-49.007104954,-26.016095822],[-48.984349891,-26.004572972],[-48.979440016,-25.988916171],[-48.950361924,-25.989991887],[-48.960478396,-25.980799831],[-48.682032316,-25.983671318],[-48.644369623,-25.955841821],[-48.634062072,-25.977747481],[-48.609967859,-25.984374601],[-48.595324647,-25.976766318],[-48.559719555,-25.890748905],[-48.564665256,-25.856419561],[-48.534891313,-25.852832673],[-48.526612828,-25.801980087],[-48.431614473,-25.642874614],[-48.367902937,-25.590646358],[-48.319926243,-25.586562593],[-48.298981827,-25.567128849],[-48.276911175,-25.51405121],[-48.309741902,-25.493279304],[-48.246931511,-25.465446162],[-48.214935787,-25.474050544],[-48.175573376,-25.392676346],[-48.096095184,-25.308872461],[-48.083109155,-25.28199716],[-48.024694315,-25.232763994],[-48.027550199,-25.220508773],[-48.047161906,-25.226749393],[-48.057446634,-25.218334339],[-48.062106085,-25.240085182],[-48.114883604,-25.250701971],[-48.191361333,-25.196241324],[-48.156885809,-25.144652509],[-48.181641506,-25.13383575],[-48.204500501,-25.099663493],[-48.216054291,-25.076671559],[-48.209467342,-25.02718415],[-48.231554331,-25.020786883],[-48.223356448,-25.009124291],[-48.250281059,-24.977417787],[-48.254803932,-24.996497931],[-48.269585775,-24.997534797],[-48.277917061,-25.032974361],[-48.287524302,-25.039969164],[-48.297309624,-25.023453714],[-48.333670865,-25.070573555],[-48.324141026,-25.036748334],[-48.351227778,-25.036489393],[-48.378637824,-24.997028271],[-48.41115266,-24.980231683],[-48.474049301,-25.012552388],[-48.483291928,-25.053192281],[-48.528583798,-25.100789318],[-48.556007858,-25.086552562],[-48.569070061,-25.051062259],[-48.582661681,-25.051646105],[-48.600027722,-25.006110485],[-48.5673709,-24.972266873],[-48.572060224,-24.895013128],[-48.559307194,-24.901183196],[-48.558343941,-24.884585924],[-48.544785575,-24.878963806],[-48.5666761,-24.86395773],[-48.564472139,-24.834280655],[-48.548890798,-24.797213696],[-48.516724132,-24.780182054],[-48.499306312,-24.738967587],[-48.530840045,-24.738389371],[-48.569197303,-24.700811558],[-48.582034946,-24.670701585],[-48.589253011,-24.680530304],[-48.604029799,-24.668296784],[-48.63781072,-24.677668266],[-48.660487321,-24.706756889],[-48.677195233,-24.698411067],[-48.6787241,-24.670888024],[-48.694087511,-24.670683483],[-48.689891115,-24.69385218],[-48.703812021,-24.680382052],[-48.752420032,-24.695180112],[-48.757286473,-24.679854317],[-48.778651607,-24.696732248],[-48.827314386,-24.654453328],[-48.840400885,-24.664976807],[-48.85850494,-24.657699942],[-48.851901121,-24.675005379],[-48.909928533,-24.670715773],[-48.915260364,-24.682912399],[-48.942474575,-24.672276075],[-48.958452863,-24.685283198],[-48.99092883,-24.655243878],[-49.009427035,-24.660369343],[-49.004677735,-24.633238886],[-49.018374777,-24.642616504],[-49.040033628,-24.636846528],[-49.037399728,-24.660419707],[-49.064404703,-24.686025423],[-49.07983268,-24.672608803],[-49.097087156,-24.681874085],[-49.105590938,-24.67471169],[-49.111594637,-24.688352307],[-49.136071286,-24.675247126],[-49.180544532,-24.671652994],[-49.214830695,-24.70222796],[-49.275681115,-24.694375944],[-49.305397609,-24.673649759],[-49.312015435,-24.66353267],[-49.299883543,-24.654042075],[-49.316428138,-24.63899845],[-49.303597066,-24.59694868],[-49.316565284,-24.587975085],[-49.315989363,-24.555508878],[-49.305573086,-24.546391932],[-49.292531128,-24.552890027],[-49.280272025,-24.5372649],[-49.296461979,-24.501895489],[-49.24692267,-24.469097965],[-49.253232614,-24.435936572],[-49.23554919,-24.409552063],[-49.243096678,-24.401888656],[-49.250234436,-24.413864895],[-49.253500279,-24.405038492],[-49.201210611,-24.34270024],[-49.248875731,-24.330512595],[-49.261124728,-24.312402952],[-49.283808882,-24.308062921],[-49.305374067,-24.251430972],[-49.355957823,-24.214512276],[-49.34154414,-24.203122011],[-49.336566257,-24.137581853],[-49.370846522,-24.11438345],[-49.389099955,-24.119628667],[-49.409152569,-24.108256225],[-49.404882147,-24.095849352],[-49.430010744,-24.088535988],[-49.429786201,-24.068708754],[-49.45754014,-24.049485219],[-49.46344307,-24.027435776],[-49.490045103,-24.020113227],[-49.480571045,-24.006171397],[-49.498124783,-23.993808256],[-49.493684659,-23.977595831],[-49.516756804,-23.970122486],[-49.499667546,-23.959209755],[-49.503922222,-23.947173316],[-49.521099741,-23.946101797],[-49.52446645,-23.935153081],[-49.510372239,-23.937155863],[-49.511604664,-23.925899888],[-49.523597211,-23.9162336],[-49.532208048,-23.930105904],[-49.556989653,-23.922730731],[-49.577378069,-23.897438279],[-49.57360145,-23.877954966],[-49.585348614,-23.890429021],[-49.610736502,-23.851694927],[-49.595481762,-23.846799232],[-49.608037905,-23.839379554],[-49.586673067,-23.842260412],[-49.593007699,-23.830301957],[-49.560891494,-23.815914473],[-49.570547409,-23.778366643],[-49.560504757,-23.761306612],[-49.573462826,-23.75603962],[-49.564049705,-23.73221926],[-49.548792565,-23.736292474],[-49.549199189,-23.704016389],[-49.579876066,-23.678328485],[-49.585307346,-23.65887549],[-49.617145245,-23.639585896],[-49.606352109,-23.623714677],[-49.621171581,-23.607047535],[-49.602016975,-23.582696688],[-49.600206222,-23.535624384],[-49.62937035,-23.511827485],[-49.612816834,-23.508272259],[-49.621096707,-23.492098971],[-49.614880273,-23.472200953],[-49.598576823,-23.477157375],[-49.595640131,-23.440382378],[-49.572951419,-23.443943964],[-49.566624145,-23.426420091],[-49.580804575,-23.431718068],[-49.580292971,-23.414198614],[-49.603676037,-23.407812014],[-49.598516463,-23.398186567],[-49.621011704,-23.397419327],[-49.620606876,-23.388718425],[-49.590402466,-23.382792471],[-49.604156924,-23.358947462],[-49.637095806,-23.351619853],[-49.621694469,-23.331889588],[-49.626462017,-23.282916633],[-49.647103836,-23.251712007],[-49.653751562,-23.212036975],[-49.683265942,-23.173611361],[-49.67831987,-23.165061655],[-49.697489893,-23.164983241],[-49.701368707,-23.153080458],[-49.730488775,-23.141446137],[-49.725550952,-23.109438144],[-49.740239314,-23.099168333],[-49.789179061,-23.103345549],[-49.833658578,-23.065942942],[-49.867415281,-23.071691854],[-49.911602198,-23.051118641],[-49.915903347,-23.03478751],[-49.89958541,-23.002005327],[-49.969332596,-22.96447845],[-49.962049484,-22.923313108],[-49.986164925,-22.897504763],[-49.998852988,-22.901749899],[-49.994873688,-22.929719145],[-50.016240464,-22.910335151],[-50.047852666,-22.901964111],[-50.067470441,-22.927515304],[-50.089405915,-22.921959119],[-50.121067174,-22.941341174],[-50.151432948,-22.935159642],[-50.183393372,-22.953773304],[-50.237537602,-22.954146227],[-50.247611146,-22.937798408],[-50.273387882,-22.931001338],[-50.336158762,-22.95039651],[-50.379074599,-22.905405569],[-50.41894763,-22.913933077],[-50.430302459,-22.946407402],[-50.486122434,-22.936861458],[-50.506078979,-22.94537711],[-50.524440334,-22.937868925],[-50.540493503,-22.91212892],[-50.577057193,-22.903944494],[-50.608524062,-22.924154002],[-50.661585437,-22.89547747],[-50.679941973,-22.903210226],[-50.711216157,-22.95474442],[-50.736369966,-22.963351013],[-50.75866206,-22.947654405],[-50.803991984,-22.945736612],[-50.792951701,-22.89435351],[-50.830665402,-22.862173272],[-50.842387134,-22.831398473],[-50.88871895,-22.796531238],[-50.940695287,-22.80532523],[-50.971889628,-22.782447835],[-51.005548558,-22.793821426],[-51.057615008,-22.766057092],[-51.149582111,-22.755053732],[-51.228335959,-22.716017185],[-51.265199856,-22.667697405],[-51.306494968,-22.674490236],[-51.373649238,-22.658132862],[-51.402016286,-22.667905494],[-51.446410222,-22.652952323],[-51.498901808,-22.690529337],[-51.531838321,-22.687157066],[-51.559569158,-22.697179344],[-51.627878629,-22.658240645],[-51.718173637,-22.669021089],[-51.734345194,-22.625466351],[-51.75162435,-22.618081983],[-51.868624254,-22.63044557],[-51.940512627,-22.567342751],[-52.109212428,-22.516295164],[-52.127602244,-22.519923031],[-52.148761936,-22.549253529],[-52.162492292,-22.601175444],[-52.156677982,-22.644718932],[-52.222577222,-22.675535358],[-52.230858266,-22.633520183],[-52.250413112,-22.615426388],[-52.313136445,-22.636512413],[-52.437629673,-22.606848674],[-52.502676848,-22.634555701],[-52.545377196,-22.611743466],[-52.584922847,-22.565933151],[-52.701695085,-22.62766673],[-52.815439665,-22.597043166],[-52.858362803,-22.608001008],[-52.924742619,-22.565623982],[-52.984858496,-22.576349725],[-53.0877869,-22.65844487],[-53.105187189,-22.621929614]]]},"properties":{"CD_UF":41,"NM_UF":"Paraná","SIGLA_UF":"PR","NM_REGIAO":"Sul","color":"green"}},{"type":"Feature","geometry":{"type":"MultiPolygon","coordinates":[[[[-48.3696648,-27.271066075],[-48.377098136,-27.283459867],[-48.356767915,-27.29965525],[-48.359473777,-27.273357101],[-48.3696648,-27.271066075]]],[[[-53.638953361,-26.25079419],[-53.646187061,-26.248373016],[-53.645533329,-26.28655766],[-53.671073377,-26.330731869],[-53.685728138,-26.335404364],[-53.701384565,-26.38901523],[-53.710000256,-26.387735737],[-53.687460278,-26.442133659],[-53.704010062,-26.441119987],[-53.698751987,-26.469944759],[-53.70525968,-26.463524448],[-53.715683656,-26.471469037],[-53.707806793,-26.481470824],[-53.696132467,-26.4753184],[-53.696437008,-26.490460749],[-53.7049285,-26.508915849],[-53.730070348,-26.501815126],[-53.727280343,-26.525631396],[-53.717256947,-26.528020154],[-53.722142385,-26.541730947],[-53.742232219,-26.544384146],[-53.725681592,-26.55416198],[-53.736439666,-26.566831953],[-53.70823466,-26.561728298],[-53.722391707,-26.562225984],[-53.72537197,-26.589856353],[-53.733262543,-26.586945855],[-53.74040232,-26.644400286],[-53.759918722,-26.640311697],[-53.735331833,-26.645580614],[-53.72616056,-26.659185519],[-53.720843999,-26.651105368],[-53.718874962,-26.667285863],[-53.732170429,-26.678164765],[-53.717723771,-26.685080893],[-53.730462732,-26.692046551],[-53.743887024,-26.681575907],[-53.73472643,-26.716864508],[-53.747749328,-26.719747877],[-53.754111086,-26.709872478],[-53.758386197,-26.720783087],[-53.743172323,-26.731042745],[-53.750006021,-26.741749951],[-53.73244845,-26.730698816],[-53.71413928,-26.751341783],[-53.743901869,-26.764358958],[-53.729188776,-26.77413983],[-53.698918598,-26.770012295],[-53.717459105,-26.782334383],[-53.700568198,-26.798254391],[-53.69873007,-26.814705132],[-53.711282815,-26.811296101],[-53.689266655,-26.837178341],[-53.695204969,-26.847520943],[-53.678275994,-26.843058775],[-53.660689993,-26.859056001],[-53.697116411,-26.860185267],[-53.680367202,-26.86950548],[-53.695995282,-26.887198023],[-53.67139523,-26.896056569],[-53.673682735,-26.913463868],[-53.697179736,-26.929033427],[-53.671569151,-26.943012769],[-53.70936283,-26.933969835],[-53.703076346,-26.959380026],[-53.726729135,-26.959105274],[-53.737543362,-26.974445363],[-53.718018897,-26.98987396],[-53.743220031,-26.99128315],[-53.73258857,-27.0043992],[-53.741009215,-27.014779271],[-53.764101307,-27.008695642],[-53.748192944,-27.032772276],[-53.764796727,-27.045371832],[-53.786019572,-27.026206677],[-53.760183546,-27.064541457],[-53.77252342,-27.066319586],[-53.802434407,-27.040028306],[-53.798048719,-27.058836894],[-53.772145562,-27.07395173],[-53.782507415,-27.078663547],[-53.797995352,-27.06600148],[-53.804616825,-27.082520609],[-53.776802226,-27.103449433],[-53.795188523,-27.110299222],[-53.817343616,-27.100508544],[-53.804565965,-27.122692544],[-53.824192046,-27.133713456],[-53.799318768,-27.136387233],[-53.79814441,-27.145032174],[-53.828670374,-27.146023023],[-53.837096159,-27.168434117],[-53.814846647,-27.175889807],[-53.772882735,-27.147676748],[-53.743654105,-27.19244575],[-53.669372949,-27.16155666],[-53.650125794,-27.178822112],[-53.643869346,-27.219744294],[-53.61823194,-27.187336442],[-53.591441793,-27.187472698],[-53.561731155,-27.172414844],[-53.518249024,-27.202177816],[-53.494706078,-27.20394031],[-53.488610541,-27.18538502],[-53.505149615,-27.161450081],[-53.504364211,-27.135641482],[-53.48445473,-27.13393567],[-53.452555512,-27.156135065],[-53.411698519,-27.141384193],[-53.370639441,-27.091103105],[-53.348140789,-27.120022531],[-53.312240809,-27.119687995],[-53.294252215,-27.135552971],[-53.320727027,-27.198238279],[-53.313201022,-27.219089674],[-53.293066983,-27.196919344],[-53.241659196,-27.171635678],[-53.184673574,-27.190909504],[-53.162398916,-27.140697622],[-53.15028471,-27.143782313],[-53.132183098,-27.180228701],[-53.077478755,-27.163115837],[-53.076700005,-27.107844648],[-53.059042269,-27.088245365],[-53.029834091,-27.082574257],[-53.017549218,-27.099007392],[-53.041393865,-27.124905518],[-53.042606083,-27.149851373],[-53.029907396,-27.15950573],[-53.003005661,-27.135614625],[-52.991663623,-27.140966664],[-52.982853273,-27.164994802],[-53.002564374,-27.197622712],[-52.984366303,-27.221472276],[-52.969824748,-27.216218891],[-52.956692261,-27.163257845],[-52.938321468,-27.170805116],[-52.929311443,-27.204076352],[-52.852504848,-27.169927068],[-52.84258156,-27.21021582],[-52.807515266,-27.202372079],[-52.763559701,-27.21123327],[-52.757561304,-27.257491766],[-52.743368627,-27.258247163],[-52.730313892,-27.238083711],[-52.716236038,-27.236045627],[-52.706086583,-27.275748198],[-52.691956141,-27.284547992],[-52.667575568,-27.237849514],[-52.633219838,-27.265480522],[-52.549813083,-27.238337623],[-52.534644288,-27.261035546],[-52.483207594,-27.267205307],[-52.479814908,-27.235542765],[-52.437628284,-27.216232291],[-52.439085315,-27.264404863],[-52.398060505,-27.292575994],[-52.399690365,-27.256569621],[-52.385771819,-27.253515506],[-52.374962889,-27.305089576],[-52.34525937,-27.288277662],[-52.296492711,-27.318090947],[-52.301927146,-27.25980037],[-52.238531512,-27.262083679],[-52.236856617,-27.273769225],[-52.267991127,-27.283248642],[-52.277719297,-27.300224323],[-52.241137315,-27.304270853],[-52.21588419,-27.332528647],[-52.168334362,-27.270915124],[-52.159305459,-27.281563567],[-52.168005242,-27.312270807],[-52.114331127,-27.30501918],[-52.10328705,-27.346695646],[-52.074093206,-27.338353208],[-52.044751551,-27.346553447],[-52.015004661,-27.330895607],[-52.007199825,-27.339326097],[-52.023216864,-27.355880234],[-52.017134237,-27.367838908],[-51.952086668,-27.380247126],[-51.952099043,-27.395173633],[-51.990942671,-27.389092468],[-52.007796754,-27.403897152],[-51.960825329,-27.412563563],[-51.935776899,-27.42874909],[-51.93921836,-27.446027559],[-51.963794231,-27.463136022],[-51.958281455,-27.474362881],[-51.902496487,-27.461103032],[-51.892270805,-27.519706748],[-51.875354328,-27.517952514],[-51.879713745,-27.487408442],[-51.863069302,-27.475240433],[-51.843627017,-27.483135867],[-51.851488327,-27.524612996],[-51.821785808,-27.512789197],[-51.793032878,-27.531204394],[-51.785235147,-27.521009077],[-51.800771566,-27.506003564],[-51.799489176,-27.490875418],[-51.75352778,-27.487197442],[-51.720360431,-27.513506362],[-51.709725504,-27.487794091],[-51.692167853,-27.478216924],[-51.674228654,-27.486459341],[-51.677501848,-27.504892964],[-51.659663417,-27.51930095],[-51.647432697,-27.516331884],[-51.642575475,-27.491490371],[-51.621615604,-27.494645039],[-51.625732993,-27.545479039],[-51.579971224,-27.523617569],[-51.587382786,-27.565626787],[-51.570337493,-27.58340083],[-51.547738412,-27.559078689],[-51.487012918,-27.56081534],[-51.476764254,-27.598774604],[-51.436606204,-27.629849706],[-51.435204272,-27.654398683],[-51.419153504,-27.654638585],[-51.405290831,-27.631861019],[-51.382758913,-27.624571585],[-51.370108904,-27.636671198],[-51.373466401,-27.668986895],[-51.354790813,-27.680015061],[-51.315106044,-27.675070067],[-51.302000744,-27.702559504],[-51.310035868,-27.718089438],[-51.276128043,-27.724024212],[-51.274099831,-27.749913218],[-51.246862624,-27.759633835],[-51.241198263,-27.778312874],[-51.222313435,-27.769821837],[-51.191282303,-27.77615071],[-51.157791785,-27.802889202],[-51.134606457,-27.803657081],[-51.128923216,-27.832047645],[-51.082229897,-27.833926447],[-51.078593821,-27.861597745],[-51.052990768,-27.869787962],[-51.055966231,-27.903670433],[-51.01645798,-27.925508393],[-51.021400695,-27.951269887],[-51.009189557,-27.964442142],[-50.984254224,-27.9403043],[-50.97357766,-27.954459315],[-50.92568144,-27.969388832],[-50.923238425,-28.011987779],[-50.892336125,-28.021156032],[-50.875399551,-28.040199877],[-50.881387371,-28.067256426],[-50.903936348,-28.085844421],[-50.875918797,-28.095075428],[-50.871968515,-28.137420043],[-50.858991033,-28.139705536],[-50.83240043,-28.117508189],[-50.819835575,-28.140448461],[-50.786105093,-28.141724737],[-50.788822068,-28.198335047],[-50.764395076,-28.189232713],[-50.753345242,-28.245684445],[-50.696597337,-28.267841164],[-50.69522398,-28.288519454],[-50.65880221,-28.32349544],[-50.665230633,-28.337924597],[-50.628450345,-28.364596106],[-50.624951476,-28.392588311],[-50.592266945,-28.381945854],[-50.537001531,-28.429722637],[-50.527496605,-28.403894623],[-50.456857291,-28.410651361],[-50.435909522,-28.430995769],[-50.395170966,-28.433157353],[-50.381982147,-28.446989278],[-50.359994131,-28.41983949],[-50.347604427,-28.431835511],[-50.345846508,-28.463554464],[-50.329618342,-28.434230477],[-50.272913345,-28.457071904],[-50.251113388,-28.449178479],[-50.264451571,-28.443528848],[-50.246800233,-28.428270518],[-50.222648681,-28.463272126],[-50.20323731,-28.443588348],[-50.178007407,-28.452253388],[-50.156344786,-28.497913838],[-50.139256794,-28.493953383],[-50.16052667,-28.459519237],[-50.148262357,-28.460927532],[-50.128311274,-28.428908121],[-50.111357603,-28.444470462],[-50.126186792,-28.474528138],[-50.106915415,-28.473351279],[-50.100995481,-28.48633209],[-50.086337928,-28.472685204],[-50.038596687,-28.479713011],[-50.01900421,-28.451419705],[-49.989393051,-28.457154651],[-49.975354774,-28.43904695],[-49.967225932,-28.455912728],[-49.952505373,-28.45033676],[-49.94439284,-28.482741188],[-49.928443651,-28.471409562],[-49.938546663,-28.458624217],[-49.928513776,-28.451223535],[-49.901649064,-28.464842244],[-49.888845743,-28.459420328],[-49.892909532,-28.440299959],[-49.854989594,-28.444012907],[-49.877750041,-28.455156537],[-49.863572918,-28.462845964],[-49.866649846,-28.488632311],[-49.841011293,-28.485598063],[-49.840789372,-28.496438354],[-49.826042259,-28.47844825],[-49.810980173,-28.484313556],[-49.81261108,-28.467891295],[-49.782251395,-28.49665637],[-49.781007115,-28.471767712],[-49.765279495,-28.459492295],[-49.770831682,-28.494329281],[-49.74298454,-28.495248626],[-49.746559154,-28.506825008],[-49.726566502,-28.518300997],[-49.749180556,-28.54647003],[-49.730901229,-28.551182968],[-49.720632978,-28.576902613],[-49.712307893,-28.572253692],[-49.710194673,-28.604344553],[-49.691824023,-28.622697527],[-49.750095417,-28.628909685],[-49.757363555,-28.615413857],[-49.778903928,-28.629480246],[-49.783827986,-28.60990756],[-49.816616513,-28.638144262],[-49.815505361,-28.657993665],[-49.839176662,-28.666541772],[-49.838010595,-28.690026172],[-49.813498635,-28.687045524],[-49.834866534,-28.693926498],[-49.842036123,-28.714168629],[-49.847614306,-28.703790214],[-49.871805927,-28.702986927],[-49.868019845,-28.721958517],[-49.88331875,-28.737699031],[-49.874793128,-28.744631964],[-49.895730913,-28.739271369],[-49.882554088,-28.717387518],[-49.913657296,-28.724477203],[-49.904945737,-28.707613446],[-49.934677847,-28.725676496],[-49.921743716,-28.745542586],[-49.936238656,-28.756863189],[-49.949542787,-28.752416671],[-49.961332851,-28.772180408],[-49.950558428,-28.802116468],[-49.962702413,-28.799110438],[-49.956006077,-28.8588348],[-49.969870402,-28.876492802],[-49.932108132,-28.872202869],[-49.968725211,-28.922052101],[-49.950425617,-28.928527528],[-49.95802684,-28.96255149],[-49.931904097,-28.963157542],[-49.920241574,-28.978767081],[-49.941680045,-28.981433728],[-49.942430515,-29.001209377],[-49.945420045,-28.99216709],[-49.965991121,-29.021746293],[-49.94070227,-29.022325298],[-49.960998683,-29.050807554],[-50.004413046,-29.072381592],[-49.942132584,-29.058217893],[-49.96033441,-29.070675191],[-49.956155135,-29.084924974],[-49.968259459,-29.084220486],[-49.962602491,-29.117481232],[-49.992604649,-29.117664918],[-49.981741332,-29.139078002],[-50.008315748,-29.127797004],[-50.004616342,-29.120087778],[-50.013418526,-29.12681959],[-50.005877215,-29.150413854],[-50.021061928,-29.151003456],[-50.028750659,-29.171871758],[-50.015158537,-29.186739728],[-50.03339355,-29.175282355],[-50.067873506,-29.195493016],[-50.05972674,-29.175245688],[-50.075322533,-29.188356249],[-50.093422692,-29.167910173],[-50.057155135,-29.157948958],[-50.099664974,-29.159809653],[-50.085006751,-29.192923438],[-50.096901815,-29.200291781],[-50.084767986,-29.198275364],[-50.091346165,-29.219795464],[-50.046997936,-29.217184191],[-50.083766512,-29.215381782],[-50.095156638,-29.237314204],[-50.093551952,-29.22367872],[-50.112691156,-29.24000684],[-50.112445579,-29.223733093],[-50.093275322,-29.212780786],[-50.139646921,-29.192219803],[-50.161547644,-29.203941933],[-50.133967898,-29.207907351],[-50.150668921,-29.224572727],[-50.140683211,-29.237783361],[-50.177509124,-29.248521292],[-50.138753108,-29.253524597],[-50.14493278,-29.293594305],[-50.12873637,-29.303554251],[-50.123009218,-29.281972507],[-50.119970697,-29.296780594],[-50.105231178,-29.299362816],[-50.112493995,-29.305752234],[-50.083757278,-29.31392994],[-50.087745953,-29.324322754],[-50.065772665,-29.321917598],[-50.074467985,-29.328197062],[-50.058150956,-29.329257989],[-50.068745827,-29.342606608],[-50.046775775,-29.340358565],[-50.041002735,-29.355065888],[-50.03369707,-29.349846534],[-50.051215001,-29.324111274],[-50.092448329,-29.29757904],[-50.114324175,-29.257617783],[-49.996585234,-29.228262264],[-49.965015062,-29.199444543],[-49.949834453,-29.200723309],[-49.857864196,-29.232404044],[-49.843508225,-29.277842019],[-49.742097392,-29.298820337],[-49.743589485,-29.311485395],[-49.730051806,-29.317111106],[-49.745415115,-29.328009652],[-49.712937535,-29.325583499],[-49.471674103,-29.046945675],[-49.314726235,-28.900807709],[-49.18773743,-28.802105544],[-49.016485583,-28.695366723],[-48.863553757,-28.617266175],[-48.813605262,-28.606308333],[-48.813049278,-28.58503257],[-48.76149446,-28.53548582],[-48.74453153,-28.496744829],[-48.761952536,-28.493370648],[-48.766138273,-28.465333471],[-48.738268391,-28.423367586],[-48.742012056,-28.391360798],[-48.697538783,-28.337762716],[-48.709154124,-28.323425376],[-48.687175576,-28.273266311],[-48.645433028,-28.234599278],[-48.666362685,-28.217900007],[-48.662469163,-28.179973712],[-48.635577836,-28.139048065],[-48.645096227,-28.129745272],[-48.630447631,-28.119475186],[-48.631856493,-28.085036379],[-48.60908143,-28.062767309],[-48.597773859,-28.030142647],[-48.62994043,-28.009750835],[-48.625364883,-27.955247061],[-48.573133318,-27.885972956],[-48.575155593,-27.877335525],[-48.596240334,-27.882352557],[-48.600828144,-27.858389512],[-48.544270814,-27.829877111],[-48.525139497,-27.785074243],[-48.509442005,-27.781906186],[-48.497897164,-27.794994946],[-48.483675794,-27.785522943],[-48.476517794,-27.763495624],[-48.50633365,-27.747482963],[-48.50553476,-27.724071696],[-48.467303982,-27.651186491],[-48.431376423,-27.616154629],[-48.435758039,-27.607494597],[-48.411885937,-27.575010445],[-48.428347808,-27.568259925],[-48.424113786,-27.538225919],[-48.360369914,-27.446464951],[-48.365105934,-27.432556443],[-48.373443455,-27.443951168],[-48.395417098,-27.430883847],[-48.416637344,-27.380560617],[-48.483472299,-27.378282945],[-48.526270411,-27.408262037],[-48.53696893,-27.357958981],[-48.523343141,-27.334056906],[-48.538124921,-27.325425268],[-48.539198485,-27.299069878],[-48.553880704,-27.31432318],[-48.56430936,-27.308450232],[-48.588131416,-27.319531213],[-48.615467533,-27.271683035],[-48.607304816,-27.219727993],[-48.577965531,-27.211441871],[-48.5422741,-27.182625933],[-48.521761283,-27.181257538],[-48.50205835,-27.195186564],[-48.513072295,-27.221517262],[-48.477733335,-27.206735394],[-48.475643471,-27.199748309],[-48.495261221,-27.198461121],[-48.499049966,-27.17294539],[-48.46487316,-27.14396444],[-48.475910098,-27.145711415],[-48.478629022,-27.134297001],[-48.48363573,-27.148117737],[-48.504298835,-27.143558955],[-48.513961235,-27.131516803],[-48.507772548,-27.110321248],[-48.528453567,-27.123200447],[-48.536797638,-27.150154473],[-48.564000822,-27.155723887],[-48.60869636,-27.115295683],[-48.613645022,-27.098071091],[-48.588014714,-27.079279611],[-48.594087681,-27.062795921],[-48.569122405,-27.008966415],[-48.579693765,-27.009687217],[-48.582984968,-26.992691897],[-48.601958432,-26.995437387],[-48.601431121,-27.005886725],[-48.628322051,-26.993164738],[-48.635070408,-26.975792565],[-48.621504757,-26.925688333],[-48.639852476,-26.921560695],[-48.643652483,-26.90494065],[-48.62751531,-26.833296043],[-48.60268971,-26.827329249],[-48.583837715,-26.785819914],[-48.598709077,-26.772187251],[-48.60531238,-26.789065509],[-48.617845491,-26.790126578],[-48.647253258,-26.762167061],[-48.653555403,-26.772187158],[-48.668862517,-26.766898197],[-48.688466266,-26.67982137],[-48.655529667,-26.556803698],[-48.593545312,-26.453070898],[-48.593018472,-26.409024952],[-48.493002284,-26.218393272],[-48.506109808,-26.226489161],[-48.520023052,-26.219184479],[-48.52764558,-26.163822571],[-48.549777511,-26.170850386],[-48.58882936,-26.154487473],[-48.610608067,-26.060757446],[-48.595324647,-25.976766318],[-48.609967859,-25.984374601],[-48.634062072,-25.977747481],[-48.644369623,-25.955841821],[-48.682032316,-25.983671318],[-48.960478396,-25.980799831],[-48.950361924,-25.989991887],[-48.979440016,-25.988916171],[-48.984349891,-26.004572972],[-49.007104954,-26.016095822],[-49.040744503,-26.003871822],[-49.054367206,-26.020952646],[-49.071707626,-26.000394711],[-49.098108689,-26.010456712],[-49.125793892,-25.996131482],[-49.14024987,-26.015872552],[-49.174959622,-26.000054109],[-49.238349456,-26.031016802],[-49.266468147,-26.080831066],[-49.293513442,-26.082513613],[-49.289621603,-26.103778562],[-49.303105448,-26.113445403],[-49.3217042,-26.109979941],[-49.370215227,-26.155753313],[-49.390078356,-26.160220492],[-49.40036921,-26.150503928],[-49.409057142,-26.161743829],[-49.4164959,-26.153054789],[-49.416939413,-26.16510668],[-49.437435077,-26.172944904],[-49.439752877,-26.16390115],[-49.460930626,-26.162296073],[-49.478903433,-26.186310419],[-49.487211263,-26.180447426],[-49.500164984,-26.203514429],[-49.490453677,-26.210777454],[-49.49631685,-26.221353581],[-49.519900961,-26.227091106],[-49.537963196,-26.212853738],[-49.5382732,-26.230089683],[-49.551979836,-26.225125185],[-49.555618723,-26.237353035],[-49.578483599,-26.213548973],[-49.578388365,-26.227151033],[-49.59102644,-26.231638361],[-49.587679529,-26.217098149],[-49.601685837,-26.228628634],[-49.605235204,-26.211931038],[-49.634588432,-26.209019254],[-49.625347436,-26.201677785],[-49.633659434,-26.189923425],[-49.643919958,-26.210082072],[-49.653689997,-26.186959905],[-49.691236171,-26.189305615],[-49.676900904,-26.176068723],[-49.690583689,-26.177112162],[-49.711455531,-26.154323554],[-49.727533038,-26.171436033],[-49.737250054,-26.157534751],[-49.724709216,-26.144539599],[-49.748964051,-26.140118127],[-49.748799196,-26.124173687],[-49.768305835,-26.104313968],[-49.776947983,-26.101819914],[-49.767809577,-26.110367417],[-49.778345986,-26.119894194],[-49.787368848,-26.098461136],[-49.793005111,-26.113456588],[-49.807053983,-26.088909424],[-49.824999807,-26.09342534],[-49.829569472,-26.069297761],[-49.841469685,-26.077204065],[-49.831695354,-26.05309625],[-49.844640497,-26.064798945],[-49.863559332,-26.055048489],[-49.86996943,-26.033250127],[-49.914790194,-26.025422863],[-49.935066454,-26.033141514],[-49.94169448,-26.00841401],[-49.960788994,-26.020984459],[-49.947952834,-26.030319767],[-49.971654587,-26.058380432],[-49.963137693,-26.027598417],[-49.977454383,-26.013682273],[-50.010940015,-26.013328244],[-50.005573839,-26.046094332],[-50.036180013,-26.027016584],[-50.07134346,-26.034889296],[-50.076197846,-26.046409264],[-50.082697208,-26.024088703],[-50.118400783,-26.063622793],[-50.131554065,-26.042273325],[-50.148239132,-26.058319742],[-50.14016319,-26.026583422],[-50.170250823,-26.025188521],[-50.180110258,-26.033220551],[-50.153351907,-26.041849554],[-50.180281059,-26.079042494],[-50.208783363,-26.057019418],[-50.224429675,-26.060364073],[-50.236338911,-26.035460866],[-50.251221829,-26.030473523],[-50.251793754,-26.051443772],[-50.267282865,-26.042618764],[-50.298014156,-26.054317059],[-50.331733843,-26.083421012],[-50.324816467,-26.12207168],[-50.333897843,-26.125120098],[-50.321942886,-26.125747856],[-50.32426032,-26.135279907],[-50.369235298,-26.111753935],[-50.361847205,-26.093221173],[-50.403333186,-26.056979701],[-50.408568426,-26.065870061],[-50.432836006,-26.062114947],[-50.449292694,-26.04492687],[-50.443788037,-26.034298097],[-50.459112711,-26.036625899],[-50.471825655,-26.020972862],[-50.478196117,-26.034421711],[-50.479045056,-26.025563037],[-50.499100381,-26.022208631],[-50.504259292,-26.032017972],[-50.513303744,-26.026129671],[-50.547977395,-26.039610541],[-50.57023061,-26.00195283],[-50.591489493,-26.02253927],[-50.59145191,-26.041494832],[-50.552509196,-26.042631778],[-50.551907601,-26.057558173],[-50.594801084,-26.070395945],[-50.630999113,-26.064621096],[-50.65656233,-26.101813106],[-50.648310372,-26.130350162],[-50.677589455,-26.147218118],[-50.699682499,-26.184463238],[-50.73114299,-26.205816942],[-50.716404263,-26.245000936],[-50.742109323,-26.249235223],[-50.750563037,-26.2244501],[-50.780717602,-26.225234601],[-50.8244865,-26.244822864],[-50.838599231,-26.271469084],[-50.868568007,-26.241364482],[-50.881961878,-26.279265757],[-50.901552644,-26.289332104],[-50.908206961,-26.251214283],[-50.932512859,-26.234491843],[-50.944196443,-26.238053557],[-50.931553235,-26.268495501],[-50.945280083,-26.282661188],[-50.969985782,-26.26328928],[-50.974891776,-26.244115729],[-50.998972574,-26.231053362],[-51.056845681,-26.243901681],[-51.078873175,-26.227423775],[-51.10431305,-26.276121231],[-51.136609237,-26.286168209],[-51.15407912,-26.279518489],[-51.187805868,-26.301156249],[-51.207197779,-26.29630125],[-51.215820382,-26.315947972],[-51.247951214,-26.329866406],[-51.260107016,-26.36251831],[-51.250999069,-26.374363985],[-51.300492897,-26.417871932],[-51.273716028,-26.444873592],[-51.277284235,-26.458428874],[-51.253057324,-26.46229571],[-51.25920179,-26.471114559],[-51.250288456,-26.473990305],[-51.273174352,-26.498304166],[-51.215395375,-26.567439267],[-51.222072009,-26.593741836],[-51.23784671,-26.605062212],[-51.227102373,-26.615233848],[-51.239259914,-26.628670837],[-51.276876222,-26.635676031],[-51.283401092,-26.653630286],[-51.322748548,-26.65719837],[-51.331960269,-26.646700865],[-51.391129717,-26.66324744],[-51.405302486,-26.676147671],[-51.392777806,-26.684878681],[-51.394249371,-26.703001383],[-51.411475157,-26.717122006],[-51.407317631,-26.700619957],[-51.435346005,-26.688178097],[-51.454882992,-26.640658225],[-51.46884268,-26.621244025],[-51.486701032,-26.624424297],[-51.480028455,-26.605956808],[-51.507794975,-26.580924173],[-51.535607363,-26.591797879],[-51.630993879,-26.587818311],[-51.666211089,-26.563751727],[-51.694164981,-26.581211332],[-51.734545769,-26.572375919],[-51.789399026,-26.588682387],[-51.814383973,-26.577560646],[-51.873450526,-26.599362502],[-51.896719846,-26.579982002],[-51.9283319,-26.584368478],[-51.94654843,-26.569768787],[-52.008767538,-26.566560601],[-52.032624035,-26.540684623],[-52.081353912,-26.525111013],[-52.100504305,-26.481742058],[-52.166694616,-26.464980566],[-52.18634301,-26.445116679],[-52.229811805,-26.467043113],[-52.261622169,-26.454280768],[-52.278519316,-26.460740036],[-52.311761557,-26.438829852],[-52.335172395,-26.443251736],[-52.365716488,-26.43275865],[-52.377419466,-26.440956735],[-52.400037727,-26.423144062],[-52.419205398,-26.437337913],[-52.45917556,-26.44112261],[-52.524536411,-26.399125283],[-52.602652084,-26.415420296],[-52.678622037,-26.352675982],[-52.7188906,-26.357300987],[-52.737763196,-26.34218492],[-52.763493612,-26.353670677],[-52.846928539,-26.344406534],[-52.874063355,-26.361040777],[-52.942169878,-26.362837471],[-52.988357197,-26.345773902],[-53.046440596,-26.38137752],[-53.093227957,-26.392022132],[-53.093270473,-26.382484085],[-53.126996796,-26.372488063],[-53.144401476,-26.344782795],[-53.165446968,-26.35127958],[-53.184468556,-26.34380644],[-53.264534542,-26.289329813],[-53.280836643,-26.24613434],[-53.304855725,-26.260528981],[-53.376071914,-26.24161402],[-53.424694426,-26.280066658],[-53.498409262,-26.303040648],[-53.55348361,-26.292609592],[-53.582216278,-26.272416834],[-53.586294673,-26.255866292],[-53.628043227,-26.263264589],[-53.638953361,-26.25079419]]]]},"properties":{"CD_UF":42,"NM_UF":"Santa Catarina","SIGLA_UF":"SC","NM_REGIAO":"Sul","color":"green"}},{"type":"Feature","geometry":{"type":"Polygon","coordinates":[[[-53.837096159,-27.168434117],[-53.869897593,-27.125197488],[-53.905039461,-27.175438056],[-53.953099684,-27.152939449],[-53.9601656,-27.19533629],[-54.008017287,-27.198394644],[-54.024389746,-27.25165431],[-54.05194462,-27.26153812],[-54.089106724,-27.3013172],[-54.154895052,-27.296858521],[-54.157328289,-27.263205732],[-54.174188624,-27.254911067],[-54.189043751,-27.271616883],[-54.214436166,-27.381578109],[-54.263973796,-27.39933335],[-54.268293101,-27.436263614],[-54.28295926,-27.447778233],[-54.338904944,-27.403220792],[-54.335066063,-27.45129463],[-54.351550638,-27.467048412],[-54.411404279,-27.405285992],[-54.439119884,-27.424748647],[-54.469925062,-27.425836751],[-54.44579561,-27.472137252],[-54.506197772,-27.482349089],[-54.52492355,-27.506171577],[-54.58097102,-27.45325741],[-54.626897462,-27.54402224],[-54.642401889,-27.544802878],[-54.660078849,-27.508598155],[-54.675475714,-27.505781268],[-54.671664836,-27.566416709],[-54.680856256,-27.574501411],[-54.738526183,-27.560939031],[-54.758725082,-27.581503464],[-54.778127393,-27.58371665],[-54.795186624,-27.534982851],[-54.809787122,-27.530047424],[-54.847722202,-27.621313062],[-54.888505155,-27.626612098],[-54.906595577,-27.641876416],[-54.902486735,-27.715568627],[-54.937407401,-27.770452225],[-54.949424177,-27.779284551],[-54.988766234,-27.772243665],[-55.014204911,-27.79702778],[-55.050913159,-27.768755106],[-55.080224413,-27.778276914],[-55.082710593,-27.796858318],[-55.027627524,-27.830245766],[-55.029832837,-27.854619669],[-55.085309264,-27.843095745],[-55.11383254,-27.848991256],[-55.133124732,-27.896108774],[-55.17156036,-27.861276038],[-55.202682698,-27.857859196],[-55.266461738,-27.929789546],[-55.319258227,-27.921947881],[-55.339989421,-27.966526115],[-55.382275582,-27.979103798],[-55.369395009,-28.027260536],[-55.422174847,-28.062161107],[-55.442556991,-28.094311131],[-55.495518604,-28.076862094],[-55.513242861,-28.114647762],[-55.539829655,-28.122605054],[-55.557546168,-28.164563831],[-55.585339959,-28.147951514],[-55.586944567,-28.119540009],[-55.610730306,-28.117455428],[-55.634230877,-28.177838153],[-55.65301678,-28.182101573],[-55.692580045,-28.218790285],[-55.771246057,-28.241454537],[-55.782558681,-28.256057437],[-55.773178582,-28.274240075],[-55.732909804,-28.285975314],[-55.670421342,-28.334391723],[-55.695247523,-28.422966258],[-55.713461388,-28.425755348],[-55.734352473,-28.381209513],[-55.756566743,-28.369431419],[-55.85058491,-28.355389968],[-55.878739289,-28.361847289],[-55.903049485,-28.407644343],[-55.884006045,-28.479163057],[-56.011224108,-28.506893367],[-56.025690045,-28.534793604],[-56.002370917,-28.578298665],[-56.009792587,-28.605826351],[-56.119150943,-28.68124749],[-56.188123895,-28.772280931],[-56.260931114,-28.77900681],[-56.289112696,-28.793721967],[-56.301210668,-28.817045975],[-56.300054078,-28.895560812],[-56.327280993,-28.928223314],[-56.378990174,-28.948029927],[-56.406335992,-28.972595637],[-56.416174189,-29.00073642],[-56.399117272,-29.017351596],[-56.415997499,-29.068960172],[-56.514855529,-29.092661987],[-56.544307531,-29.115737329],[-56.588753418,-29.119812818],[-56.645842989,-29.200293956],[-56.650714091,-29.26434826],[-56.699965305,-29.356440893],[-56.768401557,-29.377998887],[-56.779500372,-29.437372594],[-56.822092442,-29.4900248],[-56.901961734,-29.533816707],[-56.95091776,-29.580687251],[-56.971397969,-29.610284187],[-56.971148366,-29.643406403],[-57.000923686,-29.651914638],[-57.033434897,-29.695707785],[-57.131905357,-29.770160056],[-57.235400158,-29.780788386],[-57.282178511,-29.817288264],[-57.324578905,-29.872817849],[-57.328140707,-29.972036783],[-57.35198068,-30.008058557],[-57.417521641,-30.038372564],[-57.464604258,-30.110343034],[-57.525614706,-30.151385455],[-57.588019079,-30.178344798],[-57.639613701,-30.176744266],[-57.649742824,-30.189320897],[-57.603367435,-30.189671133],[-57.563072907,-30.209109511],[-57.566339844,-30.259111206],[-57.525408793,-30.28547219],[-57.500273086,-30.288853132],[-57.486759698,-30.266829239],[-57.463523412,-30.265399861],[-57.452295289,-30.276037447],[-57.416404531,-30.277977874],[-57.421380893,-30.300875659],[-57.392352245,-30.304673263],[-57.369834508,-30.27301152],[-57.352036009,-30.28448503],[-57.314329424,-30.257747978],[-57.284564521,-30.293722065],[-57.261769094,-30.267223299],[-57.250077175,-30.289156862],[-57.220261387,-30.289285372],[-57.202911855,-30.284429628],[-57.196253077,-30.264506478],[-57.155162119,-30.234136228],[-57.168219363,-30.197636072],[-57.12916502,-30.140838055],[-57.114483285,-30.145457403],[-57.105700233,-30.135128877],[-57.115987452,-30.113843281],[-57.091186163,-30.121515829],[-57.06908076,-30.085575017],[-57.067840542,-30.101209256],[-57.044805033,-30.10573889],[-57.023898099,-30.087542221],[-56.993442554,-30.085711772],[-56.95558087,-30.101144856],[-56.917773671,-30.096201725],[-56.905382203,-30.113469962],[-56.884823658,-30.087123281],[-56.808075013,-30.103240694],[-56.800881909,-30.121152795],[-56.780271012,-30.126630374],[-56.776536074,-30.163373991],[-56.705648384,-30.176063793],[-56.697190807,-30.205035929],[-56.681947695,-30.194497084],[-56.646532694,-30.203847685],[-56.668742481,-30.218101647],[-56.650740244,-30.220435096],[-56.624125477,-30.246584292],[-56.639172488,-30.259127616],[-56.609497959,-30.26943734],[-56.618743469,-30.301229021],[-56.577391464,-30.288924907],[-56.55784311,-30.319175258],[-56.541563249,-30.313142318],[-56.546144008,-30.360649403],[-56.519431872,-30.359803913],[-56.491364756,-30.398109429],[-56.460783082,-30.385639489],[-56.44453711,-30.411607578],[-56.453918158,-30.422542186],[-56.416434421,-30.431362627],[-56.39818767,-30.448439297],[-56.406236337,-30.468610549],[-56.383495137,-30.498822421],[-56.368259598,-30.503167334],[-56.357154711,-30.491680323],[-56.32291511,-30.531818236],[-56.292207655,-30.520503957],[-56.282152902,-30.55984999],[-56.258337556,-30.562013029],[-56.261838849,-30.584646572],[-56.23311561,-30.574854455],[-56.223841158,-30.584795904],[-56.234205491,-30.59360574],[-56.219880056,-30.60707829],[-56.193001073,-30.603792266],[-56.170944378,-30.614523856],[-56.181344931,-30.631309591],[-56.165564875,-30.640891871],[-56.160757579,-30.671215763],[-56.137407497,-30.683628697],[-56.150792176,-30.704700995],[-56.130307008,-30.716515125],[-56.128159971,-30.739625103],[-56.10733011,-30.732001899],[-56.088389961,-30.757524741],[-56.072732419,-30.745383164],[-56.062134906,-30.775021431],[-56.022980505,-30.786143258],[-56.016969207,-30.818453821],[-55.989644964,-30.858991616],[-56.015292624,-30.944510397],[-56.005694093,-30.973232979],[-56.018102357,-31.009931901],[-56.011123407,-31.081577829],[-55.992674472,-31.08504726],[-55.97929877,-31.073199622],[-55.933597395,-31.087053415],[-55.898695272,-31.066708886],[-55.882445464,-31.077273116],[-55.855281667,-31.045115724],[-55.829778616,-31.04369812],[-55.812183409,-31.014694439],[-55.776717881,-31.015600854],[-55.766558539,-31.010018534],[-55.77319898,-30.99705388],[-55.752332921,-30.998583055],[-55.746639146,-30.979462688],[-55.728291271,-30.979452491],[-55.723905163,-30.94275449],[-55.709650112,-30.954624876],[-55.694872634,-30.943451617],[-55.666186387,-30.953978471],[-55.663468211,-30.933168204],[-55.642117896,-30.911600886],[-55.663162618,-30.87386268],[-55.657823419,-30.863823521],[-55.637861408,-30.846223419],[-55.604521648,-30.849862118],[-55.578614784,-30.832902244],[-55.54590851,-30.890544093],[-55.532526675,-30.902372217],[-55.510174484,-30.901755758],[-55.504159615,-30.92475431],[-55.488594986,-30.925361775],[-55.48668994,-30.947662737],[-55.441290549,-30.959731491],[-55.424579825,-30.985628926],[-55.437049508,-31.00471582],[-55.423708921,-31.017753056],[-55.399930412,-31.028563442],[-55.373892418,-31.019087276],[-55.369282915,-31.034397812],[-55.349445951,-31.03919517],[-55.360103247,-31.067434258],[-55.327474301,-31.088180065],[-55.340103752,-31.131418861],[-55.312974159,-31.147049987],[-55.290929452,-31.142260568],[-55.290618701,-31.163670921],[-55.270958854,-31.17696321],[-55.282717325,-31.193907416],[-55.250104999,-31.206008475],[-55.240118765,-31.260572952],[-55.169419524,-31.269405373],[-55.152338464,-31.293227349],[-55.074464301,-31.33208968],[-55.057356022,-31.331746259],[-55.060083718,-31.315429999],[-55.04236288,-31.307031197],[-55.031893484,-31.269741441],[-55.007170903,-31.266874007],[-54.978780062,-31.316999975],[-54.95307121,-31.331971336],[-54.959208878,-31.352454139],[-54.935052964,-31.3564763],[-54.94064672,-31.380645831],[-54.885978935,-31.377277808],[-54.836455277,-31.441938325],[-54.752022695,-31.424462861],[-54.670337879,-31.454078297],[-54.586458561,-31.45655296],[-54.577073113,-31.481337048],[-54.515644167,-31.510177384],[-54.493643265,-31.558138817],[-54.452386338,-31.599336605],[-54.466622658,-31.613042061],[-54.453664058,-31.629955841],[-54.456226811,-31.651700546],[-54.144649436,-31.881820773],[-54.140520381,-31.894892557],[-54.110291845,-31.908032485],[-54.100550867,-31.928078642],[-54.086738922,-31.935145313],[-54.032733725,-31.89547489],[-54.004381156,-31.914629909],[-53.969790229,-31.917701628],[-53.961697629,-31.930243588],[-53.972538243,-31.940545344],[-53.960580496,-31.955280034],[-53.91324346,-31.965676244],[-53.891399549,-31.99569056],[-53.849757931,-32.00058777],[-53.852617502,-32.029676441],[-53.837617621,-32.033395202],[-53.827589932,-32.059409703],[-53.74582637,-32.078093681],[-53.745366378,-32.091439946],[-53.72527415,-32.095846883],[-53.744228281,-32.115262487],[-53.725728253,-32.140055307],[-53.735172816,-32.151607565],[-53.717611723,-32.153002601],[-53.723488245,-32.17367933],[-53.702781222,-32.188420637],[-53.711327694,-32.199005713],[-53.693538359,-32.204847038],[-53.67779398,-32.258597895],[-53.64286393,-32.296299477],[-53.65717015,-32.316818584],[-53.633339898,-32.350276176],[-53.645205366,-32.383854226],[-53.61437521,-32.398403963],[-53.615031129,-32.416572979],[-53.584039825,-32.451305357],[-53.526423068,-32.489022926],[-53.520318438,-32.48106087],[-53.517071439,-32.489241024],[-53.464354925,-32.48472994],[-53.432432613,-32.564931117],[-53.421797718,-32.558259145],[-53.389989282,-32.586509286],[-53.369697048,-32.569865999],[-53.355538053,-32.590574606],[-53.333156064,-32.585036571],[-53.288805117,-32.621096639],[-53.27179696,-32.605223486],[-53.249489651,-32.60320881],[-53.240505162,-32.627136115],[-53.186495134,-32.644876044],[-53.075576529,-32.740880248],[-53.085801822,-32.788349593],[-53.145688958,-32.792022625],[-53.184958974,-32.850432989],[-53.294575453,-32.89929729],[-53.310159435,-32.918760451],[-53.244705157,-32.934882241],[-53.444409343,-33.052948091],[-53.518252648,-33.153352325],[-53.521737382,-33.265149945],[-53.507917421,-33.353135666],[-53.523625528,-33.593475193],[-53.536507382,-33.613405925],[-53.525973002,-33.625565831],[-53.532350027,-33.68880449],[-53.439515993,-33.693461414],[-53.431051084,-33.739354759],[-53.417238801,-33.748092361],[-53.369912996,-33.743837651],[-53.156243085,-33.59008212],[-52.776731613,-33.283086277],[-52.65011109,-33.141691129],[-52.487912821,-32.851065838],[-52.415733874,-32.605233574],[-52.359875037,-32.463961723],[-52.293031035,-32.338318744],[-52.225211647,-32.25122891],[-52.133079012,-32.173926679],[-52.081997254,-32.16002161],[-51.968907555,-32.031838444],[-51.847672319,-31.930777596],[-51.483723779,-31.731932463],[-51.267521842,-31.578613405],[-51.040080281,-31.359945266],[-50.879140682,-31.227041526],[-50.767239345,-31.110111934],[-50.340097729,-30.511192565],[-50.052783079,-29.838302075],[-49.911589981,-29.590778436],[-49.712937535,-29.325583499],[-49.745415115,-29.328009652],[-49.730051806,-29.317111106],[-49.743589485,-29.311485395],[-49.742097392,-29.298820337],[-49.843508225,-29.277842019],[-49.857864196,-29.232404044],[-49.949834453,-29.200723309],[-49.965015062,-29.199444543],[-49.996585234,-29.228262264],[-50.114324175,-29.257617783],[-50.092448329,-29.29757904],[-50.051215001,-29.324111274],[-50.03369707,-29.349846534],[-50.041002735,-29.355065888],[-50.046775775,-29.340358565],[-50.068745827,-29.342606608],[-50.058150956,-29.329257989],[-50.074467985,-29.328197062],[-50.065772665,-29.321917598],[-50.087745953,-29.324322754],[-50.083757278,-29.31392994],[-50.112493995,-29.305752234],[-50.105231178,-29.299362816],[-50.119970697,-29.296780594],[-50.123009218,-29.281972507],[-50.12873637,-29.303554251],[-50.14493278,-29.293594305],[-50.138753108,-29.253524597],[-50.177509124,-29.248521292],[-50.140683211,-29.237783361],[-50.150668921,-29.224572727],[-50.133967898,-29.207907351],[-50.161547644,-29.203941933],[-50.139646921,-29.192219803],[-50.093275322,-29.212780786],[-50.112445579,-29.223733093],[-50.112691156,-29.24000684],[-50.093551952,-29.22367872],[-50.095156638,-29.237314204],[-50.083766512,-29.215381782],[-50.046997936,-29.217184191],[-50.091346165,-29.219795464],[-50.084767986,-29.198275364],[-50.096901815,-29.200291781],[-50.085006751,-29.192923438],[-50.099664974,-29.159809653],[-50.057155135,-29.157948958],[-50.093422692,-29.167910173],[-50.075322533,-29.188356249],[-50.05972674,-29.175245688],[-50.067873506,-29.195493016],[-50.03339355,-29.175282355],[-50.015158537,-29.186739728],[-50.028750659,-29.171871758],[-50.021061928,-29.151003456],[-50.005877215,-29.150413854],[-50.013418526,-29.12681959],[-50.004616342,-29.120087778],[-50.008315748,-29.127797004],[-49.981741332,-29.139078002],[-49.992604649,-29.117664918],[-49.962602491,-29.117481232],[-49.968259459,-29.084220486],[-49.956155135,-29.084924974],[-49.96033441,-29.070675191],[-49.942132584,-29.058217893],[-50.004413046,-29.072381592],[-49.960998683,-29.050807554],[-49.94070227,-29.022325298],[-49.965991121,-29.021746293],[-49.945420045,-28.99216709],[-49.942430515,-29.001209377],[-49.941680045,-28.981433728],[-49.920241574,-28.978767081],[-49.931904097,-28.963157542],[-49.95802684,-28.96255149],[-49.950425617,-28.928527528],[-49.968725211,-28.922052101],[-49.932108132,-28.872202869],[-49.969870402,-28.876492802],[-49.956006077,-28.8588348],[-49.962702413,-28.799110438],[-49.950558428,-28.802116468],[-49.961332851,-28.772180408],[-49.949542787,-28.752416671],[-49.936238656,-28.756863189],[-49.921743716,-28.745542586],[-49.934677847,-28.725676496],[-49.904945737,-28.707613446],[-49.913657296,-28.724477203],[-49.882554088,-28.717387518],[-49.895730913,-28.739271369],[-49.874793128,-28.744631964],[-49.88331875,-28.737699031],[-49.868019845,-28.721958517],[-49.871805927,-28.702986927],[-49.847614306,-28.703790214],[-49.842036123,-28.714168629],[-49.834866534,-28.693926498],[-49.813498635,-28.687045524],[-49.838010595,-28.690026172],[-49.839176662,-28.666541772],[-49.815505361,-28.657993665],[-49.816616513,-28.638144262],[-49.783827986,-28.60990756],[-49.778903928,-28.629480246],[-49.757363555,-28.615413857],[-49.750095417,-28.628909685],[-49.691824023,-28.622697527],[-49.710194673,-28.604344553],[-49.712307893,-28.572253692],[-49.720632978,-28.576902613],[-49.730901229,-28.551182968],[-49.749180556,-28.54647003],[-49.726566502,-28.518300997],[-49.746559154,-28.506825008],[-49.74298454,-28.495248626],[-49.770831682,-28.494329281],[-49.765279495,-28.459492295],[-49.781007115,-28.471767712],[-49.782251395,-28.49665637],[-49.81261108,-28.467891295],[-49.810980173,-28.484313556],[-49.826042259,-28.47844825],[-49.840789372,-28.496438354],[-49.841011293,-28.485598063],[-49.866649846,-28.488632311],[-49.863572918,-28.462845964],[-49.877750041,-28.455156537],[-49.854989594,-28.444012907],[-49.892909532,-28.440299959],[-49.888845743,-28.459420328],[-49.901649064,-28.464842244],[-49.928513776,-28.451223535],[-49.938546663,-28.458624217],[-49.928443651,-28.471409562],[-49.94439284,-28.482741188],[-49.952505373,-28.45033676],[-49.967225932,-28.455912728],[-49.975354774,-28.43904695],[-49.989393051,-28.457154651],[-50.01900421,-28.451419705],[-50.038596687,-28.479713011],[-50.086337928,-28.472685204],[-50.100995481,-28.48633209],[-50.106915415,-28.473351279],[-50.126186792,-28.474528138],[-50.111357603,-28.444470462],[-50.128311274,-28.428908121],[-50.148262357,-28.460927532],[-50.16052667,-28.459519237],[-50.139256794,-28.493953383],[-50.156344786,-28.497913838],[-50.178007407,-28.452253388],[-50.20323731,-28.443588348],[-50.222648681,-28.463272126],[-50.246800233,-28.428270518],[-50.264451571,-28.443528848],[-50.251113388,-28.449178479],[-50.272913345,-28.457071904],[-50.329618342,-28.434230477],[-50.345846508,-28.463554464],[-50.347604427,-28.431835511],[-50.359994131,-28.41983949],[-50.381982147,-28.446989278],[-50.395170966,-28.433157353],[-50.435909522,-28.430995769],[-50.456857291,-28.410651361],[-50.527496605,-28.403894623],[-50.537001531,-28.429722637],[-50.592266945,-28.381945854],[-50.624951476,-28.392588311],[-50.628450345,-28.364596106],[-50.665230633,-28.337924597],[-50.65880221,-28.32349544],[-50.69522398,-28.288519454],[-50.696597337,-28.267841164],[-50.753345242,-28.245684445],[-50.764395076,-28.189232713],[-50.788822068,-28.198335047],[-50.786105093,-28.141724737],[-50.819835575,-28.140448461],[-50.83240043,-28.117508189],[-50.858991033,-28.139705536],[-50.871968515,-28.137420043],[-50.875918797,-28.095075428],[-50.903936348,-28.085844421],[-50.881387371,-28.067256426],[-50.875399551,-28.040199877],[-50.892336125,-28.021156032],[-50.923238425,-28.011987779],[-50.92568144,-27.969388832],[-50.97357766,-27.954459315],[-50.984254224,-27.9403043],[-51.009189557,-27.964442142],[-51.021400695,-27.951269887],[-51.01645798,-27.925508393],[-51.055966231,-27.903670433],[-51.052990768,-27.869787962],[-51.078593821,-27.861597745],[-51.082229897,-27.833926447],[-51.128923216,-27.832047645],[-51.134606457,-27.803657081],[-51.157791785,-27.802889202],[-51.191282303,-27.77615071],[-51.222313435,-27.769821837],[-51.241198263,-27.778312874],[-51.246862624,-27.759633835],[-51.274099831,-27.749913218],[-51.276128043,-27.724024212],[-51.310035868,-27.718089438],[-51.302000744,-27.702559504],[-51.315106044,-27.675070067],[-51.354790813,-27.680015061],[-51.373466401,-27.668986895],[-51.370108904,-27.636671198],[-51.382758913,-27.624571585],[-51.405290831,-27.631861019],[-51.419153504,-27.654638585],[-51.435204272,-27.654398683],[-51.436606204,-27.629849706],[-51.476764254,-27.598774604],[-51.487012918,-27.56081534],[-51.547738412,-27.559078689],[-51.570337493,-27.58340083],[-51.587382786,-27.565626787],[-51.579971224,-27.523617569],[-51.625732993,-27.545479039],[-51.621615604,-27.494645039],[-51.642575475,-27.491490371],[-51.647432697,-27.516331884],[-51.659663417,-27.51930095],[-51.677501848,-27.504892964],[-51.674228654,-27.486459341],[-51.692167853,-27.478216924],[-51.709725504,-27.487794091],[-51.720360431,-27.513506362],[-51.75352778,-27.487197442],[-51.799489176,-27.490875418],[-51.800771566,-27.506003564],[-51.785235147,-27.521009077],[-51.793032878,-27.531204394],[-51.821785808,-27.512789197],[-51.851488327,-27.524612996],[-51.843627017,-27.483135867],[-51.863069302,-27.475240433],[-51.879713745,-27.487408442],[-51.875354328,-27.517952514],[-51.892270805,-27.519706748],[-51.902496487,-27.461103032],[-51.958281455,-27.474362881],[-51.963794231,-27.463136022],[-51.93921836,-27.446027559],[-51.935776899,-27.42874909],[-51.960825329,-27.412563563],[-52.007796754,-27.403897152],[-51.990942671,-27.389092468],[-51.952099043,-27.395173633],[-51.952086668,-27.380247126],[-52.017134237,-27.367838908],[-52.023216864,-27.355880234],[-52.007199825,-27.339326097],[-52.015004661,-27.330895607],[-52.044751551,-27.346553447],[-52.074093206,-27.338353208],[-52.10328705,-27.346695646],[-52.114331127,-27.30501918],[-52.168005242,-27.312270807],[-52.159305459,-27.281563567],[-52.168334362,-27.270915124],[-52.21588419,-27.332528647],[-52.241137315,-27.304270853],[-52.277719297,-27.300224323],[-52.267991127,-27.283248642],[-52.236856617,-27.273769225],[-52.238531512,-27.262083679],[-52.301927146,-27.25980037],[-52.296492711,-27.318090947],[-52.34525937,-27.288277662],[-52.374962889,-27.305089576],[-52.385771819,-27.253515506],[-52.399690365,-27.256569621],[-52.398060505,-27.292575994],[-52.439085315,-27.264404863],[-52.437628284,-27.216232291],[-52.479814908,-27.235542765],[-52.483207594,-27.267205307],[-52.534644288,-27.261035546],[-52.549813083,-27.238337623],[-52.633219838,-27.265480522],[-52.667575568,-27.237849514],[-52.691956141,-27.284547992],[-52.706086583,-27.275748198],[-52.716236038,-27.236045627],[-52.730313892,-27.238083711],[-52.743368627,-27.258247163],[-52.757561304,-27.257491766],[-52.763559701,-27.21123327],[-52.807515266,-27.202372079],[-52.84258156,-27.21021582],[-52.852504848,-27.169927068],[-52.929311443,-27.204076352],[-52.938321468,-27.170805116],[-52.956692261,-27.163257845],[-52.969824748,-27.216218891],[-52.984366303,-27.221472276],[-53.002564374,-27.197622712],[-52.982853273,-27.164994802],[-52.991663623,-27.140966664],[-53.003005661,-27.135614625],[-53.029907396,-27.15950573],[-53.042606083,-27.149851373],[-53.041393865,-27.124905518],[-53.017549218,-27.099007392],[-53.029834091,-27.082574257],[-53.059042269,-27.088245365],[-53.076700005,-27.107844648],[-53.077478755,-27.163115837],[-53.132183098,-27.180228701],[-53.15028471,-27.143782313],[-53.162398916,-27.140697622],[-53.184673574,-27.190909504],[-53.241659196,-27.171635678],[-53.293066983,-27.196919344],[-53.313201022,-27.219089674],[-53.320727027,-27.198238279],[-53.294252215,-27.135552971],[-53.312240809,-27.119687995],[-53.348140789,-27.120022531],[-53.370639441,-27.091103105],[-53.411698519,-27.141384193],[-53.452555512,-27.156135065],[-53.48445473,-27.13393567],[-53.504364211,-27.135641482],[-53.505149615,-27.161450081],[-53.488610541,-27.18538502],[-53.494706078,-27.20394031],[-53.518249024,-27.202177816],[-53.561731155,-27.172414844],[-53.591441793,-27.187472698],[-53.61823194,-27.187336442],[-53.643869346,-27.219744294],[-53.650125794,-27.178822112],[-53.669372949,-27.16155666],[-53.743654105,-27.19244575],[-53.772882735,-27.147676748],[-53.814846647,-27.175889807],[-53.837096159,-27.168434117]]]},"properties":{"CD_UF":43,"NM_UF":"Rio Grande do Sul","SIGLA_UF":"RS","NM_REGIAO":"Sul","color":"green"}},{"type":"Feature","geometry":{"type":"Polygon","coordinates":[[[-57.752294743,-17.564463114],[-57.795670408,-17.560008331],[-57.780887194,-17.576300773],[-57.790807233,-17.586664614],[-57.777749703,-17.58445992],[-57.78728172,-17.592829028],[-57.774027898,-17.597972337],[-57.784025074,-17.60742125],[-57.771914323,-17.612930575],[-57.783303478,-17.639257545],[-57.775690809,-17.657017802],[-57.762247409,-17.660612554],[-57.730966954,-17.718772326],[-57.709641981,-17.729883764],[-57.720134442,-17.771719108],[-57.683225891,-17.808002574],[-57.683167266,-17.828137113],[-57.72066729,-17.827859946],[-57.600111998,-18.046367255],[-57.574864555,-18.131887334],[-57.505140606,-18.200341556],[-57.483115317,-18.197196506],[-57.453919023,-18.231194095],[-57.557834425,-18.240348522],[-57.766675308,-18.899285322],[-57.719837383,-18.899065379],[-57.719314945,-18.977049009],[-57.693197356,-19.010753364],[-57.710203334,-19.03259323],[-57.784445733,-19.033901313],[-58.131818687,-19.758497414],[-57.858151723,-19.971416792],[-57.90234797,-20.042114274],[-57.927707272,-20.022998628],[-57.957905287,-20.021433909],[-57.9832927,-20.056958691],[-58.033200827,-20.065123919],[-58.049066993,-20.105147596],[-58.088938261,-20.107792004],[-58.115353038,-20.143745209],[-58.152659498,-20.152868996],[-58.168511688,-20.172243471],[-58.121846214,-20.194392623],[-58.163567607,-20.227326321],[-58.159396982,-20.263848413],[-58.144550345,-20.271777414],[-58.119523501,-20.249581596],[-58.096649813,-20.253924988],[-58.089736566,-20.276852753],[-58.103050508,-20.321168809],[-58.084017729,-20.372166289],[-58.067189393,-20.391126437],[-58.021842826,-20.401924657],[-57.998138214,-20.436973677],[-58.020175463,-20.509763009],[-57.997182916,-20.572371434],[-58.012637854,-20.612611519],[-57.970386044,-20.644191846],[-57.987887991,-20.699551557],[-57.958246652,-20.704898191],[-57.923118941,-20.664533785],[-57.870172958,-20.72547062],[-57.868003112,-20.749410132],[-57.934154311,-20.745954527],[-57.961765323,-20.792624343],[-57.941227247,-20.800815904],[-57.893290437,-20.790782439],[-57.854733002,-20.835737781],[-57.857896401,-20.850928016],[-57.928113244,-20.900184058],[-57.886531143,-20.908646451],[-57.863602448,-20.948849461],[-57.828718569,-20.93387894],[-57.818769116,-20.945259623],[-57.817529483,-20.98058247],[-57.868195498,-21.041875389],[-57.845890928,-21.096928191],[-57.864989064,-21.136336064],[-57.848958294,-21.187857338],[-57.853021371,-21.227131578],[-57.921685975,-21.280051866],[-57.894962557,-21.307172522],[-57.854735782,-21.316871828],[-57.853695688,-21.332109944],[-57.896742798,-21.383547947],[-57.932313131,-21.480254198],[-57.967682746,-21.521477909],[-57.961616202,-21.562443494],[-57.914026019,-21.590476664],[-57.942215762,-21.620899608],[-57.933448625,-21.651609228],[-57.883233511,-21.689067386],[-57.947424498,-21.745954655],[-57.908493101,-21.773968613],[-57.931109305,-21.824589015],[-57.971636032,-21.848380283],[-57.914134552,-21.885091045],[-57.947985027,-21.900390327],[-57.936995332,-21.92792058],[-57.964736766,-22.001087184],[-58.008383569,-22.034145933],[-58.00711269,-22.050053319],[-57.984308043,-22.063688095],[-57.995072153,-22.088708694],[-57.941998855,-22.082915666],[-57.921681844,-22.108433668],[-57.929719694,-22.120271857],[-57.889955412,-22.122618305],[-57.866125795,-22.136043748],[-57.829029746,-22.120190603],[-57.801034839,-22.150866579],[-57.779273478,-22.125174516],[-57.739004501,-22.134769674],[-57.737597746,-22.102670267],[-57.716930692,-22.113790629],[-57.706925507,-22.091050736],[-57.689231729,-22.088592011],[-57.652390605,-22.107096857],[-57.612594829,-22.094561345],[-57.612854299,-22.123876327],[-57.598098536,-22.130492174],[-57.600868267,-22.140160853],[-57.584480055,-22.14074164],[-57.580766272,-22.175336992],[-57.543588578,-22.18170312],[-57.522707109,-22.168474672],[-57.489261183,-22.191412812],[-57.459707292,-22.187390311],[-57.454506767,-22.195546581],[-57.446567221,-22.187304183],[-57.425096964,-22.205058394],[-57.407708204,-22.197686116],[-57.377866341,-22.21293322],[-57.374726128,-22.231758445],[-57.334998766,-22.229185111],[-57.320158305,-22.245604709],[-57.292547507,-22.218742377],[-57.237761213,-22.251280066],[-57.217969778,-22.241082305],[-57.208274156,-22.227365218],[-57.214824321,-22.218548277],[-57.201427618,-22.21086451],[-57.183920093,-22.236368568],[-57.109877227,-22.225610566],[-57.111813194,-22.241586004],[-57.094877921,-22.249521995],[-57.089438303,-22.241314693],[-57.082807744,-22.25118833],[-57.059014763,-22.241800512],[-57.059488526,-22.229387481],[-57.044423968,-22.242706385],[-57.00977208,-22.235810702],[-56.996712513,-22.222517356],[-56.987452586,-22.242637797],[-56.959097322,-22.237983954],[-56.947210893,-22.256111068],[-56.926815789,-22.249886089],[-56.90553962,-22.266627338],[-56.899868834,-22.251927035],[-56.883484103,-22.247417022],[-56.879858169,-22.277703696],[-56.842385875,-22.301587765],[-56.802685597,-22.283504474],[-56.805874764,-22.257595049],[-56.793636938,-22.242559941],[-56.776655873,-22.260488775],[-56.746881688,-22.235666894],[-56.720391999,-22.264888764],[-56.694032166,-22.228627648],[-56.703278807,-22.21705438],[-56.682424361,-22.221501242],[-56.678977471,-22.246465583],[-56.636841056,-22.26344833],[-56.64188598,-22.243909249],[-56.62689989,-22.246411423],[-56.605592124,-22.231981704],[-56.599737581,-22.211350179],[-56.593442119,-22.21838218],[-56.556317184,-22.196384108],[-56.557052137,-22.169091364],[-56.533386255,-22.159260655],[-56.540022976,-22.147162564],[-56.519258453,-22.1409766],[-56.525180666,-22.120847563],[-56.506589306,-22.095490833],[-56.47615205,-22.093919513],[-56.470890822,-22.079851545],[-56.453690151,-22.084930803],[-56.44768502,-22.076625076],[-56.447588859,-22.08503535],[-56.431032845,-22.087026166],[-56.393655775,-22.07443857],[-56.395638221,-22.094188099],[-56.371891796,-22.126041597],[-56.364754829,-22.169590581],[-56.349612358,-22.173484226],[-56.316599619,-22.218392515],[-56.299424977,-22.217459804],[-56.276320811,-22.236797088],[-56.237459195,-22.236622518],[-56.233564082,-22.255949855],[-56.209075104,-22.278206653],[-56.193285033,-22.271009651],[-56.165732555,-22.288307272],[-56.130590901,-22.284204911],[-56.117857685,-22.270336325],[-56.092680748,-22.285642523],[-56.069426117,-22.286723527],[-56.060791106,-22.275550627],[-56.012458125,-22.286244235],[-56.010156582,-22.294630551],[-55.983612751,-22.27867751],[-55.969833897,-22.29221504],[-55.949548087,-22.293129835],[-55.929120136,-22.278543628],[-55.853263124,-22.280303019],[-55.835301758,-22.296062474],[-55.824267488,-22.340637547],[-55.800855283,-22.355304238],[-55.803711639,-22.372243002],[-55.791092693,-22.3884207],[-55.746721643,-22.384058507],[-55.73391527,-22.441531669],[-55.735813914,-22.460087124],[-55.752842881,-22.474750354],[-55.723646744,-22.551782328],[-55.631428923,-22.620573618],[-55.614421888,-22.655095325],[-55.613058723,-22.738943581],[-55.626613927,-22.757632458],[-55.618033405,-22.76753333],[-55.635275301,-22.77029017],[-55.652325815,-22.792294788],[-55.665854704,-22.852462105],[-55.64952068,-22.890991133],[-55.647583861,-22.949865436],[-55.634580166,-22.955126819],[-55.621927446,-22.984494253],[-55.633905848,-22.991780953],[-55.639389279,-23.025909201],[-55.611318522,-23.047664992],[-55.617359216,-23.081724627],[-55.599733546,-23.104160037],[-55.596781814,-23.15259775],[-55.573396324,-23.143343335],[-55.541885354,-23.156132398],[-55.543099422,-23.180787863],[-55.523281179,-23.197786985],[-55.546196433,-23.220197019],[-55.537278438,-23.251262447],[-55.522657771,-23.259713028],[-55.553080315,-23.279532094],[-55.555912544,-23.316323102],[-55.504480706,-23.378469763],[-55.544694355,-23.449331697],[-55.544993709,-23.477277684],[-55.562115154,-23.47621266],[-55.526527001,-23.567351146],[-55.539868396,-23.62518602],[-55.511093002,-23.623249202],[-55.510341318,-23.632617747],[-55.484010373,-23.640266329],[-55.475966323,-23.67519618],[-55.462156046,-23.683942675],[-55.463467162,-23.711967364],[-55.436257441,-23.716760326],[-55.447242077,-23.760209628],[-55.430179639,-23.790141215],[-55.453888523,-23.819270377],[-55.44154584,-23.829346608],[-55.43556664,-23.872380746],[-55.446335327,-23.9169315],[-55.427869157,-23.926319292],[-55.432767494,-23.940719091],[-55.419643637,-23.943774902],[-55.413861316,-23.965298008],[-55.396425698,-23.976222449],[-55.37833968,-23.970572232],[-55.345485914,-23.994597249],[-55.317721576,-23.962893835],[-55.304175828,-23.96502663],[-55.229040162,-24.013966642],[-55.198420278,-23.986693611],[-55.178658782,-23.993798735],[-55.138072869,-23.986957007],[-55.107171601,-23.961946984],[-55.090357606,-23.982574592],[-55.072861543,-23.979954919],[-55.062331483,-23.993288626],[-54.998589296,-23.957589344],[-54.941141089,-23.9685149],[-54.925252328,-23.960281771],[-54.926877121,-23.924813973],[-54.893590982,-23.91076585],[-54.890885459,-23.900218192],[-54.84990825,-23.908224417],[-54.836320458,-23.883916413],[-54.814320406,-23.890427719],[-54.796067785,-23.869936885],[-54.764049543,-23.866211506],[-54.759109466,-23.856741099],[-54.745292489,-23.86870839],[-54.705183375,-23.864606263],[-54.698573076,-23.841996813],[-54.669472109,-23.812504841],[-54.646774799,-23.83376313],[-54.616588371,-23.835020526],[-54.609736608,-23.851376445],[-54.584167869,-23.837027903],[-54.564394882,-23.854213488],[-54.568580814,-23.874466959],[-54.538901533,-23.869097831],[-54.514881425,-23.885178376],[-54.493004652,-23.885155087],[-54.487316553,-23.903680527],[-54.44013953,-23.904276082],[-54.426220991,-23.915711787],[-54.434138542,-23.929067166],[-54.414700567,-23.958110166],[-54.351956988,-24.007672628],[-54.324188034,-24.003822199],[-54.309959522,-24.046314904],[-54.28623162,-24.068225365],[-54.245304782,-24.053973667],[-54.132654798,-23.984192285],[-54.101764988,-23.951963548],[-54.079905709,-23.888978278],[-54.088105302,-23.84453031],[-54.080458613,-23.78089707],[-54.052638785,-23.725067629],[-54.050814191,-23.685868752],[-54.032229807,-23.65166171],[-54.0240178,-23.586078366],[-53.986596665,-23.464793595],[-53.963685225,-23.443999049],[-53.932055048,-23.445948751],[-53.816021802,-23.385644851],[-53.775487887,-23.375131385],[-53.741323835,-23.335638385],[-53.660330459,-23.154460475],[-53.636588729,-23.125030775],[-53.634587185,-23.00074766],[-53.607423503,-22.951333468],[-53.570771084,-22.928491279],[-53.541883167,-22.886191596],[-53.42965075,-22.832955352],[-53.404146927,-22.808780704],[-53.377532202,-22.803234118],[-53.359507919,-22.779556462],[-53.193527609,-22.725346783],[-53.105187189,-22.621929614],[-53.108915019,-22.598316535],[-53.08602402,-22.562324543],[-53.058002404,-22.536929952],[-53.014361197,-22.520665767],[-52.998579148,-22.493181288],[-52.857842711,-22.441482693],[-52.798330858,-22.378273404],[-52.745835005,-22.343312984],[-52.65027654,-22.30100102],[-52.579187167,-22.251952787],[-52.487714257,-22.217206043],[-52.377217959,-22.106678219],[-52.345434789,-22.061975385],[-52.308811906,-21.951919629],[-52.19056139,-21.846144654],[-52.161261818,-21.770773716],[-52.102865193,-21.745291226],[-52.055825419,-21.677158813],[-52.052092258,-21.636594171],[-52.072426472,-21.593101293],[-52.102164144,-21.569813513],[-52.093106918,-21.537759063],[-52.062041741,-21.503268464],[-52.000367606,-21.516626479],[-51.967903323,-21.501762083],[-51.928681833,-21.455816097],[-51.907535696,-21.386455762],[-51.865261083,-21.348942488],[-51.848514467,-21.26663839],[-51.879573661,-21.199430749],[-51.875861858,-21.13614741],[-51.823589985,-21.126839849],[-51.789670948,-21.102119515],[-51.768482335,-21.036522076],[-51.722230386,-20.976767993],[-51.665733395,-20.970520399],[-51.623587257,-20.944432889],[-51.613477678,-20.890078402],[-51.629701486,-20.861452939],[-51.62239835,-20.776872007],[-51.634899228,-20.754848354],[-51.59414815,-20.643847679],[-51.500222275,-20.568216308],[-51.463782677,-20.501452721],[-51.409279633,-20.459570635],[-51.342705351,-20.35466012],[-51.295684541,-20.328482101],[-51.136968309,-20.297462232],[-51.069163086,-20.250049484],[-51.000475002,-20.085384369],[-51.017888442,-20.048392525],[-51.004807123,-19.999217144],[-51.021148949,-19.964028276],[-50.999471303,-19.9063755],[-51.019306933,-19.870450246],[-51.023628886,-19.803945644],[-51.040076388,-19.782254277],[-51.027901728,-19.756575449],[-51.045944378,-19.729050869],[-51.036574257,-19.687012433],[-50.987554582,-19.589507555],[-50.961802186,-19.581739792],[-50.937579019,-19.592270648],[-50.924394629,-19.580884597],[-50.930881274,-19.542243912],[-50.962946217,-19.500578796],[-50.962378489,-19.481895701],[-50.934997778,-19.467477485],[-50.950800954,-19.443450323],[-50.985302195,-19.431382844],[-50.985055955,-19.410413611],[-51.00482454,-19.413115289],[-51.006129864,-19.399089097],[-51.030721894,-19.401438486],[-51.017997979,-19.383877091],[-51.042437351,-19.360611277],[-51.05079973,-19.335070695],[-51.087964685,-19.308332],[-51.180498686,-19.283535505],[-51.202969993,-19.261235056],[-51.224274683,-19.258184692],[-51.252215913,-19.274076108],[-51.307913513,-19.237940954],[-51.307811431,-19.21853085],[-51.368747567,-19.221511168],[-51.375112035,-19.194639619],[-51.398227094,-19.194632875],[-51.420474038,-19.166537149],[-51.438084748,-19.171695828],[-51.446219831,-19.159488336],[-51.458247186,-19.167587839],[-51.474246013,-19.154061189],[-51.493922983,-19.162995499],[-51.501475049,-19.147780136],[-51.576669695,-19.126559383],[-51.609197707,-19.140876527],[-51.639639854,-19.127429817],[-51.657950695,-19.137919462],[-51.699971211,-19.119678961],[-51.711905536,-19.10302332],[-51.74148705,-19.100597312],[-51.744303572,-19.085969803],[-51.791334638,-19.078130627],[-51.818365801,-19.053584157],[-51.841315481,-19.057140367],[-51.842760565,-19.042301909],[-51.854388065,-19.051849138],[-51.891227014,-19.016973782],[-51.898808566,-18.994184435],[-51.940088056,-18.967660999],[-51.951506356,-18.980708769],[-51.968282599,-18.966697166],[-51.978200095,-18.980810561],[-51.998898002,-18.967744416],[-52.015595644,-18.98277884],[-52.018643297,-18.963495779],[-52.091650882,-18.944032284],[-52.111707978,-18.899299307],[-52.157176105,-18.888432211],[-52.18147315,-18.847915392],[-52.251478537,-18.839578885],[-52.263761304,-18.827808973],[-52.309033367,-18.839715172],[-52.346425387,-18.821431786],[-52.354035208,-18.800205101],[-52.369791135,-18.799248705],[-52.409840014,-18.754982822],[-52.455204698,-18.68797623],[-52.54675376,-18.656651682],[-52.59286793,-18.689891575],[-52.633682448,-18.695556556],[-52.681346721,-18.678679927],[-52.747482638,-18.692025074],[-52.809432293,-18.666980184],[-52.846512827,-18.667123914],[-52.873457326,-18.64619264],[-52.916759639,-18.64029463],[-52.914322239,-18.619819618],[-52.93987107,-18.613262586],[-52.934453647,-18.599112204],[-52.96235136,-18.540819704],[-52.94251102,-18.517030717],[-52.915760461,-18.508902909],[-52.906784403,-18.48551298],[-52.880957287,-18.465492743],[-52.873293657,-18.426791558],[-52.798512562,-18.414861301],[-52.761901552,-18.371310562],[-52.759319632,-18.348070857],[-52.805287095,-18.313454105],[-52.873206705,-18.314833543],[-52.935230138,-18.296554323],[-52.984096296,-18.307326432],[-53.014737166,-18.326883113],[-53.027851745,-18.351596018],[-53.069935801,-18.342879777],[-53.099655709,-18.313619139],[-53.143239997,-18.081836668],[-53.123651668,-18.058828302],[-53.078628803,-18.053029538],[-53.072277514,-18.033975304],[-53.17679343,-18.041580655],[-53.198791635,-18.020306145],[-53.241544388,-18.004709751],[-53.299174122,-17.995482134],[-53.380771189,-18.008757164],[-53.439017319,-17.983926603],[-53.457294342,-17.999699006],[-53.46785016,-18.034893137],[-53.486071178,-18.040400262],[-53.517876832,-18.020648188],[-53.556490791,-18.016430905],[-53.557237285,-18.005654997],[-53.589544699,-18.012611589],[-53.616130351,-17.976188715],[-53.661245372,-17.977512329],[-53.692187729,-18.013676512],[-53.733821885,-17.995334926],[-53.774217179,-18.000770135],[-53.86005534,-17.921159316],[-53.870160107,-17.927398724],[-53.872685845,-17.916864579],[-53.876937794,-17.923528887],[-53.898550618,-17.908802404],[-53.902518264,-17.917289297],[-53.932411059,-17.913173839],[-53.948914883,-17.923423778],[-53.954437106,-17.868616262],[-53.8559091,-17.702717168],[-53.800241598,-17.670789316],[-53.704607467,-17.663509545],[-53.680074906,-17.253569712],[-53.705145026,-17.228153774],[-53.759078391,-17.243142527],[-53.785713264,-17.287515132],[-53.820072737,-17.294615654],[-53.83132333,-17.355020414],[-53.878438843,-17.375198561],[-53.952246711,-17.459337397],[-54.037637811,-17.486448827],[-54.058077104,-17.51312932],[-54.045908012,-17.537227391],[-54.055298562,-17.570341691],[-54.073269317,-17.587801311],[-54.076409713,-17.615749306],[-54.13418721,-17.618726365],[-54.178832797,-17.602851086],[-54.302420402,-17.661660209],[-54.350579975,-17.657106153],[-54.386693136,-17.635362263],[-54.374416825,-17.608577537],[-54.384604514,-17.601364111],[-54.382940985,-17.571532952],[-54.403714412,-17.56454265],[-54.421472394,-17.536495469],[-54.466914874,-17.529074207],[-54.481309181,-17.487664794],[-54.536332026,-17.477585194],[-54.554188445,-17.48866844],[-54.581662815,-17.468006982],[-54.617336159,-17.490423913],[-54.654996586,-17.490159667],[-54.684692774,-17.50717267],[-54.699722932,-17.4973806],[-54.718804503,-17.518364678],[-54.746913033,-17.519942236],[-54.758780918,-17.565696417],[-54.860863812,-17.623853496],[-54.943424422,-17.609028364],[-54.97427554,-17.617047431],[-54.991834138,-17.638399222],[-55.010753243,-17.629340335],[-55.063815284,-17.64245987],[-55.098422335,-17.627543816],[-55.118087538,-17.648833916],[-55.137087533,-17.650187833],[-55.142003293,-17.639287134],[-55.170614021,-17.640834025],[-55.183895188,-17.619805393],[-55.192254818,-17.62824593],[-55.204810062,-17.613759961],[-55.221499688,-17.617099281],[-55.227229582,-17.598843702],[-55.243337676,-17.594306596],[-55.242533786,-17.602123956],[-55.254090171,-17.576946493],[-55.26414007,-17.577921403],[-55.269201228,-17.55677475],[-55.275674892,-17.565072069],[-55.28956181,-17.560312657],[-55.283834692,-17.552157322],[-55.296534669,-17.551115248],[-55.294423107,-17.541726032],[-55.322503284,-17.542433166],[-55.324088187,-17.553029676],[-55.35067283,-17.54855844],[-55.353759876,-17.53161695],[-55.37711328,-17.515042607],[-55.382335045,-17.52547591],[-55.405204447,-17.512396797],[-55.443737368,-17.51177612],[-55.472642137,-17.481356422],[-55.524089275,-17.481176451],[-55.522197555,-17.472102958],[-55.574872707,-17.434665961],[-55.575339019,-17.418799883],[-55.587062812,-17.421706696],[-55.58560906,-17.373617186],[-55.613421477,-17.359851987],[-55.613785442,-17.368106702],[-55.62633981,-17.364029736],[-55.64003011,-17.339717893],[-55.644590162,-17.359221511],[-55.656567341,-17.338262117],[-55.668105119,-17.350687146],[-55.680648876,-17.338984579],[-55.686233155,-17.350870333],[-55.693228644,-17.339890233],[-55.70134675,-17.354129547],[-55.709097464,-17.337615668],[-55.721560458,-17.349495634],[-55.761206604,-17.323532032],[-55.787644458,-17.328645816],[-55.804403511,-17.29942626],[-55.828039376,-17.30660401],[-55.827454833,-17.288372185],[-55.841920156,-17.301232265],[-55.851423132,-17.279274363],[-55.874811142,-17.268634872],[-55.886562171,-17.284764698],[-55.890874773,-17.272332762],[-55.901926346,-17.273400764],[-55.886537859,-17.263899134],[-55.92634049,-17.257859854],[-55.941314061,-17.277883894],[-55.951924379,-17.250198408],[-55.980813689,-17.246700018],[-55.986958269,-17.258480258],[-55.988736358,-17.241516528],[-56.010785369,-17.239043295],[-56.0086276,-17.214190387],[-56.020984575,-17.213642403],[-56.005510237,-17.204196841],[-56.044119323,-17.171395115],[-56.050984218,-17.186948212],[-56.061680433,-17.170710912],[-56.084462019,-17.177663849],[-56.112344148,-17.166348555],[-56.140149409,-17.179503361],[-56.139870026,-17.191191845],[-56.185432013,-17.189232553],[-56.189149535,-17.210368293],[-56.213014958,-17.210614343],[-56.208765612,-17.22726924],[-56.251344818,-17.21902309],[-56.252290863,-17.23416387],[-56.262401355,-17.231233211],[-56.256548142,-17.243791767],[-56.285402335,-17.247418546],[-56.281706063,-17.263434159],[-56.297849827,-17.276588067],[-56.313540994,-17.269429055],[-56.335873648,-17.289948514],[-56.356679472,-17.267049862],[-56.360654859,-17.280844304],[-56.442331038,-17.331282105],[-56.452373708,-17.310175623],[-56.463962401,-17.315667573],[-56.467517574,-17.302279406],[-56.473124968,-17.310011188],[-56.498210241,-17.298710845],[-56.50176881,-17.286325408],[-56.515458389,-17.292824685],[-56.506044781,-17.306044569],[-56.527180413,-17.32115757],[-56.532374175,-17.31296382],[-56.551015583,-17.322876291],[-56.571162801,-17.315301663],[-56.576569921,-17.331054918],[-56.595892302,-17.332544388],[-56.625018292,-17.322085491],[-56.630438682,-17.33420105],[-56.647437936,-17.316987135],[-56.645462798,-17.339347675],[-56.656711266,-17.32144153],[-56.663575016,-17.338829664],[-56.68318141,-17.316566365],[-56.695910061,-17.326938777],[-56.692989211,-17.317483016],[-56.73385418,-17.309860171],[-56.738766449,-17.324499263],[-56.756885596,-17.325686265],[-56.768874514,-17.340858704],[-56.762876249,-17.360639198],[-56.786749281,-17.370504906],[-56.78786206,-17.389544902],[-56.829742821,-17.391325827],[-56.842017966,-17.418189336],[-56.819700851,-17.431691822],[-56.840909858,-17.442008607],[-56.825412504,-17.458891726],[-56.847822962,-17.46400643],[-56.850238779,-17.486781327],[-56.861964572,-17.483906903],[-56.875967463,-17.532972187],[-56.909576284,-17.532546397],[-56.944960906,-17.552949541],[-56.950379275,-17.568634879],[-56.982355749,-17.580232956],[-56.981411064,-17.611015513],[-56.960546845,-17.605155612],[-56.959107939,-17.612838889],[-56.98821914,-17.659290043],[-57.033376948,-17.69474115],[-57.044914603,-17.730321309],[-57.073912119,-17.735463452],[-57.115607788,-17.781086291],[-57.146744134,-17.767505074],[-57.155939951,-17.778411826],[-57.252023729,-17.793455988],[-57.23263313,-17.812384054],[-57.26483569,-17.820349649],[-57.283772851,-17.81291276],[-57.283330399,-17.82269398],[-57.293496251,-17.819932671],[-57.290022446,-17.811553652],[-57.308084072,-17.81080725],[-57.325226343,-17.829150752],[-57.353456398,-17.83785843],[-57.376497762,-17.825763607],[-57.385686381,-17.844272907],[-57.398521078,-17.839366824],[-57.410749983,-17.858093145],[-57.421736874,-17.854198426],[-57.446725291,-17.874504115],[-57.452468922,-17.902643453],[-57.477668999,-17.87888212],[-57.477585807,-17.859053277],[-57.519111036,-17.861657662],[-57.576331491,-17.800528377],[-57.605883807,-17.802339448],[-57.612583237,-17.779411219],[-57.600950483,-17.77529066],[-57.640303896,-17.717359336],[-57.663554179,-17.729853774],[-57.684613131,-17.716481508],[-57.668837704,-17.671906452],[-57.696890374,-17.620642827],[-57.712139025,-17.543133808],[-57.732628061,-17.530717329],[-57.752294743,-17.564463114]]]},"properties":{"CD_UF":50,"NM_UF":"Mato Grosso do Sul","SIGLA_UF":"MS","NM_REGIAO":"Centro-oeste","color":"orange"}},{"type":"Feature","geometry":{"type":"Polygon","coordinates":[[[-50.224806382,-9.841153477],[-52.000320904,-9.725835481],[-53.588442803,-9.611050305],[-55.152173596,-9.492726209],[-56.671882682,-9.367396944],[-56.711302029,-9.374287143],[-56.761108748,-9.404999403],[-56.772323619,-9.3909593],[-56.779166097,-9.317197643],[-56.8201088,-9.246340381],[-56.860333657,-9.231645709],[-56.879546686,-9.239702124],[-56.952249065,-9.223083645],[-56.995549345,-9.233842563],[-57.057167109,-9.185927913],[-57.060442532,-9.137130425],[-57.039241594,-9.098290014],[-57.063246985,-9.078575679],[-57.059605344,-9.06427781],[-57.083832741,-9.046601878],[-57.094605186,-9.017111416],[-57.138274167,-8.994612068],[-57.195004293,-8.9275137],[-57.240189837,-8.906491752],[-57.299586245,-8.913996788],[-57.317888291,-8.885712287],[-57.384382918,-8.879557399],[-57.419912627,-8.853039349],[-57.414049192,-8.812507366],[-57.427579408,-8.783239235],[-57.463531179,-8.784741847],[-57.530385013,-8.7481741],[-57.562365119,-8.761251811],[-57.592938921,-8.756476972],[-57.601053937,-8.741227976],[-57.596834961,-8.691665436],[-57.624744122,-8.638841273],[-57.622245725,-8.591188375],[-57.648641794,-8.576374975],[-57.650502554,-8.553371284],[-57.634132997,-8.518905329],[-57.659054493,-8.500386574],[-57.65141907,-8.471039542],[-57.686943958,-8.416253598],[-57.66860845,-8.374552748],[-57.679085347,-8.315325753],[-57.643212259,-8.21217532],[-57.667247547,-8.176467901],[-57.715138215,-8.157947583],[-57.728439909,-8.094215782],[-57.776528648,-8.0521753],[-57.828833034,-7.972895903],[-57.835023457,-7.881408337],[-57.873836824,-7.801193578],[-57.896749022,-7.67788455],[-57.909392985,-7.66105279],[-57.939558276,-7.653134812],[-57.945107133,-7.602164125],[-57.972581972,-7.534588106],[-58.03510512,-7.454139304],[-58.061361567,-7.395191153],[-58.118601985,-7.353063099],[-58.1384405,-7.349034185],[-58.137055641,-7.356122763],[-58.213059954,-7.458534735],[-58.222723304,-7.524037804],[-58.202170606,-7.620854259],[-58.280545678,-7.706457218],[-58.294055825,-7.77154052],[-58.371689818,-7.82121057],[-58.384741698,-7.843989082],[-58.373244902,-7.907199906],[-58.331502572,-7.968762769],[-58.321728581,-8.024981712],[-58.288392119,-8.079572282],[-58.287169353,-8.128544717],[-58.322464194,-8.170039408],[-58.312945339,-8.209104905],[-58.328083457,-8.285829237],[-58.31489308,-8.323060099],[-58.35027748,-8.345667686],[-58.35457749,-8.392754146],[-58.417807189,-8.489519649],[-58.405102612,-8.537555016],[-58.41046895,-8.57039187],[-58.389518315,-8.594792455],[-58.437300573,-8.703352483],[-58.411955807,-8.72060893],[-58.351026436,-8.701584159],[-58.326224378,-8.720032418],[-58.415877962,-8.79284278],[-59.000310075,-8.80309548],[-60.000526508,-8.800885337],[-61.583134785,-8.798689054],[-61.523588041,-8.818596637],[-61.511504527,-8.863640606],[-61.468504952,-8.917367919],[-61.511061946,-8.976193068],[-61.55575496,-9.09240257],[-61.555381903,-9.131496924],[-61.519631648,-9.19519773],[-61.526207009,-9.245847439],[-61.576980212,-9.237525328],[-61.599616936,-9.256035094],[-61.628343418,-9.257096966],[-61.633345949,-9.270584324],[-61.626303133,-9.284084201],[-61.611992459,-9.280701637],[-61.625928102,-9.363011717],[-61.612247493,-9.355934122],[-61.552704076,-9.387421893],[-61.561495912,-9.400552336],[-61.550608831,-9.417748126],[-61.581718746,-9.45912653],[-61.572485918,-9.463608381],[-61.578642928,-9.471611969],[-61.525812621,-9.501797122],[-61.549565367,-9.515217055],[-61.527124596,-9.533265984],[-61.513442486,-9.528531411],[-61.510371388,-9.565091115],[-61.495198286,-9.578758169],[-61.503032634,-9.615345016],[-61.476807367,-9.628723014],[-61.494071715,-9.659381035],[-61.506882792,-9.661955937],[-61.50527197,-9.69138186],[-61.532429306,-9.711776508],[-61.553050186,-9.707192087],[-61.574637304,-9.717793257],[-61.531501251,-9.739911929],[-61.547355982,-9.787541494],[-61.524913361,-9.79573035],[-61.532114712,-9.81975851],[-61.516279449,-9.827922014],[-61.508419502,-9.888800876],[-61.524981761,-9.906575716],[-61.523342919,-9.948485563],[-61.53942733,-9.964098474],[-61.528295144,-9.968589239],[-61.531202059,-9.989850276],[-61.555873473,-10.038951439],[-61.584374879,-10.059609312],[-61.578710182,-10.079244373],[-61.601874928,-10.15437933],[-61.560643769,-10.173386105],[-61.55171847,-10.197776273],[-61.572971069,-10.207438989],[-61.57792602,-10.235312363],[-61.544087186,-10.300994502],[-61.55279792,-10.30823231],[-61.533737074,-10.331883732],[-61.516164529,-10.334436319],[-61.501721553,-10.353776537],[-61.497054403,-10.389581665],[-61.47150285,-10.405142018],[-61.476170355,-10.418432692],[-61.461792837,-10.419904593],[-61.480815659,-10.487748315],[-61.479069756,-10.529871986],[-61.46632182,-10.541211257],[-61.479960892,-10.569153698],[-61.476236271,-10.607663415],[-61.489594014,-10.629803299],[-61.478957516,-10.643043615],[-61.481710928,-10.669142547],[-61.499393512,-10.6986176],[-61.47239369,-10.714973037],[-61.488400325,-10.73647666],[-61.473833537,-10.797512711],[-61.488914291,-10.799076532],[-61.497792148,-10.782119618],[-61.510896453,-10.793680679],[-61.503421801,-10.808445195],[-61.509996613,-10.836827917],[-61.523009984,-10.845799759],[-61.526803797,-10.884581077],[-61.524303904,-10.904748537],[-61.514305453,-10.907387335],[-61.519520868,-10.949698373],[-61.530087297,-10.979019521],[-61.550257873,-10.986094651],[-60.460050132,-10.98985622],[-60.437938025,-11.016685103],[-60.446596568,-11.042153406],[-60.414110949,-11.043485065],[-60.414386306,-11.067470521],[-60.391554085,-11.093792629],[-60.347970664,-11.109036265],[-60.34844037,-11.074042656],[-60.334546242,-11.08288949],[-60.301247968,-11.057152116],[-60.282358375,-11.064017156],[-60.280833447,-11.091530482],[-60.270999558,-11.098693274],[-60.238851521,-11.094942376],[-60.203357671,-11.113456355],[-60.159272895,-11.095653599],[-60.096190925,-11.110788057],[-60.084246115,-11.096844515],[-60.066713462,-11.125509068],[-60.037442263,-11.117354834],[-60.026241969,-11.130733718],[-60.015747969,-11.116284146],[-59.995345926,-11.125174657],[-59.983900821,-11.116275723],[-59.979942167,-11.139802966],[-59.997771089,-11.151359657],[-59.964025744,-11.189115053],[-59.98112963,-11.203761894],[-59.982027556,-11.233500382],[-59.959467905,-11.29473393],[-59.927773815,-11.310434611],[-59.91719306,-11.338434586],[-59.925909178,-11.415480888],[-59.952351969,-11.436422443],[-59.976241256,-11.4392225],[-59.985407708,-11.469340939],[-60.01980559,-11.497023186],[-60.03123826,-11.493172505],[-60.02672407,-11.505675284],[-60.057469482,-11.542095962],[-60.086692461,-11.560944675],[-60.09078008,-11.554878931],[-60.087219573,-11.56812723],[-60.101609539,-11.577360417],[-60.094440912,-11.585882143],[-60.114138392,-11.587493063],[-60.121661791,-11.712103812],[-60.102999484,-11.772513754],[-60.109155959,-11.780554844],[-60.101088449,-11.780621065],[-60.108498366,-11.793118618],[-60.095830364,-11.799789135],[-60.104667135,-11.802857799],[-60.095666573,-11.818222813],[-60.108775597,-11.839579221],[-60.101136041,-11.835409146],[-60.096248642,-11.858847448],[-60.083326655,-11.858489235],[-60.076634454,-11.885289304],[-60.060522706,-11.895001201],[-60.012079482,-11.893040509],[-59.98579721,-11.912080102],[-59.986991425,-11.960089761],[-59.971358075,-11.969945604],[-59.970382691,-11.989020101],[-59.979581275,-11.991286788],[-59.966583076,-12.00716246],[-59.979358366,-12.029549762],[-59.899803838,-12.117222675],[-59.900162224,-12.170876694],[-59.910810663,-12.186456647],[-59.892331012,-12.245453923],[-59.774357431,-12.340955865],[-59.792941266,-12.345781875],[-59.819255875,-12.37874818],[-59.842548685,-12.424848974],[-59.844160029,-12.467172923],[-59.898178368,-12.501642864],[-59.896053693,-12.536444559],[-59.92943894,-12.579617207],[-59.972731679,-12.609940138],[-59.981573925,-12.592138477],[-60.003320538,-12.592337221],[-60.04537852,-12.641710552],[-60.045798311,-12.661508588],[-60.064964011,-12.670820194],[-60.065845757,-12.693822822],[-60.055730343,-12.703617629],[-60.075058297,-12.733232727],[-60.058705876,-12.786211044],[-60.068130773,-12.788624411],[-60.065638511,-12.810704764],[-60.082817567,-12.852636001],[-60.081282623,-12.88930495],[-60.10514097,-12.919466115],[-60.117165277,-12.95955562],[-60.139794623,-12.970206304],[-60.189277619,-12.971142959],[-60.215292186,-13.026980685],[-60.241331409,-13.038457504],[-60.267615835,-13.077284551],[-60.282991589,-13.080552332],[-60.280621698,-13.135615516],[-60.26850521,-13.144971058],[-60.303836829,-13.178369777],[-60.3284506,-13.230286573],[-60.325639536,-13.253263041],[-60.339031359,-13.272334299],[-60.351805255,-13.273005877],[-60.35181412,-13.291730126],[-60.364971277,-13.299942732],[-60.384032849,-13.449229196],[-60.411529893,-13.461658267],[-60.432002088,-13.488435581],[-60.510948555,-13.503596619],[-60.531665628,-13.518089866],[-60.533057248,-13.536249401],[-60.577650758,-13.565227738],[-60.632199153,-13.57170365],[-60.641174203,-13.596540145],[-60.686037861,-13.625227428],[-60.69701032,-13.666500975],[-60.716806493,-13.682216384],[-60.709314888,-13.693003364],[-60.697155064,-13.714964522],[-60.690042123,-13.699387422],[-60.656316893,-13.738342255],[-60.623516175,-13.719535108],[-60.604431503,-13.747958295],[-60.574761009,-13.747435259],[-60.578877389,-13.755655889],[-60.550153522,-13.781679029],[-60.548178227,-13.77032602],[-60.522984315,-13.768905802],[-60.51742624,-13.777869803],[-60.528510248,-13.791846567],[-60.467290593,-13.795730464],[-60.478816375,-13.804380999],[-60.468294633,-13.821301373],[-60.490042543,-13.823516599],[-60.469097552,-13.833272283],[-60.492787955,-13.856302946],[-60.45681693,-13.853877371],[-60.476009947,-13.885559914],[-60.467428391,-13.891735568],[-60.451380149,-13.883330618],[-60.450934312,-13.937560901],[-60.419015381,-13.937562651],[-60.409458956,-13.950181843],[-60.426539442,-13.961796908],[-60.415126716,-13.980578335],[-60.392791456,-13.97784266],[-60.382095995,-13.98745633],[-60.403236207,-13.999802168],[-60.406040488,-14.03034505],[-60.440680862,-14.078652639],[-60.47915282,-14.095432597],[-60.475213308,-14.160297532],[-60.492429974,-14.188226471],[-60.471679605,-14.192731019],[-60.46490692,-14.234040964],[-60.449346655,-14.241398655],[-60.465236788,-14.264411044],[-60.453158809,-14.314346263],[-60.422851936,-14.353469671],[-60.406210483,-14.356273301],[-60.409401262,-14.368682411],[-60.394260111,-14.36657254],[-60.40679127,-14.413229639],[-60.378931889,-14.46371905],[-60.362071346,-14.470536239],[-60.366903971,-14.487261816],[-60.338178713,-14.511885895],[-60.34343437,-14.533095689],[-60.326713631,-14.562745712],[-60.321126348,-14.608871874],[-60.29304584,-14.625270951],[-60.272147967,-14.62029218],[-60.244321351,-15.096806049],[-60.501019618,-15.096219492],[-60.565018935,-15.108683605],[-60.238604827,-15.473851597],[-60.171717137,-16.266106138],[-59.472823659,-16.279303687],[-58.430471354,-16.321294988],[-58.394167938,-16.296777158],[-58.388700962,-16.261002451],[-58.365723396,-16.273340759],[-58.32108309,-16.264750071],[-58.303110887,-16.307686601],[-58.307142091,-16.370189958],[-58.344217628,-16.389290214],[-58.356167205,-16.426346285],[-58.333750421,-16.490015116],[-58.343858241,-16.517726656],[-58.436088249,-16.592358329],[-58.463109093,-16.65221949],[-58.470584859,-16.703022912],[-58.473444205,-16.745169659],[-58.458666365,-16.785979701],[-58.471976247,-16.791442251],[-58.477418425,-16.819031285],[-58.461898759,-16.841082377],[-58.468169758,-16.898940378],[-58.460254101,-16.900040878],[-58.474507283,-16.914486827],[-58.474418965,-16.93495735],[-58.456752038,-16.939957155],[-58.459587884,-16.966980925],[-58.423034783,-16.989281801],[-58.434974764,-17.027243414],[-58.41681302,-17.034677227],[-58.434361602,-17.039829543],[-58.422007711,-17.052628599],[-58.435980316,-17.08279172],[-58.424981728,-17.090234951],[-58.423532452,-17.113233764],[-58.395865747,-17.104648826],[-58.386250532,-17.111356613],[-58.397562392,-17.136755998],[-58.397001513,-17.181551091],[-58.364645263,-17.199794043],[-58.364336635,-17.214277257],[-58.31958855,-17.254546102],[-58.319066408,-17.26676198],[-58.303475519,-17.270270678],[-58.291810148,-17.288477889],[-58.298232624,-17.298824819],[-58.276483628,-17.300578605],[-58.263587663,-17.344677042],[-58.251612677,-17.354298787],[-58.228560506,-17.347915737],[-58.220311944,-17.360026755],[-58.202202087,-17.357033645],[-58.190480865,-17.389810232],[-58.15158159,-17.384650594],[-58.145478364,-17.413668201],[-58.122869887,-17.414683126],[-58.116446399,-17.451850121],[-58.089281729,-17.461135973],[-58.060144226,-17.450720973],[-58.043386903,-17.492668434],[-58.010251421,-17.499776173],[-57.996366997,-17.51560331],[-57.883442069,-17.44954203],[-57.752294743,-17.564463114],[-57.732628061,-17.530717329],[-57.712139025,-17.543133808],[-57.696890374,-17.620642827],[-57.668837704,-17.671906452],[-57.684613131,-17.716481508],[-57.663554179,-17.729853774],[-57.640303896,-17.717359336],[-57.600950483,-17.77529066],[-57.612583237,-17.779411219],[-57.605883807,-17.802339448],[-57.576331491,-17.800528377],[-57.519111036,-17.861657662],[-57.477585807,-17.859053277],[-57.477668999,-17.87888212],[-57.452468922,-17.902643453],[-57.446725291,-17.874504115],[-57.421736874,-17.854198426],[-57.410749983,-17.858093145],[-57.398521078,-17.839366824],[-57.385686381,-17.844272907],[-57.376497762,-17.825763607],[-57.353456398,-17.83785843],[-57.325226343,-17.829150752],[-57.308084072,-17.81080725],[-57.290022446,-17.811553652],[-57.293496251,-17.819932671],[-57.283330399,-17.82269398],[-57.283772851,-17.81291276],[-57.26483569,-17.820349649],[-57.23263313,-17.812384054],[-57.252023729,-17.793455988],[-57.155939951,-17.778411826],[-57.146744134,-17.767505074],[-57.115607788,-17.781086291],[-57.073912119,-17.735463452],[-57.044914603,-17.730321309],[-57.033376948,-17.69474115],[-56.98821914,-17.659290043],[-56.959107939,-17.612838889],[-56.960546845,-17.605155612],[-56.981411064,-17.611015513],[-56.982355749,-17.580232956],[-56.950379275,-17.568634879],[-56.944960906,-17.552949541],[-56.909576284,-17.532546397],[-56.875967463,-17.532972187],[-56.861964572,-17.483906903],[-56.850238779,-17.486781327],[-56.847822962,-17.46400643],[-56.825412504,-17.458891726],[-56.840909858,-17.442008607],[-56.819700851,-17.431691822],[-56.842017966,-17.418189336],[-56.829742821,-17.391325827],[-56.78786206,-17.389544902],[-56.786749281,-17.370504906],[-56.762876249,-17.360639198],[-56.768874514,-17.340858704],[-56.756885596,-17.325686265],[-56.738766449,-17.324499263],[-56.73385418,-17.309860171],[-56.692989211,-17.317483016],[-56.695910061,-17.326938777],[-56.68318141,-17.316566365],[-56.663575016,-17.338829664],[-56.656711266,-17.32144153],[-56.645462798,-17.339347675],[-56.647437936,-17.316987135],[-56.630438682,-17.33420105],[-56.625018292,-17.322085491],[-56.595892302,-17.332544388],[-56.576569921,-17.331054918],[-56.571162801,-17.315301663],[-56.551015583,-17.322876291],[-56.532374175,-17.31296382],[-56.527180413,-17.32115757],[-56.506044781,-17.306044569],[-56.515458389,-17.292824685],[-56.50176881,-17.286325408],[-56.498210241,-17.298710845],[-56.473124968,-17.310011188],[-56.467517574,-17.302279406],[-56.463962401,-17.315667573],[-56.452373708,-17.310175623],[-56.442331038,-17.331282105],[-56.360654859,-17.280844304],[-56.356679472,-17.267049862],[-56.335873648,-17.289948514],[-56.313540994,-17.269429055],[-56.297849827,-17.276588067],[-56.281706063,-17.263434159],[-56.285402335,-17.247418546],[-56.256548142,-17.243791767],[-56.262401355,-17.231233211],[-56.252290863,-17.23416387],[-56.251344818,-17.21902309],[-56.208765612,-17.22726924],[-56.213014958,-17.210614343],[-56.189149535,-17.210368293],[-56.185432013,-17.189232553],[-56.139870026,-17.191191845],[-56.140149409,-17.179503361],[-56.112344148,-17.166348555],[-56.084462019,-17.177663849],[-56.061680433,-17.170710912],[-56.050984218,-17.186948212],[-56.044119323,-17.171395115],[-56.005510237,-17.204196841],[-56.020984575,-17.213642403],[-56.0086276,-17.214190387],[-56.010785369,-17.239043295],[-55.988736358,-17.241516528],[-55.986958269,-17.258480258],[-55.980813689,-17.246700018],[-55.951924379,-17.250198408],[-55.941314061,-17.277883894],[-55.92634049,-17.257859854],[-55.886537859,-17.263899134],[-55.901926346,-17.273400764],[-55.890874773,-17.272332762],[-55.886562171,-17.284764698],[-55.874811142,-17.268634872],[-55.851423132,-17.279274363],[-55.841920156,-17.301232265],[-55.827454833,-17.288372185],[-55.828039376,-17.30660401],[-55.804403511,-17.29942626],[-55.787644458,-17.328645816],[-55.761206604,-17.323532032],[-55.721560458,-17.349495634],[-55.709097464,-17.337615668],[-55.70134675,-17.354129547],[-55.693228644,-17.339890233],[-55.686233155,-17.350870333],[-55.680648876,-17.338984579],[-55.668105119,-17.350687146],[-55.656567341,-17.338262117],[-55.644590162,-17.359221511],[-55.64003011,-17.339717893],[-55.62633981,-17.364029736],[-55.613785442,-17.368106702],[-55.613421477,-17.359851987],[-55.58560906,-17.373617186],[-55.587062812,-17.421706696],[-55.575339019,-17.418799883],[-55.574872707,-17.434665961],[-55.522197555,-17.472102958],[-55.524089275,-17.481176451],[-55.472642137,-17.481356422],[-55.443737368,-17.51177612],[-55.405204447,-17.512396797],[-55.382335045,-17.52547591],[-55.37711328,-17.515042607],[-55.353759876,-17.53161695],[-55.35067283,-17.54855844],[-55.324088187,-17.553029676],[-55.322503284,-17.542433166],[-55.294423107,-17.541726032],[-55.296534669,-17.551115248],[-55.283834692,-17.552157322],[-55.28956181,-17.560312657],[-55.275674892,-17.565072069],[-55.269201228,-17.55677475],[-55.26414007,-17.577921403],[-55.254090171,-17.576946493],[-55.242533786,-17.602123956],[-55.243337676,-17.594306596],[-55.227229582,-17.598843702],[-55.221499688,-17.617099281],[-55.204810062,-17.613759961],[-55.192254818,-17.62824593],[-55.183895188,-17.619805393],[-55.170614021,-17.640834025],[-55.142003293,-17.639287134],[-55.137087533,-17.650187833],[-55.118087538,-17.648833916],[-55.098422335,-17.627543816],[-55.063815284,-17.64245987],[-55.010753243,-17.629340335],[-54.991834138,-17.638399222],[-54.97427554,-17.617047431],[-54.943424422,-17.609028364],[-54.860863812,-17.623853496],[-54.758780918,-17.565696417],[-54.746913033,-17.519942236],[-54.718804503,-17.518364678],[-54.699722932,-17.4973806],[-54.684692774,-17.50717267],[-54.654996586,-17.490159667],[-54.617336159,-17.490423913],[-54.581662815,-17.468006982],[-54.554188445,-17.48866844],[-54.536332026,-17.477585194],[-54.481309181,-17.487664794],[-54.466914874,-17.529074207],[-54.421472394,-17.536495469],[-54.403714412,-17.56454265],[-54.382940985,-17.571532952],[-54.384604514,-17.601364111],[-54.374416825,-17.608577537],[-54.386693136,-17.635362263],[-54.350579975,-17.657106153],[-54.302420402,-17.661660209],[-54.178832797,-17.602851086],[-54.13418721,-17.618726365],[-54.076409713,-17.615749306],[-54.073269317,-17.587801311],[-54.055298562,-17.570341691],[-54.045908012,-17.537227391],[-54.058077104,-17.51312932],[-54.037637811,-17.486448827],[-53.952246711,-17.459337397],[-53.878438843,-17.375198561],[-53.83132333,-17.355020414],[-53.820072737,-17.294615654],[-53.785713264,-17.287515132],[-53.759078391,-17.243142527],[-53.705145026,-17.228153774],[-53.680074906,-17.253569712],[-53.704607467,-17.663509545],[-53.800241598,-17.670789316],[-53.8559091,-17.702717168],[-53.954437106,-17.868616262],[-53.948914883,-17.923423778],[-53.932411059,-17.913173839],[-53.902518264,-17.917289297],[-53.898550618,-17.908802404],[-53.876937794,-17.923528887],[-53.872685845,-17.916864579],[-53.870160107,-17.927398724],[-53.86005534,-17.921159316],[-53.774217179,-18.000770135],[-53.733821885,-17.995334926],[-53.692187729,-18.013676512],[-53.661245372,-17.977512329],[-53.616130351,-17.976188715],[-53.589544699,-18.012611589],[-53.557237285,-18.005654997],[-53.556490791,-18.016430905],[-53.517876832,-18.020648188],[-53.486071178,-18.040400262],[-53.46785016,-18.034893137],[-53.457294342,-17.999699006],[-53.439017319,-17.983926603],[-53.380771189,-18.008757164],[-53.299174122,-17.995482134],[-53.241544388,-18.004709751],[-53.198791635,-18.020306145],[-53.17679343,-18.041580655],[-53.072277514,-18.033975304],[-53.064749411,-17.984536562],[-53.087560269,-17.943523745],[-53.126567719,-17.915421088],[-53.122724916,-17.898274711],[-53.138654979,-17.863963555],[-53.131612768,-17.835526319],[-53.159893979,-17.79603123],[-53.159907803,-17.773463743],[-53.1973449,-17.729243048],[-53.234997018,-17.713819466],[-53.244279939,-17.689949541],[-53.236927108,-17.66732727],[-53.247637117,-17.648042814],[-53.247165438,-17.605066366],[-53.23573099,-17.587291283],[-53.245004547,-17.526280755],[-53.2238491,-17.460994761],[-53.229033086,-17.426785295],[-53.196798273,-17.379796922],[-53.20665667,-17.372076124],[-53.195682422,-17.36071138],[-53.206522397,-17.36161052],[-53.201954356,-17.340922007],[-53.217389906,-17.327218276],[-53.208545561,-17.314057192],[-53.218629786,-17.298086697],[-53.16516064,-17.22094471],[-53.156666217,-17.170684498],[-53.142066802,-17.171359283],[-53.127516698,-17.154575795],[-53.118310267,-17.113220352],[-53.098314665,-17.109098008],[-53.08301695,-17.093634665],[-53.08878135,-17.084988893],[-53.070023174,-17.085716267],[-53.072246454,-17.076649236],[-53.055418092,-17.070598014],[-53.065476293,-17.058193717],[-53.060406964,-17.047085118],[-53.071420961,-17.049605179],[-53.053759823,-17.019104121],[-53.063800394,-17.016260433],[-53.05175188,-17.004049587],[-53.05642049,-16.963856716],[-53.049432579,-16.967548726],[-53.047265014,-16.94929576],[-53.035032926,-16.942473085],[-53.039455107,-16.912693073],[-53.01916661,-16.900223223],[-53.014417178,-16.861579899],[-52.963477351,-16.867090845],[-52.957220973,-16.850469591],[-52.945024619,-16.855191434],[-52.952895372,-16.840949715],[-52.926988783,-16.840717094],[-52.94480258,-16.812978275],[-52.933063034,-16.803141403],[-52.923265406,-16.818218326],[-52.884417699,-16.776407325],[-52.867340351,-16.781241633],[-52.848944216,-16.76599396],[-52.831674903,-16.772110687],[-52.808193219,-16.742277562],[-52.78666485,-16.742728095],[-52.785658542,-16.714447045],[-52.759773424,-16.704012262],[-52.755118967,-16.672283304],[-52.771291382,-16.669425753],[-52.740149358,-16.657017271],[-52.746191783,-16.630698913],[-52.724186046,-16.64697721],[-52.714991914,-16.638791848],[-52.726021616,-16.614496632],[-52.741046368,-16.610691626],[-52.730804184,-16.598213909],[-52.74008468,-16.589957326],[-52.705216243,-16.599267122],[-52.706086367,-16.571929197],[-52.674356395,-16.585284822],[-52.672927337,-16.569626417],[-52.659646009,-16.570950741],[-52.667957535,-16.551069211],[-52.651498236,-16.561994953],[-52.648954294,-16.54731958],[-52.635634479,-16.55177999],[-52.625589551,-16.523017552],[-52.637339717,-16.502856374],[-52.612755941,-16.501754746],[-52.613222278,-16.468846312],[-52.604744873,-16.463454298],[-52.620756212,-16.465333095],[-52.617241314,-16.448972435],[-52.638677782,-16.437558726],[-52.643870843,-16.412011954],[-52.674548755,-16.412404069],[-52.687411957,-16.39900045],[-52.677573985,-16.380425102],[-52.692786995,-16.367152422],[-52.693287057,-16.350084841],[-52.682579986,-16.344129609],[-52.686760194,-16.314891419],[-52.657966688,-16.280075357],[-52.624292756,-16.286693548],[-52.610395534,-16.271746691],[-52.588088919,-16.268813657],[-52.577004593,-16.249463684],[-52.562480829,-16.265151464],[-52.546615619,-16.260879307],[-52.57010916,-16.231040953],[-52.545271991,-16.222610429],[-52.549165909,-16.164995469],[-52.526449902,-16.155393851],[-52.525327239,-16.140462799],[-52.514598447,-16.133364037],[-52.498567396,-16.142139232],[-52.39887931,-16.093342442],[-52.37289403,-16.098129863],[-52.367251969,-16.083308437],[-52.329937883,-16.072175766],[-52.290339516,-15.96554725],[-52.256895267,-15.930884744],[-52.251767624,-15.891668888],[-52.192665445,-15.880842043],[-52.131382126,-15.895498454],[-52.109638937,-15.882653017],[-52.014545684,-15.887019052],[-51.981304073,-15.84250424],[-51.954885743,-15.838651353],[-51.948454922,-15.810098421],[-51.88267011,-15.828485288],[-51.8763102,-15.80205474],[-51.834519488,-15.743831614],[-51.803793805,-15.723705849],[-51.802598928,-15.704335434],[-51.757132063,-15.63344653],[-51.777268068,-15.534985026],[-51.760885967,-15.530063713],[-51.7556134,-15.557415436],[-51.739343571,-15.559276819],[-51.725576429,-15.54412903],[-51.736050286,-15.509896118],[-51.699402789,-15.487912722],[-51.709459498,-15.4594918],[-51.691283235,-15.430895284],[-51.697222609,-15.40918624],[-51.669531044,-15.374421032],[-51.691467701,-15.324914946],[-51.679738062,-15.290064021],[-51.645655139,-15.264995264],[-51.671962599,-15.247809194],[-51.650718203,-15.203303896],[-51.649291957,-15.174674998],[-51.595341836,-15.15518448],[-51.582957138,-15.128358612],[-51.546890659,-15.100465116],[-51.530855559,-15.061676027],[-51.462002855,-15.047979665],[-51.426963234,-15.007665931],[-51.368241861,-15.009573149],[-51.32480328,-14.970419894],[-51.302187646,-14.988590036],[-51.295042025,-15.030248564],[-51.267608711,-15.044413011],[-51.157049988,-14.985611019],[-51.144918082,-14.943410625],[-51.087109835,-14.921348694],[-51.089637503,-14.840180532],[-51.070709519,-14.80996341],[-51.044821256,-14.792838556],[-51.058244929,-14.751669992],[-51.029232994,-14.707408419],[-51.026658635,-14.659358135],[-50.992835512,-14.612457914],[-50.996249389,-14.574610886],[-50.962720577,-14.52390734],[-50.973147745,-14.505176035],[-50.96946616,-14.475259648],[-50.988965096,-14.453571626],[-50.984914857,-14.431917111],[-50.997830643,-14.415674697],[-50.988200546,-14.359968248],[-50.966117197,-14.327116781],[-50.978173263,-14.297243565],[-50.954888926,-14.23321451],[-50.913722603,-14.168509692],[-50.917968603,-14.116091715],[-50.903700846,-14.110223457],[-50.886527191,-14.132128349],[-50.871119413,-14.117929994],[-50.851808919,-14.11762572],[-50.831731721,-14.086052127],[-50.856062633,-14.020967235],[-50.847150798,-13.999794765],[-50.866332894,-13.979648037],[-50.865785301,-13.959844536],[-50.840233605,-13.923681882],[-50.840644297,-13.863788672],[-50.859085498,-13.828704848],[-50.853562986,-13.760976796],[-50.873900593,-13.734475098],[-50.861336929,-13.71863742],[-50.80622579,-13.693814643],[-50.768432663,-13.595520065],[-50.758999753,-13.520315308],[-50.714815617,-13.491473116],[-50.683524949,-13.445191038],[-50.663945647,-13.434956517],[-50.665323742,-13.375565829],[-50.60859569,-13.317595384],[-50.60662944,-13.278938929],[-50.584175468,-13.217696265],[-50.605935811,-13.187510207],[-50.593623682,-13.163657481],[-50.591625524,-13.10795042],[-50.61004427,-13.060369224],[-50.598218259,-13.050806729],[-50.57631336,-13.054137244],[-50.569021392,-13.042495725],[-50.590523784,-13.000426373],[-50.548803989,-12.992820314],[-50.524143803,-12.973651638],[-50.526375653,-12.933930482],[-50.498585638,-12.877265147],[-50.511066499,-12.860767999],[-50.520341471,-12.836394082],[-50.566954537,-12.843423396],[-50.597846744,-12.826775004],[-50.58191618,-12.799379278],[-50.603313477,-12.800462306],[-50.622732049,-12.819736221],[-50.625359465,-12.800019486],[-50.611765947,-12.775896785],[-50.635994172,-12.771860538],[-50.622961849,-12.734638546],[-50.637209764,-12.719781848],[-50.630126246,-12.704530736],[-50.645121933,-12.702239396],[-50.654765782,-12.679179354],[-50.646929436,-12.651121375],[-50.701345814,-12.643459865],[-50.70191484,-12.596634942],[-50.667982255,-12.596009291],[-50.669429004,-12.580765153],[-50.686478547,-12.569204161],[-50.663710521,-12.537433208],[-50.646019693,-12.482110872],[-50.653039103,-12.460073899],[-50.623573665,-12.455283798],[-50.618255037,-12.428992177],[-50.63267527,-12.417103855],[-50.626872491,-12.384031988],[-50.644566926,-12.34590899],[-50.637816131,-12.325286044],[-50.648915457,-12.299089635],[-50.62931507,-12.277006175],[-50.649954086,-12.249125553],[-50.643709809,-12.222964991],[-50.678677259,-12.218849609],[-50.686871796,-12.202153886],[-50.667277596,-12.081168812],[-50.667622742,-12.06456021],[-50.686597771,-12.045133278],[-50.677849237,-12.019513402],[-50.68365257,-11.995586015],[-50.656833875,-11.966849433],[-50.654736396,-11.947986134],[-50.667895549,-11.927767407],[-50.640571003,-11.902689719],[-50.639288208,-11.884566501],[-50.686304519,-11.858995418],[-50.688044759,-11.825041045],[-50.722042017,-11.73969886],[-50.66370212,-11.677527274],[-50.657473855,-11.592806388],[-50.670362335,-11.581463001],[-50.715986651,-11.578953272],[-50.73467783,-11.551458451],[-50.74206313,-11.454906412],[-50.707099141,-11.328165774],[-50.696813536,-11.304657787],[-50.671326563,-11.286741355],[-50.65940538,-11.254862278],[-50.661039468,-11.134717166],[-50.609457426,-11.067445654],[-50.632945555,-10.935942981],[-50.600789123,-10.900683777],[-50.599404561,-10.88446387],[-50.619043731,-10.864094411],[-50.622006585,-10.839417829],[-50.570587733,-10.752504129],[-50.60289775,-10.65823398],[-50.563171876,-10.61132148],[-50.534959781,-10.601750869],[-50.519729307,-10.562478643],[-50.516146403,-10.50390936],[-50.482620475,-10.490038608],[-50.487867339,-10.467972278],[-50.473725445,-10.404905494],[-50.418285345,-10.356281449],[-50.423066561,-10.327441658],[-50.381564515,-10.218912897],[-50.398754556,-10.164100382],[-50.392147768,-10.134031174],[-50.354672544,-10.077169126],[-50.302645504,-10.035411318],[-50.264280326,-9.908497516],[-50.224806382,-9.841153477]]]},"properties":{"CD_UF":51,"NM_UF":"Mato Grosso","SIGLA_UF":"MT","NM_REGIAO":"Centro-oeste","color":"orange"}},{"type":"Feature","geometry":{"type":"Polygon","coordinates":[[[-50.511066499,-12.860767999],[-50.498585638,-12.877265147],[-50.526375653,-12.933930482],[-50.524143803,-12.973651638],[-50.548803989,-12.992820314],[-50.590523784,-13.000426373],[-50.569021392,-13.042495725],[-50.57631336,-13.054137244],[-50.598218259,-13.050806729],[-50.61004427,-13.060369224],[-50.591625524,-13.10795042],[-50.593623682,-13.163657481],[-50.605935811,-13.187510207],[-50.584175468,-13.217696265],[-50.60662944,-13.278938929],[-50.60859569,-13.317595384],[-50.665323742,-13.375565829],[-50.663945647,-13.434956517],[-50.683524949,-13.445191038],[-50.714815617,-13.491473116],[-50.758999753,-13.520315308],[-50.768432663,-13.595520065],[-50.80622579,-13.693814643],[-50.861336929,-13.71863742],[-50.873900593,-13.734475098],[-50.853562986,-13.760976796],[-50.859085498,-13.828704848],[-50.840644297,-13.863788672],[-50.840233605,-13.923681882],[-50.865785301,-13.959844536],[-50.866332894,-13.979648037],[-50.847150798,-13.999794765],[-50.856062633,-14.020967235],[-50.831731721,-14.086052127],[-50.851808919,-14.11762572],[-50.871119413,-14.117929994],[-50.886527191,-14.132128349],[-50.903700846,-14.110223457],[-50.917968603,-14.116091715],[-50.913722603,-14.168509692],[-50.954888926,-14.23321451],[-50.978173263,-14.297243565],[-50.966117197,-14.327116781],[-50.988200546,-14.359968248],[-50.997830643,-14.415674697],[-50.984914857,-14.431917111],[-50.988965096,-14.453571626],[-50.96946616,-14.475259648],[-50.973147745,-14.505176035],[-50.962720577,-14.52390734],[-50.996249389,-14.574610886],[-50.992835512,-14.612457914],[-51.026658635,-14.659358135],[-51.029232994,-14.707408419],[-51.058244929,-14.751669992],[-51.044821256,-14.792838556],[-51.070709519,-14.80996341],[-51.089637503,-14.840180532],[-51.087109835,-14.921348694],[-51.144918082,-14.943410625],[-51.157049988,-14.985611019],[-51.267608711,-15.044413011],[-51.295042025,-15.030248564],[-51.302187646,-14.988590036],[-51.32480328,-14.970419894],[-51.368241861,-15.009573149],[-51.426963234,-15.007665931],[-51.462002855,-15.047979665],[-51.530855559,-15.061676027],[-51.546890659,-15.100465116],[-51.582957138,-15.128358612],[-51.595341836,-15.15518448],[-51.649291957,-15.174674998],[-51.650718203,-15.203303896],[-51.671962599,-15.247809194],[-51.645655139,-15.264995264],[-51.679738062,-15.290064021],[-51.691467701,-15.324914946],[-51.669531044,-15.374421032],[-51.697222609,-15.40918624],[-51.691283235,-15.430895284],[-51.709459498,-15.4594918],[-51.699402789,-15.487912722],[-51.736050286,-15.509896118],[-51.725576429,-15.54412903],[-51.739343571,-15.559276819],[-51.7556134,-15.557415436],[-51.760885967,-15.530063713],[-51.777268068,-15.534985026],[-51.757132063,-15.63344653],[-51.802598928,-15.704335434],[-51.803793805,-15.723705849],[-51.834519488,-15.743831614],[-51.8763102,-15.80205474],[-51.88267011,-15.828485288],[-51.948454922,-15.810098421],[-51.954885743,-15.838651353],[-51.981304073,-15.84250424],[-52.014545684,-15.887019052],[-52.109638937,-15.882653017],[-52.131382126,-15.895498454],[-52.192665445,-15.880842043],[-52.251767624,-15.891668888],[-52.256895267,-15.930884744],[-52.290339516,-15.96554725],[-52.329937883,-16.072175766],[-52.367251969,-16.083308437],[-52.37289403,-16.098129863],[-52.39887931,-16.093342442],[-52.498567396,-16.142139232],[-52.514598447,-16.133364037],[-52.525327239,-16.140462799],[-52.526449902,-16.155393851],[-52.549165909,-16.164995469],[-52.545271991,-16.222610429],[-52.57010916,-16.231040953],[-52.546615619,-16.260879307],[-52.562480829,-16.265151464],[-52.577004593,-16.249463684],[-52.588088919,-16.268813657],[-52.610395534,-16.271746691],[-52.624292756,-16.286693548],[-52.657966688,-16.280075357],[-52.686760194,-16.314891419],[-52.682579986,-16.344129609],[-52.693287057,-16.350084841],[-52.692786995,-16.367152422],[-52.677573985,-16.380425102],[-52.687411957,-16.39900045],[-52.674548755,-16.412404069],[-52.643870843,-16.412011954],[-52.638677782,-16.437558726],[-52.617241314,-16.448972435],[-52.620756212,-16.465333095],[-52.604744873,-16.463454298],[-52.613222278,-16.468846312],[-52.612755941,-16.501754746],[-52.637339717,-16.502856374],[-52.625589551,-16.523017552],[-52.635634479,-16.55177999],[-52.648954294,-16.54731958],[-52.651498236,-16.561994953],[-52.667957535,-16.551069211],[-52.659646009,-16.570950741],[-52.672927337,-16.569626417],[-52.674356395,-16.585284822],[-52.706086367,-16.571929197],[-52.705216243,-16.599267122],[-52.74008468,-16.589957326],[-52.730804184,-16.598213909],[-52.741046368,-16.610691626],[-52.726021616,-16.614496632],[-52.714991914,-16.638791848],[-52.724186046,-16.64697721],[-52.746191783,-16.630698913],[-52.740149358,-16.657017271],[-52.771291382,-16.669425753],[-52.755118967,-16.672283304],[-52.759773424,-16.704012262],[-52.785658542,-16.714447045],[-52.78666485,-16.742728095],[-52.808193219,-16.742277562],[-52.831674903,-16.772110687],[-52.848944216,-16.76599396],[-52.867340351,-16.781241633],[-52.884417699,-16.776407325],[-52.923265406,-16.818218326],[-52.933063034,-16.803141403],[-52.94480258,-16.812978275],[-52.926988783,-16.840717094],[-52.952895372,-16.840949715],[-52.945024619,-16.855191434],[-52.957220973,-16.850469591],[-52.963477351,-16.867090845],[-53.014417178,-16.861579899],[-53.01916661,-16.900223223],[-53.039455107,-16.912693073],[-53.035032926,-16.942473085],[-53.047265014,-16.94929576],[-53.049432579,-16.967548726],[-53.05642049,-16.963856716],[-53.05175188,-17.004049587],[-53.063800394,-17.016260433],[-53.053759823,-17.019104121],[-53.071420961,-17.049605179],[-53.060406964,-17.047085118],[-53.065476293,-17.058193717],[-53.055418092,-17.070598014],[-53.072246454,-17.076649236],[-53.070023174,-17.085716267],[-53.08878135,-17.084988893],[-53.08301695,-17.093634665],[-53.098314665,-17.109098008],[-53.118310267,-17.113220352],[-53.127516698,-17.154575795],[-53.142066802,-17.171359283],[-53.156666217,-17.170684498],[-53.16516064,-17.22094471],[-53.218629786,-17.298086697],[-53.208545561,-17.314057192],[-53.217389906,-17.327218276],[-53.201954356,-17.340922007],[-53.206522397,-17.36161052],[-53.195682422,-17.36071138],[-53.20665667,-17.372076124],[-53.196798273,-17.379796922],[-53.229033086,-17.426785295],[-53.2238491,-17.460994761],[-53.245004547,-17.526280755],[-53.23573099,-17.587291283],[-53.247165438,-17.605066366],[-53.247637117,-17.648042814],[-53.236927108,-17.66732727],[-53.244279939,-17.689949541],[-53.234997018,-17.713819466],[-53.1973449,-17.729243048],[-53.159907803,-17.773463743],[-53.159893979,-17.79603123],[-53.131612768,-17.835526319],[-53.138654979,-17.863963555],[-53.122724916,-17.898274711],[-53.126567719,-17.915421088],[-53.087560269,-17.943523745],[-53.064749411,-17.984536562],[-53.072277514,-18.033975304],[-53.078628803,-18.053029538],[-53.123651668,-18.058828302],[-53.143239997,-18.081836668],[-53.099655709,-18.313619139],[-53.069935801,-18.342879777],[-53.027851745,-18.351596018],[-53.014737166,-18.326883113],[-52.984096296,-18.307326432],[-52.935230138,-18.296554323],[-52.873206705,-18.314833543],[-52.805287095,-18.313454105],[-52.759319632,-18.348070857],[-52.761901552,-18.371310562],[-52.798512562,-18.414861301],[-52.873293657,-18.426791558],[-52.880957287,-18.465492743],[-52.906784403,-18.48551298],[-52.915760461,-18.508902909],[-52.94251102,-18.517030717],[-52.96235136,-18.540819704],[-52.934453647,-18.599112204],[-52.93987107,-18.613262586],[-52.914322239,-18.619819618],[-52.916759639,-18.64029463],[-52.873457326,-18.64619264],[-52.846512827,-18.667123914],[-52.809432293,-18.666980184],[-52.747482638,-18.692025074],[-52.681346721,-18.678679927],[-52.633682448,-18.695556556],[-52.59286793,-18.689891575],[-52.54675376,-18.656651682],[-52.455204698,-18.68797623],[-52.409840014,-18.754982822],[-52.369791135,-18.799248705],[-52.354035208,-18.800205101],[-52.346425387,-18.821431786],[-52.309033367,-18.839715172],[-52.263761304,-18.827808973],[-52.251478537,-18.839578885],[-52.18147315,-18.847915392],[-52.157176105,-18.888432211],[-52.111707978,-18.899299307],[-52.091650882,-18.944032284],[-52.018643297,-18.963495779],[-52.015595644,-18.98277884],[-51.998898002,-18.967744416],[-51.978200095,-18.980810561],[-51.968282599,-18.966697166],[-51.951506356,-18.980708769],[-51.940088056,-18.967660999],[-51.898808566,-18.994184435],[-51.891227014,-19.016973782],[-51.854388065,-19.051849138],[-51.842760565,-19.042301909],[-51.841315481,-19.057140367],[-51.818365801,-19.053584157],[-51.791334638,-19.078130627],[-51.744303572,-19.085969803],[-51.74148705,-19.100597312],[-51.711905536,-19.10302332],[-51.699971211,-19.119678961],[-51.657950695,-19.137919462],[-51.639639854,-19.127429817],[-51.609197707,-19.140876527],[-51.576669695,-19.126559383],[-51.501475049,-19.147780136],[-51.493922983,-19.162995499],[-51.474246013,-19.154061189],[-51.458247186,-19.167587839],[-51.446219831,-19.159488336],[-51.438084748,-19.171695828],[-51.420474038,-19.166537149],[-51.398227094,-19.194632875],[-51.375112035,-19.194639619],[-51.368747567,-19.221511168],[-51.307811431,-19.21853085],[-51.307913513,-19.237940954],[-51.252215913,-19.274076108],[-51.224274683,-19.258184692],[-51.202969993,-19.261235056],[-51.180498686,-19.283535505],[-51.087964685,-19.308332],[-51.05079973,-19.335070695],[-51.042437351,-19.360611277],[-51.017997979,-19.383877091],[-51.030721894,-19.401438486],[-51.006129864,-19.399089097],[-51.00482454,-19.413115289],[-50.985055955,-19.410413611],[-50.985302195,-19.431382844],[-50.950800954,-19.443450323],[-50.934997778,-19.467477485],[-50.849386862,-19.498136683],[-50.830451343,-19.492275575],[-50.826358373,-19.471314462],[-50.875972092,-19.415034657],[-50.822663608,-19.29513087],[-50.747639814,-19.23851472],[-50.738393881,-19.189157954],[-50.67779993,-19.172514859],[-50.67805027,-19.13810697],[-50.585023495,-19.137385095],[-50.539454958,-19.102357726],[-50.498743178,-19.034027323],[-50.508822063,-18.935732266],[-50.450060671,-18.901831798],[-50.423492673,-18.832653194],[-50.375595579,-18.811498063],[-50.323768585,-18.712203255],[-50.296098857,-18.69123977],[-50.250263373,-18.677891083],[-50.198876875,-18.679079883],[-50.164288026,-18.664352469],[-50.08004311,-18.672243791],[-50.020064345,-18.599363479],[-49.931651476,-18.623993054],[-49.880095586,-18.609560272],[-49.836153521,-18.636689599],[-49.784819601,-18.64224767],[-49.768529661,-18.610986399],[-49.73282625,-18.616022999],[-49.682054412,-18.588847532],[-49.639714529,-18.600139044],[-49.651706018,-18.561115977],[-49.552377689,-18.544116488],[-49.542393842,-18.527423785],[-49.547823674,-18.503396547],[-49.533914516,-18.492515031],[-49.491701976,-18.496367512],[-49.481830304,-18.561030148],[-49.432401518,-18.60674395],[-49.413037696,-18.642273849],[-49.384009366,-18.644728257],[-49.343228569,-18.59802002],[-49.32897694,-18.563841144],[-49.294084746,-18.565248143],[-49.286752444,-18.538908622],[-49.249356955,-18.523509688],[-49.228424427,-18.479854067],[-49.194109931,-18.452446633],[-49.210098755,-18.414781528],[-49.161300557,-18.41693501],[-49.126281712,-18.382507056],[-49.108806638,-18.383845506],[-49.111477728,-18.402010567],[-49.077039877,-18.416780393],[-49.048700469,-18.397498859],[-49.036273692,-18.372219983],[-48.995996668,-18.37094026],[-48.981501217,-18.356374248],[-48.984195366,-18.341412531],[-48.933171575,-18.305454009],[-48.837134701,-18.34148082],[-48.828024927,-18.375248807],[-48.816361609,-18.379661166],[-48.798280001,-18.358555878],[-48.757723381,-18.344761087],[-48.697747017,-18.350166256],[-48.647169671,-18.343890624],[-48.633824887,-18.327648448],[-48.597272537,-18.33481111],[-48.561414654,-18.323886466],[-48.554542636,-18.34694942],[-48.51564919,-18.366415906],[-48.484806508,-18.353631986],[-48.48123525,-18.380138665],[-48.445660872,-18.35530136],[-48.436573907,-18.365305931],[-48.409773312,-18.355390064],[-48.403657777,-18.371187261],[-48.349522294,-18.366391138],[-48.308079123,-18.384960525],[-48.3149483,-18.364155179],[-48.279074273,-18.331534059],[-48.262408119,-18.331885042],[-48.255400412,-18.343989062],[-48.226724388,-18.345770076],[-48.220957552,-18.36228604],[-48.161359796,-18.372234663],[-48.147796967,-18.408207762],[-48.109342167,-18.429129136],[-48.078194088,-18.430538674],[-48.055825646,-18.413242328],[-48.00933434,-18.454268993],[-47.980910267,-18.442861179],[-47.979212106,-18.475963589],[-47.96495966,-18.477357033],[-47.954937045,-18.500280322],[-47.914273995,-18.466577837],[-47.868182421,-18.474398512],[-47.863322815,-18.464835174],[-47.873652883,-18.459150318],[-47.857963854,-18.43901257],[-47.831938361,-18.449783113],[-47.831182144,-18.414054211],[-47.810571998,-18.400115443],[-47.779016824,-18.424135105],[-47.747876107,-18.411606734],[-47.757124918,-18.396551548],[-47.733292508,-18.375899046],[-47.740570906,-18.36383977],[-47.7168546,-18.362088191],[-47.704240281,-18.380070982],[-47.686460263,-18.35745698],[-47.670708696,-18.357474656],[-47.657573604,-18.327803791],[-47.648154691,-18.340698542],[-47.626184552,-18.334297519],[-47.610612855,-18.313335996],[-47.638770035,-18.287678127],[-47.61901987,-18.271711109],[-47.620872872,-18.253100939],[-47.607298184,-18.263888345],[-47.607815949,-18.245412278],[-47.581798426,-18.235105448],[-47.58862232,-18.227036499],[-47.570954615,-18.22032459],[-47.567568416,-18.203864314],[-47.536240303,-18.194875051],[-47.533739463,-18.230705641],[-47.515593691,-18.196378379],[-47.484932086,-18.193529456],[-47.485733953,-18.182349651],[-47.463958654,-18.177360273],[-47.451238806,-18.159171583],[-47.43004122,-18.165813796],[-47.428787267,-18.139284838],[-47.412406763,-18.147706685],[-47.396873605,-18.141864425],[-47.407322039,-18.131752078],[-47.393789321,-18.1162413],[-47.386094801,-18.121212475],[-47.355879211,-18.105112972],[-47.357795358,-18.085021459],[-47.346876187,-18.088239073],[-47.322767729,-18.069690128],[-47.302434757,-18.073736037],[-47.305545775,-18.063698205],[-47.28320542,-18.058236198],[-47.282845314,-18.040893112],[-47.300783821,-18.027022476],[-47.296848682,-18.009393262],[-47.319177691,-17.996036321],[-47.31384624,-17.963223734],[-47.340592786,-17.937407542],[-47.338406065,-17.912486174],[-47.357066168,-17.897788835],[-47.353708525,-17.870923383],[-47.373060816,-17.829951386],[-47.352040879,-17.81513375],[-47.354481791,-17.787540134],[-47.332712006,-17.766619349],[-47.342729719,-17.744458994],[-47.317845702,-17.726635894],[-47.313684871,-17.699017678],[-47.270344027,-17.675289628],[-47.281378204,-17.653246802],[-47.265793163,-17.610443785],[-47.329627738,-17.524706998],[-47.374537611,-17.523921377],[-47.398637381,-17.512216865],[-47.457100095,-17.538398668],[-47.477711503,-17.511332611],[-47.494484529,-17.526811443],[-47.514295639,-17.460806199],[-47.541185237,-17.454303912],[-47.521427732,-17.423873275],[-47.537578004,-17.410386376],[-47.523208611,-17.409266708],[-47.538826283,-17.388800629],[-47.513933391,-17.374639168],[-47.521678459,-17.3528125],[-47.504460094,-17.338243371],[-47.513262638,-17.327483729],[-47.465293605,-17.355853499],[-47.460043732,-17.344150506],[-47.440790092,-17.347702821],[-47.454877462,-17.32973889],[-47.435377105,-17.317005279],[-47.422866182,-17.323089309],[-47.429371054,-17.308037614],[-47.419204083,-17.295447461],[-47.434459152,-17.27621848],[-47.417848222,-17.270462885],[-47.422906714,-17.260564436],[-47.407347823,-17.256722691],[-47.40781559,-17.245956086],[-47.384227318,-17.247782926],[-47.375980819,-17.21715505],[-47.36264628,-17.22270846],[-47.360845802,-17.204619697],[-47.349894834,-17.20232886],[-47.363044779,-17.186492973],[-47.340177253,-17.187387116],[-47.35320483,-17.180231419],[-47.35198746,-17.166499406],[-47.333904859,-17.165293059],[-47.327680048,-17.148335865],[-47.323681987,-17.155629894],[-47.311041841,-17.146318321],[-47.307375391,-17.15901276],[-47.295818793,-17.138622955],[-47.282710098,-17.144099596],[-47.281957516,-17.114893234],[-47.273594459,-17.103576385],[-47.265933539,-17.113608501],[-47.256516368,-17.09314302],[-47.248176183,-17.098556554],[-47.247728746,-17.081767864],[-47.229733879,-17.089651216],[-47.22379228,-17.075692003],[-47.207680561,-17.08035511],[-47.207868822,-17.066851391],[-47.19103861,-17.069625414],[-47.195125472,-17.059460741],[-47.180370983,-17.062808017],[-47.184450988,-17.035960374],[-47.166972786,-17.047492147],[-47.161564576,-17.029351546],[-47.146841381,-17.031253656],[-47.131119182,-17.008169717],[-47.143736558,-17.010281083],[-47.140175988,-16.997172669],[-47.151124907,-16.997351096],[-47.125931864,-16.981768269],[-47.166592732,-16.952636278],[-47.156928788,-16.94141976],[-47.174196932,-16.931937763],[-47.160072236,-16.920600527],[-47.180926675,-16.902329055],[-47.197791253,-16.910021108],[-47.19343179,-16.89748046],[-47.202984306,-16.890392836],[-47.193179467,-16.883158597],[-47.209343103,-16.865492474],[-47.200011147,-16.861529041],[-47.205962636,-16.839868033],[-47.193525115,-16.825206296],[-47.212007849,-16.828853787],[-47.207459125,-16.819864916],[-47.22036411,-16.807850792],[-47.217231684,-16.780066874],[-47.230904058,-16.775409391],[-47.223428871,-16.761821198],[-47.235988704,-16.755385544],[-47.221647896,-16.726301054],[-47.227649426,-16.713485002],[-47.251480726,-16.705498558],[-47.246601703,-16.682467592],[-47.258954205,-16.678974909],[-47.250155944,-16.666815283],[-47.259816682,-16.667790822],[-47.259829606,-16.654962145],[-47.277234624,-16.660049082],[-47.286511269,-16.634058736],[-47.321268049,-16.618668787],[-47.318540772,-16.603558961],[-47.335349153,-16.616909725],[-47.342840401,-16.592357335],[-47.356872884,-16.588733704],[-47.376678279,-16.600871119],[-47.377376961,-16.579511678],[-47.387790753,-16.579304271],[-47.386898395,-16.588862232],[-47.394015958,-16.574133396],[-47.412874085,-16.575858617],[-47.405073986,-16.556493345],[-47.443710666,-16.541579297],[-47.460069754,-16.505096763],[-47.453824275,-16.465592952],[-47.42952158,-16.44265873],[-47.427176527,-16.394161325],[-47.366274477,-16.331498448],[-47.350855962,-16.274743204],[-47.327999694,-16.249220979],[-47.330191448,-16.214347229],[-47.322119827,-16.208775194],[-47.336322856,-16.20158759],[-47.331956676,-16.171739204],[-47.345012327,-16.164066832],[-47.340956495,-16.148099248],[-47.350374676,-16.148128279],[-47.352732173,-16.132830344],[-47.337763159,-16.128483731],[-47.333134754,-16.08588628],[-47.31134463,-16.088132698],[-47.308504115,-16.049971389],[-48.277811196,-16.049597847],[-48.250185479,-15.94759623],[-48.260858694,-15.928034179],[-48.276364242,-15.93123756],[-48.271648264,-15.883715044],[-48.285121465,-15.836774175],[-48.266713798,-15.806862629],[-48.241036158,-15.799256261],[-48.209686312,-15.754044046],[-48.208884103,-15.71536118],[-48.240577182,-15.706361511],[-48.241330973,-15.686706469],[-48.234160185,-15.641909136],[-48.218215445,-15.623335903],[-48.199729833,-15.622913956],[-48.200008972,-15.50227825],[-47.418406917,-15.501819891],[-47.41778665,-15.546259041],[-47.402765098,-15.54745644],[-47.376516671,-15.57666761],[-47.31556428,-15.594918432],[-47.333929398,-15.629582912],[-47.331472047,-15.683504526],[-47.312489559,-15.697287125],[-47.321016787,-15.721261654],[-47.313045102,-15.74209196],[-47.355405482,-15.823449716],[-47.367380583,-15.828462226],[-47.380700598,-15.881246687],[-47.361200065,-15.925718579],[-47.373567131,-15.937078014],[-47.377154688,-15.986614506],[-47.369054161,-16.00325952],[-47.348598542,-16.006216886],[-47.310006188,-16.036273508],[-47.300501636,-16.017052176],[-47.276535412,-16.006165475],[-47.254078585,-16.019192798],[-47.219529255,-16.014243799],[-47.207801132,-15.987461128],[-47.185111516,-15.982905029],[-47.186935903,-15.971306648],[-47.170256941,-15.973203912],[-47.168601053,-15.952226527],[-47.14195362,-15.926636762],[-47.131514538,-15.93425115],[-47.134569444,-15.950188901],[-47.125657883,-15.94379014],[-47.085165989,-15.96149278],[-47.052789931,-15.93791487],[-46.807499122,-15.880775991],[-46.824507937,-15.8123262],[-46.813148974,-15.787204278],[-46.827147527,-15.729971153],[-46.855702655,-15.683124484],[-46.854883477,-15.618300545],[-46.917747597,-15.590007772],[-46.948687994,-15.557844407],[-46.929313312,-15.439939655],[-46.911929536,-15.411545539],[-46.8494784,-15.373163954],[-46.869480259,-15.361474164],[-46.835675834,-15.325127735],[-46.875336944,-15.283923322],[-46.889318348,-15.282246914],[-46.891484558,-15.235259605],[-46.927655345,-15.255095316],[-46.940866606,-15.23070156],[-46.937346925,-15.205019801],[-46.888443071,-15.115644857],[-46.897763395,-15.094217236],[-46.926037414,-15.073562413],[-46.920591843,-15.05085905],[-46.844341956,-15.009081673],[-46.726477063,-15.038415464],[-46.628059541,-15.08949049],[-46.575308425,-15.083631868],[-46.551319684,-15.063875641],[-46.503608073,-15.053433332],[-46.530810694,-15.005278544],[-46.517288626,-14.972864602],[-46.540837548,-14.95160356],[-46.546535949,-14.925444478],[-46.521555999,-14.85117951],[-46.533894947,-14.828270607],[-46.560256169,-14.820655837],[-46.566281779,-14.788395655],[-46.543228097,-14.768673181],[-46.544192206,-14.753012387],[-46.510281782,-14.738260626],[-46.501113683,-14.703025897],[-46.469029467,-14.708217653],[-46.463139717,-14.731174375],[-46.447361748,-14.731676864],[-46.365783618,-14.795406034],[-46.322199867,-14.814580294],[-46.32491724,-14.847787608],[-46.300472462,-14.858078701],[-46.319335817,-14.90043901],[-46.294670011,-14.90861312],[-46.286864755,-14.928145712],[-46.233702115,-14.921528192],[-46.224468801,-14.941731449],[-46.205807145,-14.937163503],[-46.175550547,-14.949425184],[-46.161553725,-14.931048219],[-46.161420614,-14.906172732],[-46.14574807,-14.926515173],[-46.120300114,-14.920058568],[-46.110393031,-14.937015213],[-46.096192661,-14.938767898],[-46.084836198,-14.932019926],[-46.079336057,-14.904843094],[-46.062340785,-14.907989846],[-46.039378504,-14.875251519],[-46.025286895,-14.855756467],[-46.041197874,-14.826494563],[-46.018671851,-14.818549656],[-45.998753029,-14.770814274],[-46.005503719,-14.688998025],[-46.020864973,-14.691073503],[-46.027969065,-14.681007515],[-46.010516442,-14.66218997],[-45.989515001,-14.658844981],[-45.994814275,-14.6396569],[-45.984398663,-14.621878671],[-45.997888389,-14.603577702],[-45.985255089,-14.578132633],[-45.991277226,-14.55478297],[-45.975308323,-14.538929843],[-46.000136151,-14.522742316],[-45.99608498,-14.488405958],[-46.019003109,-14.472071183],[-46.000073396,-14.446622189],[-46.010183701,-14.425695654],[-45.975806382,-14.43424801],[-45.93264289,-14.409859256],[-45.907155329,-14.355189846],[-45.915143312,-14.344644777],[-45.942214581,-14.343255009],[-45.962556539,-14.286036475],[-45.981840421,-14.273508791],[-45.99756234,-14.277755847],[-45.9954281,-14.256157743],[-46.026408532,-14.260908331],[-46.033300264,-14.247679415],[-46.052936546,-14.244791044],[-46.061048272,-14.195484567],[-46.10188288,-14.208318288],[-46.100689637,-14.191508675],[-46.122664697,-14.190602094],[-46.111022632,-14.172711252],[-46.118140894,-14.159949346],[-46.184100319,-14.156948062],[-46.224392227,-14.105027646],[-46.230724825,-14.059523697],[-46.208151679,-14.016136234],[-46.224260507,-14.003607057],[-46.220066011,-13.9754228],[-46.254487318,-13.967463946],[-46.266989011,-13.917497838],[-46.262116365,-13.889317917],[-46.232474724,-13.848607375],[-46.249767299,-13.829625721],[-46.273631009,-13.828779748],[-46.263903674,-13.8073958],[-46.281495542,-13.795109503],[-46.222936802,-13.76540294],[-46.262857191,-13.73481729],[-46.235603345,-13.709850224],[-46.240672813,-13.694429151],[-46.263632903,-13.69139298],[-46.237641072,-13.652126397],[-46.16274536,-13.603642125],[-46.18725513,-13.575419342],[-46.247452542,-13.57866042],[-46.237043742,-13.554908787],[-46.247257121,-13.521688687],[-46.225227637,-13.503029345],[-46.237063707,-13.487150376],[-46.208963932,-13.465562769],[-46.224627525,-13.439567682],[-46.24952245,-13.431308946],[-46.13547312,-13.375524242],[-46.068275462,-13.29544179],[-46.103219429,-13.25751019],[-46.292486945,-13.316930099],[-46.317902001,-13.305227828],[-46.299985903,-13.282881758],[-46.29992571,-13.257677313],[-46.329131773,-13.248486406],[-46.304348254,-13.205979499],[-46.302980406,-13.186404783],[-46.31671084,-13.183260859],[-46.29518078,-13.141874512],[-46.319794273,-13.104231365],[-46.335788771,-13.097657946],[-46.301098498,-13.074311749],[-46.275533759,-13.020213309],[-46.193811819,-12.996752372],[-46.12466356,-12.959820385],[-46.105535565,-12.932733348],[-46.113481311,-12.917812339],[-46.176999991,-12.939627333],[-46.194553081,-12.956672586],[-46.364279399,-12.991359793],[-46.376925594,-12.963392229],[-46.360698487,-12.908835398],[-46.36619442,-12.864853403],[-46.376277717,-12.850252429],[-46.408285646,-12.845791693],[-46.417624702,-12.823458179],[-46.432793729,-12.930719941],[-46.446017772,-12.936242476],[-46.45464987,-12.97115261],[-46.750610975,-12.969155007],[-46.819698067,-13.002469694],[-46.854559293,-13.067308196],[-46.868842007,-13.068516638],[-46.879038703,-13.048833109],[-46.892922842,-13.053224575],[-46.929095937,-13.092883729],[-46.978582358,-13.121593895],[-46.978872295,-13.131575597],[-47.001144168,-13.121377868],[-47.019392372,-13.145780548],[-47.080844803,-13.161960341],[-47.087347247,-13.182421117],[-47.097312343,-13.171786719],[-47.105368152,-13.181695251],[-47.108961263,-13.171038957],[-47.132592997,-13.178500007],[-47.135232258,-13.203151693],[-47.153047029,-13.209968101],[-47.183189331,-13.205701024],[-47.175234204,-13.195137428],[-47.182849753,-13.188105961],[-47.228227695,-13.194323276],[-47.251538194,-13.212379955],[-47.248207125,-13.230122491],[-47.267848507,-13.238376323],[-47.282151271,-13.26490908],[-47.294537998,-13.248929858],[-47.32299261,-13.258304866],[-47.377100285,-13.229465766],[-47.394343573,-13.246670219],[-47.392409045,-13.262351715],[-47.41615156,-13.270326581],[-47.42706631,-13.29066089],[-47.455097654,-13.249377014],[-47.431286876,-13.23803457],[-47.435758332,-13.227100786],[-47.487121452,-13.220247068],[-47.478887719,-13.18514032],[-47.509870629,-13.189868144],[-47.523906674,-13.181934039],[-47.541402476,-13.19236684],[-47.563074357,-13.184229494],[-47.562518184,-13.122624795],[-47.634228511,-13.103111728],[-47.650711504,-13.133350992],[-47.64450873,-13.149858221],[-47.669987347,-13.168300721],[-47.655346429,-13.177875298],[-47.668896951,-13.209403595],[-47.654625472,-13.220334563],[-47.657453716,-13.234715328],[-47.640485168,-13.263207367],[-47.656817595,-13.276900853],[-47.662207768,-13.303847867],[-47.650128497,-13.351248552],[-47.622731111,-13.367662918],[-47.678986046,-13.467712663],[-47.821219667,-13.312607657],[-47.88357937,-13.320508772],[-47.935880963,-13.290722592],[-47.943825571,-13.30706168],[-47.96632364,-13.315258718],[-47.98679889,-13.276868315],[-48.024320871,-13.27919243],[-48.033125305,-13.253976177],[-48.052464255,-13.255820687],[-48.06245881,-13.235397076],[-48.079129208,-13.242952557],[-48.072299915,-13.267615447],[-48.083017299,-13.288778323],[-48.16540426,-13.305788894],[-48.153737423,-13.279194935],[-48.156489207,-13.250276438],[-48.168653935,-13.237914454],[-48.153327623,-13.219670328],[-48.165772556,-13.189990752],[-48.146654349,-13.15201119],[-48.18882456,-13.153655716],[-48.195850524,-13.173015927],[-48.231883311,-13.168168678],[-48.250891968,-13.196991295],[-48.287911625,-13.203988819],[-48.307103707,-13.235442648],[-48.342128586,-13.228398623],[-48.336936248,-13.247082859],[-48.360880491,-13.242637407],[-48.385683091,-13.266073122],[-48.429855519,-13.271579705],[-48.441712771,-13.292367397],[-48.46024253,-13.280760596],[-48.457107564,-13.248693238],[-48.475277214,-13.235732184],[-48.473630963,-13.137410581],[-48.488024859,-13.142777814],[-48.50793806,-13.127998269],[-48.522078422,-13.140960378],[-48.530385082,-13.192560329],[-48.554609676,-13.204967126],[-48.55360988,-13.301981716],[-48.586410646,-13.31761395],[-48.600546862,-13.295160551],[-48.58763938,-13.254749518],[-48.600573865,-13.238628164],[-48.583312561,-13.222147525],[-48.577943992,-13.17414743],[-48.596765784,-13.152628084],[-48.577100551,-13.125674875],[-48.58565762,-13.106074336],[-48.59663512,-13.1068718],[-48.588935316,-13.099570843],[-48.602341458,-13.059170729],[-48.627729955,-13.052155096],[-48.638499251,-13.016104457],[-48.671662823,-12.995726654],[-48.71781168,-13.002319178],[-48.733662491,-12.980641354],[-48.73657701,-12.92102479],[-48.814552409,-12.864125627],[-48.820942946,-12.844303463],[-48.842361702,-12.844404501],[-48.846769938,-12.809802498],[-48.870081171,-12.803478586],[-48.86855916,-12.815880671],[-48.879722684,-12.817512198],[-48.975629552,-12.957194012],[-49.02302191,-12.907123859],[-49.0500646,-12.912940641],[-49.078835156,-12.903555878],[-49.087855863,-12.888423689],[-49.067523215,-12.847334994],[-49.10622229,-12.836104664],[-49.119082727,-12.790361754],[-49.196526762,-12.867255015],[-49.237413606,-12.884074543],[-49.251167874,-12.930331615],[-49.279027047,-12.969162831],[-49.278863635,-12.98901388],[-49.354395957,-13.102984657],[-49.341948856,-13.127205312],[-49.35483235,-13.153778522],[-49.339426219,-13.250798498],[-49.36952927,-13.274619451],[-49.913601175,-12.965553734],[-49.952767688,-12.959796785],[-50.00895746,-12.931312862],[-50.04446004,-12.933490052],[-50.07889589,-12.905937323],[-50.109717322,-12.911402953],[-50.160651647,-12.893659042],[-50.183427295,-12.896769033],[-50.225121773,-12.874297557],[-50.231542064,-12.854153606],[-50.292651589,-12.839916454],[-50.311283533,-12.798546716],[-50.29550765,-12.753485828],[-50.302260094,-12.745703767],[-50.284233954,-12.718183447],[-50.299596182,-12.706650998],[-50.300108976,-12.680890685],[-50.293898555,-12.676704671],[-50.292731329,-12.688509256],[-50.281207517,-12.688996303],[-50.278393472,-12.678061082],[-50.266821461,-12.682450732],[-50.262425446,-12.637712725],[-50.255172404,-12.625009493],[-50.236979729,-12.624029716],[-50.245708595,-12.597365015],[-50.238206952,-12.579587258],[-50.227228813,-12.58651509],[-50.193175309,-12.564308072],[-50.203508678,-12.553583537],[-50.212060198,-12.561470702],[-50.229395456,-12.533902665],[-50.217674859,-12.488896848],[-50.201317112,-12.461314563],[-50.159560457,-12.431040172],[-50.14486798,-12.395210303],[-50.171421223,-12.406953601],[-50.17509404,-12.423729601],[-50.196584716,-12.413341181],[-50.185202469,-12.432631428],[-50.212337977,-12.437118156],[-50.20761483,-12.448807108],[-50.22256447,-12.446110944],[-50.263204137,-12.478179862],[-50.307842438,-12.494375623],[-50.325149534,-12.507902769],[-50.314144627,-12.521538894],[-50.330245532,-12.51502598],[-50.331285548,-12.535486179],[-50.365926939,-12.546066164],[-50.358532223,-12.553760067],[-50.36978153,-12.559984619],[-50.366508873,-12.571445456],[-50.398814977,-12.602165151],[-50.39108882,-12.611690605],[-50.418651044,-12.624601403],[-50.413343007,-12.650140107],[-50.427370344,-12.642461638],[-50.440870733,-12.653271592],[-50.427953246,-12.652965448],[-50.43700591,-12.661295122],[-50.4353761,-12.694310897],[-50.461784009,-12.69427811],[-50.478066189,-12.709950154],[-50.466229129,-12.731486893],[-50.486013732,-12.748570169],[-50.468534998,-12.755397954],[-50.493874592,-12.785657061],[-50.484841508,-12.81196065],[-50.511066499,-12.860767999]]]},"properties":{"CD_UF":52,"NM_UF":"Goiás","SIGLA_UF":"GO","NM_REGIAO":"Centro-oeste","color":"orange"}},{"type":"Feature","geometry":{"type":"Polygon","coordinates":[[[-47.310006188,-16.036273508],[-47.348598542,-16.006216886],[-47.369054161,-16.00325952],[-47.377154688,-15.986614506],[-47.373567131,-15.937078014],[-47.361200065,-15.925718579],[-47.380700598,-15.881246687],[-47.367380583,-15.828462226],[-47.355405482,-15.823449716],[-47.313045102,-15.74209196],[-47.321016787,-15.721261654],[-47.312489559,-15.697287125],[-47.331472047,-15.683504526],[-47.333929398,-15.629582912],[-47.31556428,-15.594918432],[-47.376516671,-15.57666761],[-47.402765098,-15.54745644],[-47.41778665,-15.546259041],[-47.418406917,-15.501819891],[-48.200008972,-15.50227825],[-48.199729833,-15.622913956],[-48.218215445,-15.623335903],[-48.234160185,-15.641909136],[-48.241330973,-15.686706469],[-48.240577182,-15.706361511],[-48.208884103,-15.71536118],[-48.209686312,-15.754044046],[-48.241036158,-15.799256261],[-48.266713798,-15.806862629],[-48.285121465,-15.836774175],[-48.271648264,-15.883715044],[-48.276364242,-15.93123756],[-48.260858694,-15.928034179],[-48.250185479,-15.94759623],[-48.277811196,-16.049597847],[-47.308504115,-16.049971389],[-47.310006188,-16.036273508]]]},"properties":{"CD_UF":53,"NM_UF":"Distrito Federal","SIGLA_UF":"DF","NM_REGIAO":"Centro-oeste","color":"orange"}}]}